Command: vcs -timescale=1ns/1fs -j4 -sverilog +v2k -full64 -Mupdate -R -debug_access+all \
-f filelist.f -o simv -l vcs.log -y /usr/cad/synopsys/synthesis/cur/dw/sim_ver/ +define+RTL \
+libext+.v +notimingchecks
*** Using c compiler gcc instead of cc ...
                         Chronologic VCS (TM)
         Version T-2022.06_Full64 -- Tue May 19 10:36:36 2026

                    Copyright (c) 1991 - 2022 Synopsys, Inc.
   This software and the associated documentation are proprietary to Synopsys,
 Inc. This software may only be used in accordance with the terms and conditions
 of a written license agreement with Synopsys, Inc. All other use, reproduction,
   or distribution of this software is strictly prohibited.  Licensed Products
     communicate with Synopsys servers for the purpose of providing software
    updates, detecting software piracy and verifying that customers are using
    Licensed Products in conformity with the applicable License Key for such
  Licensed Products. Synopsys will use information gathered in connection with
    this process to deliver software updates and pursue software pirates and
                                   infringers.

 Inclusivity & Diversity - Visit SolvNetPlus to read the "Synopsys Statement on
            Inclusivity and Diversity" (Refer to article 000036315 at
                        https://solvnetplus.synopsys.com)

Parsing design file 'TESTBED.sv'
Parsing included file 'PATTERN.sv'.
Back to file 'TESTBED.sv'.
Parsing included file 'CPU.sv'.
Back to file 'TESTBED.sv'.
Top Level Modules:
       TESTBED
TimeScale is 1 ns / 1 ps
Starting vcs inline pass...


Note-[VCS_PARAL] Parallel code-gen enabled
  VCS is running with parallel code generation(-j)...

2 modules and 0 UDP read.
recompiling module PATTERN
	However, due to incremental compilation, only 1 module needs to be compiled. 
make[1]: Entering directory `/RAID2/COURSE/2026_Spring/es26dcs/es26dcs151/HW05/01_RTL/csrc' \

rm -f _cuarc*.so _csrc*.so pre_vcsobj_*.so share_vcsobj_*.so
ld -shared  -Bsymbolic   -o .//../simv.daidir//_cuarc0.so objs/amcQw_d.o 
rm -f _cuarc0.so
if [ -x ../simv ]; then chmod a-x ../simv; fi
g++  -o ../simv      -rdynamic  -Wl,-rpath='$ORIGIN'/simv.daidir -Wl,-rpath=./simv.daidir \
-Wl,-rpath=/usr/cad/synopsys/vcs/2022.06/linux64/lib -L/usr/cad/synopsys/vcs/2022.06/linux64/lib \
-Wl,-rpath-link=./  /usr/lib64/libnuma.so.1     _36811_archive_1.so _36830_archive_1.so \
_prev_archive_1.so _cuarc0.so  SIM_l.o      rmapats_mop.o rmapats.o rmar.o rmar_nd.o \
rmar_llvm_0_1.o rmar_llvm_0_0.o           -lvirsim -lerrorinf -lsnpsmalloc -lvfs \
-lvcsnew -lsimprofile -luclinative /usr/cad/synopsys/vcs/2022.06/linux64/lib/vcs_tls.o \
-Wl,-whole-archive  -lvcsucli    -Wl,-no-whole-archive        _vcs_pli_stub_.o   \
/usr/cad/synopsys/vcs/2022.06/linux64/lib/vcs_save_restore_new.o /usr/cad/synopsys/verdi/2019.06//share/PLI/VCS/LINUX64/pli.a \
-ldl  -lc -lm -lpthread -ldl 
../simv up to date
make[1]: Leaving directory `/RAID2/COURSE/2026_Spring/es26dcs/es26dcs151/HW05/01_RTL/csrc' \

Command: /RAID2/COURSE/2026_Spring/es26dcs/es26dcs151/HW05/01_RTL/./simv +v2k -a vcs.log +define+RTL +libext+.v +notimingchecks
Chronologic VCS simulator copyright 1991-2022
Contains Synopsys proprietary information.
Compiler version T-2022.06_Full64; Runtime version T-2022.06_Full64;  May 19 10:36 2026
*Verdi* Loading libsscore_vcs201906.so
FSDB Dumper for VCS, Release Verdi_P-2019.06, Linux x86_64/64bit, 05/26/2019
(C) 1996 - 2019 by Synopsys, Inc.
***********************************************************************
*  ERROR -                                                            *
*  The simulator version is newer than the FSDB dumper version which  *
*  may cause abnormal behavior, please contact Synopsys support for   *
*  assistance.                                                        *
***********************************************************************
*Verdi* FSDB WARNING: The FSDB file already exists. Overwriting the FSDB file may crash the programs that are using this file.
*Verdi* : Create FSDB file 'CPU.fsdb'
*Verdi* : Begin traversing the scopes, layer (0).
*Verdi* : Enable +mda dumping.
*Verdi* : End of traversing.
[38;5;121mPattern No.   0 Pass[0m, I-type ORI,  lat =   9
[38;5;121mPattern No.   1 Pass[0m, I-type ORI,  lat =   9
[38;5;121mPattern No.   2 Pass[0m, I-type ORI,  lat =   9
[38;5;121mPattern No.   3 Pass[0m, I-type ADDI, lat =   9
[38;5;121mPattern No.   4 Pass[0m, I-type ADDI, lat =   9
[38;5;121mPattern No.   5 Pass[0m, R-type SRA,  lat =   9
[38;5;121mPattern No.   6 Pass[0m, R-type SRA,  lat =   9
[38;5;121mPattern No.   7 Pass[0m, R-type SLA,  lat =   9
[38;5;121mPattern No.   8 Pass[0m, R-type ADD,  lat =   9
[38;5;121mPattern No.   9 Pass[0m, I-type ADDI, lat =   9
[38;5;121mPattern No.  10 Pass[0m, R-type SRA,  lat =   9
[38;5;121mPattern No.  11 Pass[0m, I-type ORI,  lat =   9
[38;5;121mPattern No.  12 Pass[0m, I-type ADDI, lat =   9
[38;5;121mPattern No.  13 Pass[0m, R-type OR,   lat =   9
[38;5;121mPattern No.  14 Pass[0m, R-type SRA,  lat =   9
[38;5;121mPattern No.  15 Pass[0m, R-type MULT, lat =   9
[38;5;121mPattern No.  16 Pass[0m, R-type OR,   lat =   9
[38;5;121mPattern No.  17 Pass[0m, R-type SRA,  lat =   9
[38;5;121mPattern No.  18 Pass[0m, I-type ORI,  lat =   9
[38;5;121mPattern No.  19 Pass[0m, R-type SLA,  lat =   9
[38;5;121mPattern No.  20 Pass[0m, R-type SRA,  lat =   9
[38;5;121mPattern No.  21 Pass[0m, R-type SLA,  lat =   9
[38;5;121mPattern No.  22 Pass[0m, R-type SRA,  lat =   9
[38;5;121mPattern No.  23 Pass[0m, R-type MULT, lat =   9
[38;5;121mPattern No.  24 Pass[0m, R-type MULT, lat =   9
[38;5;121mPattern No.  25 Pass[0m, R-type SLA,  lat =   9
[38;5;121mPattern No.  26 Pass[0m, R-type ADD,  lat =   9
[38;5;121mPattern No.  27 Pass[0m, R-type MULT, lat =   9
[38;5;121mPattern No.  28 Pass[0m, I-type ADDI, lat =   9
[38;5;121mPattern No.  30 Pass[0m, I-type ORI,  lat =   9
[38;5;121mPattern No.  31 Pass[0m, R-type ADD,  lat =   9
[38;5;121mPattern No.  32 Pass[0m, R-type MULT, lat =   9
[38;5;121mPattern No.  33 Pass[0m, R-type OR,   lat =   9
[38;5;121mPattern No.  34 Pass[0m, R-type OR,   lat =   9
[38;5;121mPattern No.  35 Pass[0m, I-type ORI,  lat =   9
[38;5;121mPattern No.  36 Pass[0m, R-type DIV,  lat =   9
[38;5;121mPattern No.  37 Pass[0m, R-type DIV,  lat =   9
[38;5;121mPattern No.  38 Pass[0m, R-type SLA,  lat =   9
[38;5;121mPattern No.  39 Pass[0m, R-type MULT, lat =   9
[38;5;121mPattern No.  40 Pass[0m, R-type SRA,  lat =   9
[38;5;121mPattern No.  41 Pass[0m, R-type OR,   lat =  12
[38;5;121mPattern No.  42 Pass[0m, R-type ADD,  lat =  12
[38;5;121mPattern No.  43 Pass[0m, R-type SLA,  lat =  13
[38;5;121mPattern No.  44 Pass[0m, I-type ORI,  lat =   9
[38;5;121mPattern No.  45 Pass[0m, R-type DIV,  lat =   9
[38;5;121mPattern No.  46 Pass[0m, R-type OR,   lat =   9
[38;5;121mPattern No.  48 Pass[0m, R-type SRA,  lat =   9
[38;5;121mPattern No.  49 Pass[0m, R-type OR,   lat =   9
[38;5;121mPattern No.  50 Pass[0m, R-type MULT, lat =   9
[38;5;121mPattern No.  51 Pass[0m, I-type ADDI, lat =   9
[38;5;121mPattern No.  52 Pass[0m, R-type ADD,  lat =   9
[38;5;121mPattern No.  53 Pass[0m, I-type ADDI, lat =   9
[38;5;121mPattern No.  54 Pass[0m, I-type ORI,  lat =   9
[38;5;121mPattern No.  55 Pass[0m, I-type ADDI, lat =   9
[38;5;121mPattern No.  56 Pass[0m, R-type ADD,  lat =   9
[38;5;121mPattern No.  57 Pass[0m, I-type ADDI, lat =   9
[38;5;121mPattern No.  58 Pass[0m, R-type ADD,  lat =   9
[38;5;121mPattern No.  59 Pass[0m, R-type DIV,  lat =   9
[38;5;121mPattern No.  60 Pass[0m, R-type MULT, lat =   9
[38;5;121mPattern No.  61 Pass[0m, R-type DIV,  lat =   9
[38;5;121mPattern No.  62 Pass[0m, I-type ADDI, lat =   9
[38;5;121mPattern No.  63 Pass[0m, I-type ADDI, lat =   9
[38;5;121mPattern No.  64 Pass[0m, I-type ORI,  lat =   9
[38;5;121mPattern No.  65 Pass[0m, R-type SLA,  lat =  12
[38;5;121mPattern No.  66 Pass[0m, Bad Ins.,    lat =  12
[38;5;121mPattern No.  67 Pass[0m, R-type MULT, lat =  13
[38;5;121mPattern No.  68 Pass[0m, R-type SRA,  lat =   9
[38;5;121mPattern No.  69 Pass[0m, R-type DIV,  lat =   9
[38;5;121mPattern No.  70 Pass[0m, R-type MULT, lat =   9
[38;5;121mPattern No.  71 Pass[0m, R-type SRA,  lat =   9
[38;5;121mPattern No.  72 Pass[0m, R-type ADD,  lat =   9
[38;5;121mPattern No.  73 Pass[0m, I-type ORI,  lat =   9
[38;5;121mPattern No.  74 Pass[0m, I-type ORI,  lat =   9
[38;5;121mPattern No.  75 Pass[0m, R-type OR,   lat =   9
[38;5;121mPattern No.  76 Pass[0m, I-type ADDI, lat =   9
[38;5;121mPattern No.  77 Pass[0m, R-type SRA,  lat =   9
[38;5;121mPattern No.  78 Pass[0m, R-type ADD,  lat =   9
[38;5;121mPattern No.  79 Pass[0m, R-type OR,   lat =   9
[38;5;121mPattern No.  80 Pass[0m, I-type ORI,  lat =   9
[38;5;121mPattern No.  81 Pass[0m, Bad Ins.,    lat =   9
[38;5;121mPattern No.  82 Pass[0m, I-type ADDI, lat =   9
[38;5;121mPattern No.  83 Pass[0m, R-type OR,   lat =   9
[38;5;121mPattern No.  84 Pass[0m, R-type MULT, lat =   9
[38;5;121mPattern No.  85 Pass[0m, R-type OR,   lat =   9
[38;5;121mPattern No.  86 Pass[0m, R-type ADD,  lat =   9
[38;5;121mPattern No.  87 Pass[0m, R-type DIV,  lat =   9
[38;5;121mPattern No.  88 Pass[0m, R-type DIV,  lat =   9
[38;5;121mPattern No.  89 Pass[0m, R-type SLA,  lat =   9
[38;5;121mPattern No.  90 Pass[0m, Bad Ins.,    lat =   9
[38;5;121mPattern No.  91 Pass[0m, R-type MULT, lat =   9
[38;5;121mPattern No.  92 Pass[0m, I-type ADDI, lat =   9
[38;5;121mPattern No.  93 Pass[0m, R-type ADD,  lat =   9
[38;5;121mPattern No.  94 Pass[0m, I-type ADDI, lat =   9
[38;5;121mPattern No.  95 Pass[0m, I-type ORI,  lat =   9
[38;5;121mPattern No.  96 Pass[0m, I-type ADDI, lat =   9
[38;5;121mPattern No.  97 Pass[0m, R-type SLA,  lat =   9
[38;5;121mPattern No.  98 Pass[0m, R-type SRA,  lat =   9
[38;5;121mPattern No.  99 Pass[0m, I-type ORI,  lat =   9
[38;5;121mPattern No. 100 Pass[0m, R-type ADD,  lat =   9
[38;5;121mPattern No. 101 Pass[0m, R-type SRA,  lat =   9
[38;5;121mPattern No. 102 Pass[0m, R-type MULT, lat =   9
[38;5;121mPattern No. 103 Pass[0m, R-type MULT, lat =   9
[38;5;121mPattern No. 105 Pass[0m, R-type OR,   lat =   9
[38;5;121mPattern No. 106 Pass[0m, R-type MULT, lat =   9
[38;5;121mPattern No. 107 Pass[0m, R-type ADD,  lat =   9
[38;5;121mPattern No. 109 Pass[0m, R-type SRA,  lat =   9
[38;5;121mPattern No. 110 Pass[0m, R-type DIV,  lat =   9
[38;5;121mPattern No. 111 Pass[0m, R-type SLA,  lat =   9
[38;5;121mPattern No. 112 Pass[0m, R-type DIV,  lat =   9
[38;5;121mPattern No. 113 Pass[0m, I-type ORI,  lat =   9
[38;5;121mPattern No. 114 Pass[0m, R-type MULT, lat =   9
[38;5;121mPattern No. 115 Pass[0m, R-type OR,   lat =   9
[38;5;121mPattern No. 116 Pass[0m, R-type SRA,  lat =   9
[38;5;121mPattern No. 117 Pass[0m, R-type ADD,  lat =   9
[38;5;121mPattern No. 118 Pass[0m, R-type MULT, lat =   9
[38;5;121mPattern No. 119 Pass[0m, R-type SLA,  lat =   9
[38;5;121mPattern No. 120 Pass[0m, I-type ORI,  lat =   9
[38;5;121mPattern No. 121 Pass[0m, R-type ADD,  lat =   9
[38;5;121mPattern No. 122 Pass[0m, R-type DIV,  lat =   9
[38;5;121mPattern No. 123 Pass[0m, R-type DIV,  lat =   9
[38;5;121mPattern No. 124 Pass[0m, R-type OR,   lat =   9
[38;5;121mPattern No. 125 Pass[0m, I-type ORI,  lat =   9
[38;5;121mPattern No. 126 Pass[0m, R-type MULT, lat =  12
[38;5;121mPattern No. 127 Pass[0m, R-type SLA,  lat =  12
[38;5;121mPattern No. 128 Pass[0m, R-type MULT, lat =  13
[38;5;121mPattern No. 129 Pass[0m, R-type OR,   lat =   9
[38;5;121mPattern No. 130 Pass[0m, R-type SRA,  lat =   9
[38;5;121mPattern No. 131 Pass[0m, R-type ADD,  lat =   9
[38;5;121mPattern No. 132 Pass[0m, R-type OR,   lat =   9
[38;5;121mPattern No. 133 Pass[0m, R-type DIV,  lat =   9
[38;5;121mPattern No. 135 Pass[0m, R-type SRA,  lat =   9
[38;5;121mPattern No. 136 Pass[0m, R-type SLA,  lat =   9
[38;5;121mPattern No. 137 Pass[0m, R-type DIV,  lat =   9
[38;5;121mPattern No. 138 Pass[0m, R-type SLA,  lat =   9
[38;5;121mPattern No. 139 Pass[0m, I-type ORI,  lat =   9
[38;5;121mPattern No. 140 Pass[0m, I-type ORI,  lat =   9
[38;5;121mPattern No. 141 Pass[0m, I-type ADDI, lat =   9
[38;5;121mPattern No. 142 Pass[0m, R-type SLA,  lat =   9
[38;5;121mPattern No. 143 Pass[0m, I-type ADDI, lat =   9
[38;5;121mPattern No. 144 Pass[0m, R-type OR,   lat =   9
[38;5;121mPattern No. 145 Pass[0m, R-type ADD,  lat =   9
[38;5;121mPattern No. 146 Pass[0m, R-type SLA,  lat =   9
[38;5;121mPattern No. 147 Pass[0m, I-type ADDI, lat =   9
[38;5;121mPattern No. 148 Pass[0m, R-type OR,   lat =   9
[38;5;121mPattern No. 149 Pass[0m, I-type ADDI, lat =   9
[38;5;121mPattern No. 150 Pass[0m, R-type OR,   lat =   9
[38;5;121mPattern No. 151 Pass[0m, R-type SRA,  lat =   9
[38;5;121mPattern No. 152 Pass[0m, R-type ADD,  lat =   9
[38;5;121mPattern No. 153 Pass[0m, I-type ADDI, lat =   9
[38;5;121mPattern No. 154 Pass[0m, R-type DIV,  lat =   9
[38;5;121mPattern No. 155 Pass[0m, R-type DIV,  lat =   9
[38;5;121mPattern No. 156 Pass[0m, R-type SLA,  lat =   9
[38;5;121mPattern No. 157 Pass[0m, R-type SRA,  lat =   9
[38;5;121mPattern No. 158 Pass[0m, R-type SLA,  lat =   9
[38;5;121mPattern No. 159 Pass[0m, R-type OR,   lat =  11
[38;5;121mPattern No. 160 Pass[0m, R-type MULT, lat =  11
[38;5;121mPattern No. 161 Pass[0m, I-type ADDI, lat =  12
[38;5;121mPattern No. 162 Pass[0m, R-type MULT, lat =   9
[38;5;121mPattern No. 163 Pass[0m, R-type SRA,  lat =   9
[38;5;121mPattern No. 164 Pass[0m, I-type ADDI, lat =   9
[38;5;121mPattern No. 165 Pass[0m, R-type MULT, lat =   9
[38;5;121mPattern No. 166 Pass[0m, R-type ADD,  lat =   9
[38;5;121mPattern No. 167 Pass[0m, R-type MULT, lat =   9
[38;5;121mPattern No. 168 Pass[0m, R-type SLA,  lat =   9
[38;5;121mPattern No. 169 Pass[0m, R-type OR,   lat =   9
[38;5;121mPattern No. 170 Pass[0m, R-type SLA,  lat =   9
[38;5;121mPattern No. 171 Pass[0m, R-type DIV,  lat =   9
[38;5;121mPattern No. 172 Pass[0m, I-type ORI,  lat =   9
[38;5;121mPattern No. 173 Pass[0m, R-type ADD,  lat =   9
[38;5;121mPattern No. 174 Pass[0m, R-type DIV,  lat =   9
[38;5;121mPattern No. 175 Pass[0m, R-type ADD,  lat =   9
[38;5;121mPattern No. 176 Pass[0m, R-type ADD,  lat =   9
[38;5;121mPattern No. 177 Pass[0m, I-type ADDI, lat =   9
[38;5;121mPattern No. 178 Pass[0m, R-type SRA,  lat =   9
[38;5;121mPattern No. 179 Pass[0m, I-type ORI,  lat =   9
[38;5;121mPattern No. 180 Pass[0m, R-type ADD,  lat =   9
[38;5;121mPattern No. 181 Pass[0m, R-type SLA,  lat =   9
[38;5;121mPattern No. 182 Pass[0m, R-type SRA,  lat =   9
[38;5;121mPattern No. 183 Pass[0m, R-type OR,   lat =   9
[38;5;121mPattern No. 184 Pass[0m, R-type MULT, lat =   9
[38;5;121mPattern No. 185 Pass[0m, R-type ADD,  lat =   9
[38;5;121mPattern No. 186 Pass[0m, I-type ORI,  lat =   9
[38;5;121mPattern No. 187 Pass[0m, R-type MULT, lat =   9
[38;5;121mPattern No. 188 Pass[0m, R-type SRA,  lat =   9
[38;5;121mPattern No. 189 Pass[0m, I-type ADDI, lat =   9
[38;5;121mPattern No. 190 Pass[0m, R-type SRA,  lat =   9
[38;5;121mPattern No. 191 Pass[0m, I-type ADDI, lat =   9
[38;5;121mPattern No. 192 Pass[0m, R-type SLA,  lat =   9
[38;5;121mPattern No. 193 Pass[0m, Bad Ins.,    lat =   9
[38;5;121mPattern No. 194 Pass[0m, I-type ADDI, lat =   9
[38;5;121mPattern No. 195 Pass[0m, R-type SLA,  lat =   9
[38;5;121mPattern No. 196 Pass[0m, R-type OR,   lat =   9
[38;5;121mPattern No. 197 Pass[0m, I-type ORI,  lat =   9
[38;5;121mPattern No. 198 Pass[0m, R-type OR,   lat =   9
[38;5;121mPattern No. 199 Pass[0m, R-type SLA,  lat =   9
[38;5;121mPattern No. 200 Pass[0m, R-type ADD,  lat =   9
[38;5;121mPattern No. 201 Pass[0m, R-type SLA,  lat =   9
[38;5;121mPattern No. 202 Pass[0m, R-type ADD,  lat =   9
[38;5;121mPattern No. 203 Pass[0m, R-type ADD,  lat =   9
[38;5;121mPattern No. 204 Pass[0m, R-type SLA,  lat =   9
[38;5;121mPattern No. 205 Pass[0m, R-type OR,   lat =   9
[38;5;121mPattern No. 206 Pass[0m, R-type ADD,  lat =   9
[38;5;121mPattern No. 207 Pass[0m, R-type ADD,  lat =   9
[38;5;121mPattern No. 208 Pass[0m, R-type ADD,  lat =   9
[38;5;121mPattern No. 209 Pass[0m, I-type ADDI, lat =   9
[38;5;121mPattern No. 210 Pass[0m, R-type ADD,  lat =   9
[38;5;121mPattern No. 211 Pass[0m, R-type DIV,  lat =   9
[38;5;121mPattern No. 212 Pass[0m, R-type DIV,  lat =   9
[38;5;121mPattern No. 213 Pass[0m, R-type SRA,  lat =   9
[38;5;121mPattern No. 214 Pass[0m, R-type SLA,  lat =   9
[38;5;121mPattern No. 215 Pass[0m, I-type ADDI, lat =   9
[38;5;121mPattern No. 216 Pass[0m, R-type OR,   lat =  11
[38;5;121mPattern No. 218 Pass[0m, R-type ADD,  lat =  12
[38;5;121mPattern No. 219 Pass[0m, R-type MULT, lat =   9
[38;5;121mPattern No. 220 Pass[0m, R-type MULT, lat =   9
[38;5;121mPattern No. 221 Pass[0m, R-type OR,   lat =   9
[38;5;121mPattern No. 222 Pass[0m, R-type OR,   lat =   9
[38;5;121mPattern No. 223 Pass[0m, I-type ADDI, lat =   9
[38;5;121mPattern No. 224 Pass[0m, R-type ADD,  lat =   9
[38;5;121mPattern No. 225 Pass[0m, R-type ADD,  lat =   9
[38;5;121mPattern No. 226 Pass[0m, R-type SLA,  lat =   9
[38;5;121mPattern No. 227 Pass[0m, I-type ORI,  lat =   9
[38;5;121mPattern No. 228 Pass[0m, R-type SRA,  lat =   9
[38;5;121mPattern No. 229 Pass[0m, R-type SRA,  lat =   9
[38;5;121mPattern No. 230 Pass[0m, R-type MULT, lat =   9
[38;5;121mPattern No. 231 Pass[0m, R-type DIV,  lat =   9
[38;5;121mPattern No. 232 Pass[0m, R-type DIV,  lat =   9
[38;5;121mPattern No. 233 Pass[0m, R-type SRA,  lat =   9
[38;5;121mPattern No. 234 Pass[0m, R-type ADD,  lat =   9
[38;5;121mPattern No. 235 Pass[0m, R-type SLA,  lat =   9
[38;5;121mPattern No. 236 Pass[0m, R-type OR,   lat =   9
[38;5;121mPattern No. 237 Pass[0m, I-type ADDI, lat =   9
[38;5;121mPattern No. 238 Pass[0m, I-type ORI,  lat =   9
[38;5;121mPattern No. 239 Pass[0m, R-type SLA,  lat =   9
[38;5;121mPattern No. 240 Pass[0m, R-type OR,   lat =   9
[38;5;121mPattern No. 241 Pass[0m, R-type SLA,  lat =   9
[38;5;121mPattern No. 242 Pass[0m, R-type ADD,  lat =   9
[38;5;121mPattern No. 243 Pass[0m, R-type MULT, lat =   9
[38;5;121mPattern No. 244 Pass[0m, R-type SRA,  lat =   9
[38;5;121mPattern No. 245 Pass[0m, I-type ORI,  lat =   9
[38;5;121mPattern No. 246 Pass[0m, R-type SLA,  lat =   9
[38;5;121mPattern No. 247 Pass[0m, I-type ADDI, lat =   9
[38;5;121mPattern No. 248 Pass[0m, I-type ORI,  lat =   9
[38;5;121mPattern No. 249 Pass[0m, R-type SLA,  lat =   9
[38;5;121mPattern No. 250 Pass[0m, I-type ADDI, lat =   9
[38;5;121mPattern No. 251 Pass[0m, I-type ADDI, lat =   9
[38;5;121mPattern No. 252 Pass[0m, I-type ADDI, lat =   9
[38;5;121mPattern No. 253 Pass[0m, R-type ADD,  lat =   9
[38;5;121mPattern No. 254 Pass[0m, R-type SRA,  lat =   9
[38;5;121mPattern No. 255 Pass[0m, R-type OR,   lat =   9
[38;5;121mPattern No. 256 Pass[0m, R-type MULT, lat =   9
[38;5;121mPattern No. 257 Pass[0m, R-type DIV,  lat =   9
[38;5;121mPattern No. 258 Pass[0m, I-type ORI,  lat =   9
[38;5;121mPattern No. 259 Pass[0m, R-type DIV,  lat =   9
[38;5;121mPattern No. 260 Pass[0m, R-type MULT, lat =   9
[38;5;121mPattern No. 261 Pass[0m, R-type ADD,  lat =  12
[38;5;121mPattern No. 262 Pass[0m, I-type ORI,  lat =  12
[38;5;121mPattern No. 263 Pass[0m, R-type OR,   lat =  13
[38;5;121mPattern No. 264 Pass[0m, R-type MULT, lat =   9
[38;5;121mPattern No. 265 Pass[0m, R-type ADD,  lat =   9
[38;5;121mPattern No. 266 Pass[0m, R-type DIV,  lat =   9
[38;5;121mPattern No. 267 Pass[0m, R-type SRA,  lat =   9
[38;5;121mPattern No. 268 Pass[0m, R-type OR,   lat =   9
[38;5;121mPattern No. 269 Pass[0m, I-type ADDI, lat =   9
[38;5;121mPattern No. 270 Pass[0m, R-type OR,   lat =   9
[38;5;121mPattern No. 271 Pass[0m, R-type ADD,  lat =   9
[38;5;121mPattern No. 272 Pass[0m, R-type SLA,  lat =   9
[38;5;121mPattern No. 273 Pass[0m, R-type ADD,  lat =   9
[38;5;121mPattern No. 274 Pass[0m, R-type SLA,  lat =   9
[38;5;121mPattern No. 275 Pass[0m, I-type ADDI, lat =   9
[38;5;121mPattern No. 276 Pass[0m, R-type OR,   lat =   9
[38;5;121mPattern No. 277 Pass[0m, I-type ADDI, lat =   9
[38;5;121mPattern No. 278 Pass[0m, R-type OR,   lat =   9
[38;5;121mPattern No. 279 Pass[0m, R-type OR,   lat =   9
[38;5;121mPattern No. 280 Pass[0m, I-type ADDI, lat =   9
[38;5;121mPattern No. 281 Pass[0m, R-type DIV,  lat =   9
[38;5;121mPattern No. 282 Pass[0m, R-type OR,   lat =   9
[38;5;121mPattern No. 283 Pass[0m, R-type ADD,  lat =   9
[38;5;121mPattern No. 284 Pass[0m, R-type MULT, lat =   9
[38;5;121mPattern No. 285 Pass[0m, R-type SLA,  lat =  12
[38;5;121mPattern No. 286 Pass[0m, R-type DIV,  lat =  12
[38;5;121mPattern No. 287 Pass[0m, I-type ADDI, lat =  13
[38;5;121mPattern No. 288 Pass[0m, R-type DIV,  lat =   9
[38;5;121mPattern No. 289 Pass[0m, R-type OR,   lat =   9
[38;5;121mPattern No. 290 Pass[0m, R-type ADD,  lat =   9
[38;5;121mPattern No. 291 Pass[0m, R-type SRA,  lat =   9
[38;5;121mPattern No. 292 Pass[0m, R-type SLA,  lat =   9
[38;5;121mPattern No. 293 Pass[0m, R-type MULT, lat =   9
[38;5;121mPattern No. 294 Pass[0m, R-type SLA,  lat =   9
[38;5;121mPattern No. 296 Pass[0m, R-type DIV,  lat =   9
[38;5;121mPattern No. 297 Pass[0m, R-type DIV,  lat =   9
[38;5;121mPattern No. 298 Pass[0m, I-type ADDI, lat =   9
[38;5;121mPattern No. 299 Pass[0m, R-type OR,   lat =   9
[38;5;121mPattern No. 300 Pass[0m, R-type OR,   lat =   9
[38;5;121mPattern No. 301 Pass[0m, R-type SLA,  lat =   9
[38;5;121mPattern No. 302 Pass[0m, R-type MULT, lat =   9
[38;5;121mPattern No. 303 Pass[0m, Bad Ins.,    lat =   9
[38;5;121mPattern No. 304 Pass[0m, I-type ADDI, lat =   9
[38;5;121mPattern No. 305 Pass[0m, R-type DIV,  lat =   9
[38;5;121mPattern No. 306 Pass[0m, R-type MULT, lat =   9
[38;5;121mPattern No. 307 Pass[0m, R-type OR,   lat =   9
[38;5;121mPattern No. 308 Pass[0m, R-type DIV,  lat =   9
[38;5;121mPattern No. 309 Pass[0m, I-type ORI,  lat =   9
[38;5;121mPattern No. 310 Pass[0m, R-type OR,   lat =  11
[38;5;121mPattern No. 311 Pass[0m, R-type ADD,  lat =  11
[38;5;121mPattern No. 312 Pass[0m, I-type ORI,  lat =  12
[38;5;121mPattern No. 313 Pass[0m, R-type SLA,  lat =   9
[38;5;121mPattern No. 314 Pass[0m, R-type SLA,  lat =   9
[38;5;121mPattern No. 315 Pass[0m, R-type OR,   lat =   9
[38;5;121mPattern No. 316 Pass[0m, R-type MULT, lat =   9
[38;5;121mPattern No. 317 Pass[0m, R-type SLA,  lat =   9
[38;5;121mPattern No. 318 Pass[0m, I-type ORI,  lat =   9
[38;5;121mPattern No. 319 Pass[0m, R-type MULT, lat =   9
[38;5;121mPattern No. 320 Pass[0m, R-type ADD,  lat =   9
[38;5;121mPattern No. 321 Pass[0m, R-type DIV,  lat =   9
[38;5;121mPattern No. 322 Pass[0m, I-type ADDI, lat =   9
[38;5;121mPattern No. 323 Pass[0m, R-type SRA,  lat =   9
[38;5;121mPattern No. 324 Pass[0m, R-type SRA,  lat =   9
[38;5;121mPattern No. 325 Pass[0m, R-type MULT, lat =   9
[38;5;121mPattern No. 326 Pass[0m, R-type SRA,  lat =   9
[38;5;121mPattern No. 327 Pass[0m, I-type ADDI, lat =   9
[38;5;121mPattern No. 328 Pass[0m, I-type ORI,  lat =   9
[38;5;121mPattern No. 329 Pass[0m, R-type SRA,  lat =   9
[38;5;121mPattern No. 330 Pass[0m, R-type OR,   lat =   9
[38;5;121mPattern No. 331 Pass[0m, R-type SRA,  lat =   9
[38;5;121mPattern No. 332 Pass[0m, I-type ADDI, lat =   9
[38;5;121mPattern No. 333 Pass[0m, R-type SRA,  lat =   9
[38;5;121mPattern No. 334 Pass[0m, R-type DIV,  lat =   9
[38;5;121mPattern No. 335 Pass[0m, I-type ADDI, lat =   9
[38;5;121mPattern No. 336 Pass[0m, R-type SLA,  lat =   9
[38;5;121mPattern No. 337 Pass[0m, R-type ADD,  lat =   9
[38;5;121mPattern No. 338 Pass[0m, R-type SRA,  lat =   9
[38;5;121mPattern No. 339 Pass[0m, R-type OR,   lat =   9
[38;5;121mPattern No. 340 Pass[0m, I-type ADDI, lat =   9
[38;5;121mPattern No. 341 Pass[0m, R-type MULT, lat =   9
[38;5;121mPattern No. 342 Pass[0m, R-type ADD,  lat =   9
[38;5;121mPattern No. 343 Pass[0m, I-type ADDI, lat =   9
[38;5;121mPattern No. 344 Pass[0m, I-type ORI,  lat =   9
[38;5;121mPattern No. 345 Pass[0m, I-type ORI,  lat =   9
[38;5;121mPattern No. 346 Pass[0m, R-type MULT, lat =   9
[38;5;121mPattern No. 347 Pass[0m, R-type SRA,  lat =   9
[38;5;121mPattern No. 348 Pass[0m, R-type OR,   lat =   9
[38;5;121mPattern No. 349 Pass[0m, R-type OR,   lat =   9
[38;5;121mPattern No. 350 Pass[0m, I-type ORI,  lat =   9
[38;5;121mPattern No. 351 Pass[0m, I-type ADDI, lat =   9
[38;5;121mPattern No. 352 Pass[0m, R-type MULT, lat =   9
[38;5;121mPattern No. 353 Pass[0m, R-type MULT, lat =   9
[38;5;121mPattern No. 354 Pass[0m, R-type SLA,  lat =   9
[38;5;121mPattern No. 355 Pass[0m, R-type SRA,  lat =   9
[38;5;121mPattern No. 356 Pass[0m, R-type SRA,  lat =   9
[38;5;121mPattern No. 357 Pass[0m, I-type ORI,  lat =   9
[38;5;121mPattern No. 358 Pass[0m, R-type ADD,  lat =   9
[38;5;121mPattern No. 359 Pass[0m, R-type SRA,  lat =   9
[38;5;121mPattern No. 360 Pass[0m, R-type SRA,  lat =   9
[38;5;121mPattern No. 361 Pass[0m, I-type ADDI, lat =   9
[38;5;121mPattern No. 362 Pass[0m, I-type ADDI, lat =   9
[38;5;121mPattern No. 363 Pass[0m, I-type ADDI, lat =   9
[38;5;121mPattern No. 364 Pass[0m, R-type MULT, lat =   9
[38;5;121mPattern No. 365 Pass[0m, R-type SRA,  lat =   9
[38;5;121mPattern No. 366 Pass[0m, R-type OR,   lat =   9
[38;5;121mPattern No. 367 Pass[0m, R-type SLA,  lat =   9
[38;5;121mPattern No. 368 Pass[0m, R-type MULT, lat =   9
[38;5;121mPattern No. 369 Pass[0m, I-type ADDI, lat =   9
[38;5;121mPattern No. 370 Pass[0m, R-type SRA,  lat =   9
[38;5;121mPattern No. 371 Pass[0m, I-type ORI,  lat =   9
[38;5;121mPattern No. 372 Pass[0m, I-type ADDI, lat =   9
[38;5;121mPattern No. 373 Pass[0m, R-type ADD,  lat =   9
[38;5;121mPattern No. 374 Pass[0m, I-type ORI,  lat =   9
[38;5;121mPattern No. 375 Pass[0m, R-type OR,   lat =   9
[38;5;121mPattern No. 376 Pass[0m, R-type SLA,  lat =   9
[38;5;121mPattern No. 377 Pass[0m, R-type DIV,  lat =   9
[38;5;121mPattern No. 378 Pass[0m, I-type ADDI, lat =   9
[38;5;121mPattern No. 379 Pass[0m, R-type ADD,  lat =   9
[38;5;121mPattern No. 380 Pass[0m, R-type DIV,  lat =   9
[38;5;121mPattern No. 381 Pass[0m, R-type MULT, lat =   9
[38;5;121mPattern No. 382 Pass[0m, R-type MULT, lat =   9
[38;5;121mPattern No. 383 Pass[0m, R-type SLA,  lat =   9
[38;5;121mPattern No. 384 Pass[0m, R-type SRA,  lat =   9
[38;5;121mPattern No. 385 Pass[0m, I-type ORI,  lat =  11
[38;5;121mPattern No. 386 Pass[0m, I-type ADDI, lat =  11
[38;5;121mPattern No. 387 Pass[0m, I-type ADDI, lat =  12
[38;5;121mPattern No. 388 Pass[0m, I-type ADDI, lat =   9
[38;5;121mPattern No. 389 Pass[0m, Bad Ins.,    lat =   9
[38;5;121mPattern No. 390 Pass[0m, R-type SRA,  lat =   9
[38;5;121mPattern No. 391 Pass[0m, R-type SLA,  lat =   9
[38;5;121mPattern No. 392 Pass[0m, I-type ORI,  lat =   9
[38;5;121mPattern No. 393 Pass[0m, R-type OR,   lat =   9
[38;5;121mPattern No. 395 Pass[0m, I-type ADDI, lat =   9
[38;5;121mPattern No. 396 Pass[0m, R-type DIV,  lat =   9
[38;5;121mPattern No. 397 Pass[0m, R-type OR,   lat =   9
[38;5;121mPattern No. 398 Pass[0m, I-type ADDI, lat =   9
[38;5;121mPattern No. 399 Pass[0m, R-type SLA,  lat =   9
[38;5;121mPattern No. 400 Pass[0m, R-type SRA,  lat =   9
[38;5;121mPattern No. 401 Pass[0m, I-type ORI,  lat =   9
[38;5;121mPattern No. 402 Pass[0m, R-type SRA,  lat =   9
[38;5;121mPattern No. 403 Pass[0m, R-type ADD,  lat =   9
[38;5;121mPattern No. 404 Pass[0m, R-type SRA,  lat =   9
[38;5;121mPattern No. 405 Pass[0m, R-type SLA,  lat =   9
[38;5;121mPattern No. 406 Pass[0m, R-type SLA,  lat =   9
[38;5;121mPattern No. 407 Pass[0m, R-type ADD,  lat =   9
[38;5;121mPattern No. 408 Pass[0m, Bad Ins.,    lat =   9
[38;5;121mPattern No. 409 Pass[0m, I-type ORI,  lat =   9
[38;5;121mPattern No. 410 Pass[0m, R-type MULT, lat =   9
[38;5;121mPattern No. 411 Pass[0m, R-type DIV,  lat =   9
[38;5;121mPattern No. 412 Pass[0m, R-type MULT, lat =   9
[38;5;121mPattern No. 413 Pass[0m, R-type ADD,  lat =   9
[38;5;121mPattern No. 414 Pass[0m, R-type SRA,  lat =   9
[38;5;121mPattern No. 415 Pass[0m, Bad Ins.,    lat =   9
[38;5;121mPattern No. 416 Pass[0m, R-type DIV,  lat =   9
[38;5;121mPattern No. 417 Pass[0m, R-type SRA,  lat =   9
[38;5;121mPattern No. 418 Pass[0m, I-type ORI,  lat =   9
[38;5;121mPattern No. 419 Pass[0m, R-type OR,   lat =   9
[38;5;121mPattern No. 420 Pass[0m, R-type DIV,  lat =   9
[38;5;121mPattern No. 421 Pass[0m, R-type SLA,  lat =   9
[38;5;121mPattern No. 422 Pass[0m, I-type ORI,  lat =   9
[38;5;121mPattern No. 423 Pass[0m, I-type ORI,  lat =   9
[38;5;121mPattern No. 424 Pass[0m, R-type MULT, lat =  12
[38;5;121mPattern No. 425 Pass[0m, R-type SLA,  lat =  12
[38;5;121mPattern No. 426 Pass[0m, R-type DIV,  lat =  13
[38;5;121mPattern No. 427 Pass[0m, R-type DIV,  lat =   9
[38;5;121mPattern No. 428 Pass[0m, I-type ORI,  lat =   9
[38;5;121mPattern No. 429 Pass[0m, R-type MULT, lat =   9
[38;5;121mPattern No. 430 Pass[0m, R-type DIV,  lat =   9
[38;5;121mPattern No. 431 Pass[0m, R-type OR,   lat =   9
[38;5;121mPattern No. 432 Pass[0m, I-type ORI,  lat =   9
[38;5;121mPattern No. 433 Pass[0m, R-type SRA,  lat =   9
[38;5;121mPattern No. 434 Pass[0m, R-type SLA,  lat =   9
[38;5;121mPattern No. 435 Pass[0m, R-type SRA,  lat =   9
[38;5;121mPattern No. 436 Pass[0m, R-type DIV,  lat =   9
[38;5;121mPattern No. 437 Pass[0m, R-type DIV,  lat =   9
[38;5;121mPattern No. 438 Pass[0m, R-type SLA,  lat =   9
[38;5;121mPattern No. 439 Pass[0m, R-type OR,   lat =   9
[38;5;121mPattern No. 440 Pass[0m, R-type SLA,  lat =   9
[38;5;121mPattern No. 441 Pass[0m, I-type ORI,  lat =  12
[38;5;121mPattern No. 442 Pass[0m, R-type OR,   lat =  12
[38;5;121mPattern No. 443 Pass[0m, R-type MULT, lat =  13
[38;5;121mPattern No. 445 Pass[0m, I-type ORI,  lat =   9
[38;5;121mPattern No. 446 Pass[0m, I-type ORI,  lat =   9
[38;5;121mPattern No. 447 Pass[0m, R-type ADD,  lat =   9
[38;5;121mPattern No. 448 Pass[0m, R-type DIV,  lat =   9
[38;5;121mPattern No. 449 Pass[0m, I-type ORI,  lat =   9
[38;5;121mPattern No. 450 Pass[0m, R-type SLA,  lat =   9
[38;5;121mPattern No. 451 Pass[0m, R-type OR,   lat =   9
[38;5;121mPattern No. 452 Pass[0m, R-type MULT, lat =   9
[38;5;121mPattern No. 453 Pass[0m, R-type SLA,  lat =   9
[38;5;121mPattern No. 454 Pass[0m, I-type ADDI, lat =   9
[38;5;121mPattern No. 455 Pass[0m, R-type DIV,  lat =   9
[38;5;121mPattern No. 456 Pass[0m, R-type MULT, lat =   9
[38;5;121mPattern No. 457 Pass[0m, R-type OR,   lat =   9
[38;5;121mPattern No. 458 Pass[0m, R-type MULT, lat =   9
[38;5;121mPattern No. 459 Pass[0m, I-type ADDI, lat =   9
[38;5;121mPattern No. 460 Pass[0m, R-type OR,   lat =   9
[38;5;121mPattern No. 461 Pass[0m, R-type DIV,  lat =   9
[38;5;121mPattern No. 462 Pass[0m, I-type ORI,  lat =   9
[38;5;121mPattern No. 463 Pass[0m, I-type ORI,  lat =   9
[38;5;121mPattern No. 464 Pass[0m, R-type ADD,  lat =   9
[38;5;121mPattern No. 465 Pass[0m, R-type ADD,  lat =   9
[38;5;121mPattern No. 466 Pass[0m, R-type OR,   lat =   9
[38;5;121mPattern No. 467 Pass[0m, R-type ADD,  lat =   9
[38;5;121mPattern No. 468 Pass[0m, R-type SLA,  lat =   9
[38;5;121mPattern No. 469 Pass[0m, R-type OR,   lat =   9
[38;5;121mPattern No. 470 Pass[0m, I-type ORI,  lat =   9
[38;5;121mPattern No. 471 Pass[0m, R-type SLA,  lat =   9
[38;5;121mPattern No. 472 Pass[0m, R-type DIV,  lat =   9
[38;5;121mPattern No. 473 Pass[0m, R-type ADD,  lat =   9
[38;5;121mPattern No. 474 Pass[0m, I-type ADDI, lat =   9
[38;5;121mPattern No. 475 Pass[0m, R-type OR,   lat =   9
[38;5;121mPattern No. 476 Pass[0m, R-type SRA,  lat =   9
[38;5;121mPattern No. 477 Pass[0m, R-type SRA,  lat =   9
[38;5;121mPattern No. 478 Pass[0m, R-type DIV,  lat =   9
[38;5;121mPattern No. 479 Pass[0m, R-type MULT, lat =   9
[38;5;121mPattern No. 480 Pass[0m, I-type ADDI, lat =   9
[38;5;121mPattern No. 481 Pass[0m, R-type SRA,  lat =   9
[38;5;121mPattern No. 482 Pass[0m, R-type OR,   lat =  12
[38;5;121mPattern No. 483 Pass[0m, R-type SRA,  lat =  12
[38;5;121mPattern No. 484 Pass[0m, R-type SLA,  lat =  13
[38;5;121mPattern No. 485 Pass[0m, R-type OR,   lat =   9
[38;5;121mPattern No. 486 Pass[0m, R-type SLA,  lat =   9
[38;5;121mPattern No. 487 Pass[0m, R-type OR,   lat =   9
[38;5;121mPattern No. 488 Pass[0m, R-type MULT, lat =   9
[38;5;121mPattern No. 490 Pass[0m, R-type MULT, lat =   9
[38;5;121mPattern No. 491 Pass[0m, R-type DIV,  lat =   9
[38;5;121mPattern No. 492 Pass[0m, R-type SRA,  lat =   9
[38;5;121mPattern No. 493 Pass[0m, R-type SRA,  lat =   9
[38;5;121mPattern No. 494 Pass[0m, R-type DIV,  lat =   9
[38;5;121mPattern No. 495 Pass[0m, R-type DIV,  lat =   9
[38;5;121mPattern No. 496 Pass[0m, R-type ADD,  lat =   9
[38;5;121mPattern No. 497 Pass[0m, R-type SLA,  lat =   9
[38;5;121mPattern No. 498 Pass[0m, R-type SRA,  lat =   9
[38;5;121mPattern No. 499 Pass[0m, R-type SLA,  lat =   9
[38;5;121mPattern No. 500 Pass[0m, R-type SLA,  lat =   9
[38;5;121mPattern No. 501 Pass[0m, R-type DIV,  lat =   9
[38;5;121mPattern No. 502 Pass[0m, I-type ORI,  lat =   9
[38;5;121mPattern No. 503 Pass[0m, R-type OR,   lat =   9
[38;5;121mPattern No. 504 Pass[0m, R-type MULT, lat =   9
[38;5;121mPattern No. 505 Pass[0m, I-type ORI,  lat =   9
[38;5;121mPattern No. 506 Pass[0m, R-type SRA,  lat =   9
[38;5;121mPattern No. 507 Pass[0m, R-type OR,   lat =   9
[38;5;121mPattern No. 508 Pass[0m, R-type OR,   lat =   9
[38;5;121mPattern No. 509 Pass[0m, R-type SLA,  lat =   9
[38;5;121mPattern No. 510 Pass[0m, R-type OR,   lat =   9
[38;5;121mPattern No. 511 Pass[0m, R-type MULT, lat =   9
[38;5;121mPattern No. 512 Pass[0m, I-type ORI,  lat =   9
[38;5;121mPattern No. 513 Pass[0m, Bad Ins.,    lat =   9
[38;5;121mPattern No. 514 Pass[0m, R-type DIV,  lat =   9
[38;5;121mPattern No. 515 Pass[0m, R-type SRA,  lat =   9
[38;5;121mPattern No. 516 Pass[0m, R-type OR,   lat =   9
[38;5;121mPattern No. 517 Pass[0m, R-type ADD,  lat =   9
[38;5;121mPattern No. 518 Pass[0m, R-type ADD,  lat =   9
[38;5;121mPattern No. 519 Pass[0m, R-type SRA,  lat =   9
[38;5;121mPattern No. 520 Pass[0m, R-type DIV,  lat =   9
[38;5;121mPattern No. 521 Pass[0m, R-type DIV,  lat =   9
[38;5;121mPattern No. 522 Pass[0m, R-type MULT, lat =   9
[38;5;121mPattern No. 523 Pass[0m, R-type SRA,  lat =   9
[38;5;121mPattern No. 524 Pass[0m, I-type ADDI, lat =   9
[38;5;121mPattern No. 525 Pass[0m, R-type MULT, lat =   9
[38;5;121mPattern No. 526 Pass[0m, R-type OR,   lat =   9
[38;5;121mPattern No. 527 Pass[0m, R-type ADD,  lat =   9
[38;5;121mPattern No. 528 Pass[0m, R-type SLA,  lat =   9
[38;5;121mPattern No. 529 Pass[0m, R-type SLA,  lat =   9
[38;5;121mPattern No. 530 Pass[0m, R-type SLA,  lat =   9
[38;5;121mPattern No. 531 Pass[0m, R-type ADD,  lat =   9
[38;5;121mPattern No. 532 Pass[0m, I-type ORI,  lat =   9
[38;5;121mPattern No. 533 Pass[0m, R-type ADD,  lat =   9
[38;5;121mPattern No. 534 Pass[0m, R-type DIV,  lat =   9
[38;5;121mPattern No. 535 Pass[0m, R-type SLA,  lat =   9
[38;5;121mPattern No. 536 Pass[0m, R-type SLA,  lat =   9
[38;5;121mPattern No. 537 Pass[0m, R-type SLA,  lat =   9
[38;5;121mPattern No. 538 Pass[0m, R-type ADD,  lat =   9
[38;5;121mPattern No. 539 Pass[0m, I-type ADDI, lat =   9
[38;5;121mPattern No. 540 Pass[0m, R-type SRA,  lat =   9
[38;5;121mPattern No. 541 Pass[0m, R-type SRA,  lat =   9
[38;5;121mPattern No. 542 Pass[0m, R-type SLA,  lat =   9
[38;5;121mPattern No. 543 Pass[0m, R-type SLA,  lat =   9
[38;5;121mPattern No. 544 Pass[0m, R-type DIV,  lat =   9
[38;5;121mPattern No. 545 Pass[0m, R-type OR,   lat =   9
[38;5;121mPattern No. 546 Pass[0m, R-type DIV,  lat =   9
[38;5;121mPattern No. 547 Pass[0m, R-type SRA,  lat =   9
[38;5;121mPattern No. 548 Pass[0m, R-type DIV,  lat =   9
[38;5;121mPattern No. 549 Pass[0m, R-type OR,   lat =   9
[38;5;121mPattern No. 550 Pass[0m, R-type SLA,  lat =   9
[38;5;121mPattern No. 551 Pass[0m, R-type MULT, lat =   9
[38;5;121mPattern No. 552 Pass[0m, R-type SRA,  lat =   9
[38;5;121mPattern No. 553 Pass[0m, I-type ORI,  lat =   9
[38;5;121mPattern No. 554 Pass[0m, R-type OR,   lat =   9
[38;5;121mPattern No. 555 Pass[0m, R-type MULT, lat =   9
[38;5;121mPattern No. 556 Pass[0m, R-type SLA,  lat =   9
[38;5;121mPattern No. 557 Pass[0m, R-type MULT, lat =   9
[38;5;121mPattern No. 558 Pass[0m, R-type SLA,  lat =   9
[38;5;121mPattern No. 559 Pass[0m, I-type ADDI, lat =   9
[38;5;121mPattern No. 560 Pass[0m, I-type ADDI, lat =   9
[38;5;121mPattern No. 561 Pass[0m, R-type SLA,  lat =   9
[38;5;121mPattern No. 562 Pass[0m, I-type ORI,  lat =   9
[38;5;121mPattern No. 563 Pass[0m, R-type DIV,  lat =   9
[38;5;121mPattern No. 564 Pass[0m, R-type ADD,  lat =   9
[38;5;121mPattern No. 565 Pass[0m, R-type SLA,  lat =   9
[38;5;121mPattern No. 566 Pass[0m, R-type ADD,  lat =   9
[38;5;121mPattern No. 567 Pass[0m, R-type MULT, lat =   9
[38;5;121mPattern No. 568 Pass[0m, R-type SRA,  lat =   9
[38;5;121mPattern No. 569 Pass[0m, I-type ADDI, lat =   9
[38;5;121mPattern No. 570 Pass[0m, R-type SRA,  lat =   9
[38;5;121mPattern No. 571 Pass[0m, I-type ORI,  lat =   9
[38;5;121mPattern No. 572 Pass[0m, R-type SLA,  lat =   9
[38;5;121mPattern No. 573 Pass[0m, R-type DIV,  lat =   9
[38;5;121mPattern No. 574 Pass[0m, R-type SLA,  lat =   9
[38;5;121mPattern No. 575 Pass[0m, R-type ADD,  lat =   9
[38;5;121mPattern No. 576 Pass[0m, I-type ORI,  lat =   9
[38;5;121mPattern No. 577 Pass[0m, R-type MULT, lat =   9
[38;5;121mPattern No. 578 Pass[0m, R-type SLA,  lat =   9
[38;5;121mPattern No. 579 Pass[0m, R-type SRA,  lat =   9
[38;5;121mPattern No. 580 Pass[0m, I-type ADDI, lat =   9
[38;5;121mPattern No. 581 Pass[0m, R-type OR,   lat =   9
[38;5;121mPattern No. 582 Pass[0m, R-type MULT, lat =   9
[38;5;121mPattern No. 583 Pass[0m, R-type SRA,  lat =   9
[38;5;121mPattern No. 584 Pass[0m, R-type DIV,  lat =   9
[38;5;121mPattern No. 585 Pass[0m, R-type OR,   lat =   9
[38;5;121mPattern No. 586 Pass[0m, R-type DIV,  lat =   9
[38;5;121mPattern No. 587 Pass[0m, R-type SLA,  lat =   9
[38;5;121mPattern No. 588 Pass[0m, R-type DIV,  lat =   9
[38;5;121mPattern No. 589 Pass[0m, R-type SRA,  lat =   9
[38;5;121mPattern No. 590 Pass[0m, I-type ORI,  lat =   9
[38;5;121mPattern No. 591 Pass[0m, R-type ADD,  lat =   9
[38;5;121mPattern No. 592 Pass[0m, R-type DIV,  lat =   9
[38;5;121mPattern No. 593 Pass[0m, R-type OR,   lat =   9
[38;5;121mPattern No. 594 Pass[0m, R-type ADD,  lat =   9
[38;5;121mPattern No. 595 Pass[0m, R-type DIV,  lat =   9
[38;5;121mPattern No. 596 Pass[0m, R-type DIV,  lat =   9
[38;5;121mPattern No. 597 Pass[0m, R-type SLA,  lat =   9
[38;5;121mPattern No. 598 Pass[0m, R-type SRA,  lat =   9
[38;5;121mPattern No. 599 Pass[0m, Bad Ins.,    lat =   9
[38;5;121mPattern No. 601 Pass[0m, R-type SLA,  lat =   9
[38;5;121mPattern No. 602 Pass[0m, R-type SLA,  lat =   9
[38;5;121mPattern No. 603 Pass[0m, R-type MULT, lat =   9
[38;5;121mPattern No. 604 Pass[0m, R-type MULT, lat =   9
[38;5;121mPattern No. 605 Pass[0m, R-type SLA,  lat =   9
[38;5;121mPattern No. 606 Pass[0m, R-type MULT, lat =   9
[38;5;121mPattern No. 607 Pass[0m, R-type OR,   lat =   9
[38;5;121mPattern No. 608 Pass[0m, R-type OR,   lat =   9
[38;5;121mPattern No. 609 Pass[0m, R-type SLA,  lat =   9
[38;5;121mPattern No. 610 Pass[0m, I-type ADDI, lat =   9
[38;5;121mPattern No. 611 Pass[0m, R-type SRA,  lat =   9
[38;5;121mPattern No. 612 Pass[0m, I-type ORI,  lat =   9
[38;5;121mPattern No. 613 Pass[0m, R-type SLA,  lat =   9
[38;5;121mPattern No. 614 Pass[0m, I-type ADDI, lat =   9
[38;5;121mPattern No. 615 Pass[0m, I-type ORI,  lat =   9
[38;5;121mPattern No. 616 Pass[0m, R-type MULT, lat =   9
[38;5;121mPattern No. 617 Pass[0m, R-type MULT, lat =   9
[38;5;121mPattern No. 618 Pass[0m, I-type ADDI, lat =   9
[38;5;121mPattern No. 619 Pass[0m, R-type OR,   lat =   9
[38;5;121mPattern No. 620 Pass[0m, R-type ADD,  lat =   9
[38;5;121mPattern No. 621 Pass[0m, I-type ORI,  lat =   9
[38;5;121mPattern No. 622 Pass[0m, R-type SLA,  lat =   9
[38;5;121mPattern No. 623 Pass[0m, R-type SRA,  lat =   9
[38;5;121mPattern No. 624 Pass[0m, R-type ADD,  lat =   9
[38;5;121mPattern No. 625 Pass[0m, R-type SRA,  lat =   9
[38;5;121mPattern No. 626 Pass[0m, R-type SRA,  lat =   9
[38;5;121mPattern No. 627 Pass[0m, I-type ADDI, lat =   9
[38;5;121mPattern No. 628 Pass[0m, R-type SLA,  lat =   9
[38;5;121mPattern No. 629 Pass[0m, R-type ADD,  lat =   9
[38;5;121mPattern No. 630 Pass[0m, R-type OR,   lat =   9
[38;5;121mPattern No. 631 Pass[0m, R-type OR,   lat =   9
[38;5;121mPattern No. 632 Pass[0m, R-type SRA,  lat =   9
[38;5;121mPattern No. 633 Pass[0m, R-type ADD,  lat =   9
[38;5;121mPattern No. 634 Pass[0m, R-type DIV,  lat =   9
[38;5;121mPattern No. 635 Pass[0m, R-type OR,   lat =   9
[38;5;121mPattern No. 636 Pass[0m, I-type ORI,  lat =   9
[38;5;121mPattern No. 637 Pass[0m, R-type DIV,  lat =   9
[38;5;121mPattern No. 638 Pass[0m, R-type SRA,  lat =   9
[38;5;121mPattern No. 639 Pass[0m, R-type ADD,  lat =   9
[38;5;121mPattern No. 640 Pass[0m, R-type DIV,  lat =   9
[38;5;121mPattern No. 641 Pass[0m, R-type OR,   lat =  12
[38;5;121mPattern No. 642 Pass[0m, I-type ORI,  lat =  12
[38;5;121mPattern No. 643 Pass[0m, R-type SRA,  lat =  13
[38;5;121mPattern No. 644 Pass[0m, R-type SLA,  lat =   9
[38;5;121mPattern No. 645 Pass[0m, R-type SLA,  lat =   9
[38;5;121mPattern No. 646 Pass[0m, R-type SRA,  lat =   9
[38;5;121mPattern No. 647 Pass[0m, R-type MULT, lat =   9
[38;5;121mPattern No. 648 Pass[0m, R-type MULT, lat =   9
[38;5;121mPattern No. 649 Pass[0m, R-type DIV,  lat =   9
[38;5;121mPattern No. 650 Pass[0m, R-type DIV,  lat =   9
[38;5;121mPattern No. 651 Pass[0m, I-type ORI,  lat =   9
[38;5;121mPattern No. 652 Pass[0m, R-type MULT, lat =   9
[38;5;121mPattern No. 653 Pass[0m, I-type ADDI, lat =   9
[38;5;121mPattern No. 654 Pass[0m, R-type SRA,  lat =   9
[38;5;121mPattern No. 655 Pass[0m, I-type ORI,  lat =   9
[38;5;121mPattern No. 656 Pass[0m, R-type OR,   lat =   9
[38;5;121mPattern No. 657 Pass[0m, Bad Ins.,    lat =   9
[38;5;121mPattern No. 658 Pass[0m, I-type ORI,  lat =   9
[38;5;121mPattern No. 659 Pass[0m, R-type SLA,  lat =   9
[38;5;121mPattern No. 660 Pass[0m, R-type SLA,  lat =   9
[38;5;121mPattern No. 661 Pass[0m, R-type SLA,  lat =   9
[38;5;121mPattern No. 662 Pass[0m, I-type ADDI, lat =   9
[38;5;121mPattern No. 663 Pass[0m, R-type ADD,  lat =   9
[38;5;121mPattern No. 664 Pass[0m, R-type SLA,  lat =   9
[38;5;121mPattern No. 665 Pass[0m, R-type DIV,  lat =   9
[38;5;121mPattern No. 666 Pass[0m, R-type DIV,  lat =   9
[38;5;121mPattern No. 667 Pass[0m, R-type SLA,  lat =   9
[38;5;121mPattern No. 668 Pass[0m, R-type OR,   lat =   9
[38;5;121mPattern No. 669 Pass[0m, R-type MULT, lat =   9
[38;5;121mPattern No. 670 Pass[0m, I-type ORI,  lat =   9
[38;5;121mPattern No. 671 Pass[0m, R-type OR,   lat =   9
[38;5;121mPattern No. 672 Pass[0m, R-type MULT, lat =   9
[38;5;121mPattern No. 673 Pass[0m, I-type ADDI, lat =   9
[38;5;121mPattern No. 674 Pass[0m, R-type MULT, lat =   9
[38;5;121mPattern No. 675 Pass[0m, R-type DIV,  lat =   9
[38;5;121mPattern No. 676 Pass[0m, I-type ORI,  lat =   9
[38;5;121mPattern No. 677 Pass[0m, I-type ORI,  lat =   9
[38;5;121mPattern No. 678 Pass[0m, R-type MULT, lat =   9
[38;5;121mPattern No. 679 Pass[0m, I-type ADDI, lat =   9
[38;5;121mPattern No. 680 Pass[0m, R-type DIV,  lat =   9
[38;5;121mPattern No. 681 Pass[0m, R-type SLA,  lat =   9
[38;5;121mPattern No. 682 Pass[0m, R-type SLA,  lat =   9
[38;5;121mPattern No. 683 Pass[0m, I-type ADDI, lat =   9
[38;5;121mPattern No. 684 Pass[0m, R-type SLA,  lat =   9
[38;5;121mPattern No. 685 Pass[0m, I-type ORI,  lat =   9
[38;5;121mPattern No. 686 Pass[0m, R-type ADD,  lat =   9
[38;5;121mPattern No. 687 Pass[0m, R-type DIV,  lat =   9
[38;5;121mPattern No. 689 Pass[0m, I-type ADDI, lat =   9
[38;5;121mPattern No. 690 Pass[0m, R-type SRA,  lat =   9
[38;5;121mPattern No. 691 Pass[0m, R-type SRA,  lat =   9
[38;5;121mPattern No. 692 Pass[0m, I-type ORI,  lat =   9
[38;5;121mPattern No. 693 Pass[0m, R-type DIV,  lat =   9
[38;5;121mPattern No. 694 Pass[0m, I-type ADDI, lat =   9
[38;5;121mPattern No. 695 Pass[0m, R-type DIV,  lat =   9
[38;5;121mPattern No. 696 Pass[0m, I-type ORI,  lat =   9
[38;5;121mPattern No. 697 Pass[0m, R-type SLA,  lat =   9
[38;5;121mPattern No. 698 Pass[0m, R-type SRA,  lat =   9
[38;5;121mPattern No. 699 Pass[0m, R-type SLA,  lat =   9
[38;5;121mPattern No. 700 Pass[0m, R-type OR,   lat =   9
[38;5;121mPattern No. 701 Pass[0m, R-type MULT, lat =   9
[38;5;121mPattern No. 702 Pass[0m, I-type ADDI, lat =   9
[38;5;121mPattern No. 703 Pass[0m, R-type SLA,  lat =   9
[38;5;121mPattern No. 704 Pass[0m, I-type ORI,  lat =   9
[38;5;121mPattern No. 705 Pass[0m, R-type MULT, lat =   9
[38;5;121mPattern No. 706 Pass[0m, R-type DIV,  lat =   9
[38;5;121mPattern No. 707 Pass[0m, I-type ADDI, lat =   9
[38;5;121mPattern No. 708 Pass[0m, Bad Ins.,    lat =   9
[38;5;121mPattern No. 709 Pass[0m, R-type OR,   lat =   9
[38;5;121mPattern No. 710 Pass[0m, I-type ORI,  lat =   9
[38;5;121mPattern No. 711 Pass[0m, R-type ADD,  lat =   9
[38;5;121mPattern No. 712 Pass[0m, R-type DIV,  lat =  10
[38;5;121mPattern No. 713 Pass[0m, R-type SLA,  lat =  10
[38;5;121mPattern No. 714 Pass[0m, R-type DIV,  lat =  11
[38;5;121mPattern No. 715 Pass[0m, R-type ADD,  lat =   9
[38;5;121mPattern No. 716 Pass[0m, R-type DIV,  lat =   9
[38;5;121mPattern No. 717 Pass[0m, I-type ORI,  lat =   9
[38;5;121mPattern No. 718 Pass[0m, R-type OR,   lat =   9
[38;5;121mPattern No. 719 Pass[0m, R-type SLA,  lat =   9
[38;5;121mPattern No. 720 Pass[0m, R-type SLA,  lat =   9
[38;5;121mPattern No. 721 Pass[0m, R-type SLA,  lat =   9
[38;5;121mPattern No. 722 Pass[0m, R-type SRA,  lat =   9
[38;5;121mPattern No. 723 Pass[0m, R-type DIV,  lat =   9
[38;5;121mPattern No. 724 Pass[0m, R-type OR,   lat =   9
[38;5;121mPattern No. 725 Pass[0m, R-type OR,   lat =   9
[38;5;121mPattern No. 726 Pass[0m, R-type SLA,  lat =   9
[38;5;121mPattern No. 727 Pass[0m, R-type MULT, lat =  12
[38;5;121mPattern No. 728 Pass[0m, R-type DIV,  lat =  12
[38;5;121mPattern No. 729 Pass[0m, R-type ADD,  lat =  13
[38;5;121mPattern No. 730 Pass[0m, R-type OR,   lat =   9
[38;5;121mPattern No. 731 Pass[0m, R-type MULT, lat =   9
[38;5;121mPattern No. 732 Pass[0m, R-type MULT, lat =   9
[38;5;121mPattern No. 733 Pass[0m, R-type ADD,  lat =   9
[38;5;121mPattern No. 734 Pass[0m, I-type ORI,  lat =   9
[38;5;121mPattern No. 735 Pass[0m, R-type SLA,  lat =   9
[38;5;121mPattern No. 736 Pass[0m, R-type MULT, lat =   9
[38;5;121mPattern No. 737 Pass[0m, R-type ADD,  lat =   9
[38;5;121mPattern No. 738 Pass[0m, R-type SRA,  lat =   9
[38;5;121mPattern No. 739 Pass[0m, I-type ADDI, lat =   9
[38;5;121mPattern No. 740 Pass[0m, R-type SLA,  lat =   9
[38;5;121mPattern No. 741 Pass[0m, R-type OR,   lat =   9
[38;5;121mPattern No. 742 Pass[0m, I-type ORI,  lat =   9
[38;5;121mPattern No. 743 Pass[0m, I-type ORI,  lat =   9
[38;5;121mPattern No. 744 Pass[0m, R-type MULT, lat =   9
[38;5;121mPattern No. 745 Pass[0m, R-type SRA,  lat =   9
[38;5;121mPattern No. 746 Pass[0m, R-type DIV,  lat =   9
[38;5;121mPattern No. 747 Pass[0m, R-type OR,   lat =   9
[38;5;121mPattern No. 748 Pass[0m, R-type ADD,  lat =   9
[38;5;121mPattern No. 749 Pass[0m, R-type ADD,  lat =   9
[38;5;121mPattern No. 750 Pass[0m, R-type SRA,  lat =   9
[38;5;121mPattern No. 751 Pass[0m, I-type ADDI, lat =   9
[38;5;121mPattern No. 752 Pass[0m, R-type SLA,  lat =   9
[38;5;121mPattern No. 753 Pass[0m, R-type DIV,  lat =   9
[38;5;121mPattern No. 754 Pass[0m, R-type OR,   lat =   9
[38;5;121mPattern No. 755 Pass[0m, I-type ADDI, lat =   9
[38;5;121mPattern No. 756 Pass[0m, R-type OR,   lat =   9
[38;5;121mPattern No. 757 Pass[0m, R-type MULT, lat =   9
[38;5;121mPattern No. 758 Pass[0m, Bad Ins.,    lat =   9
[38;5;121mPattern No. 759 Pass[0m, R-type ADD,  lat =   9
[38;5;121mPattern No. 760 Pass[0m, I-type ORI,  lat =   9
[38;5;121mPattern No. 761 Pass[0m, R-type DIV,  lat =   9
[38;5;121mPattern No. 762 Pass[0m, R-type DIV,  lat =   9
[38;5;121mPattern No. 763 Pass[0m, I-type ORI,  lat =   9
[38;5;121mPattern No. 764 Pass[0m, R-type SRA,  lat =   9
[38;5;121mPattern No. 765 Pass[0m, R-type DIV,  lat =   9
[38;5;121mPattern No. 766 Pass[0m, R-type SLA,  lat =   9
[38;5;121mPattern No. 767 Pass[0m, R-type SRA,  lat =   9
[38;5;121mPattern No. 768 Pass[0m, R-type MULT, lat =   9
[38;5;121mPattern No. 769 Pass[0m, R-type MULT, lat =  12
[38;5;121mPattern No. 770 Pass[0m, R-type DIV,  lat =  12
[38;5;121mPattern No. 771 Pass[0m, R-type SRA,  lat =  13
[38;5;121mPattern No. 772 Pass[0m, R-type MULT, lat =   9
[38;5;121mPattern No. 773 Pass[0m, R-type SLA,  lat =   9
[38;5;121mPattern No. 774 Pass[0m, R-type DIV,  lat =   9
[38;5;121mPattern No. 775 Pass[0m, R-type SLA,  lat =   9
[38;5;121mPattern No. 777 Pass[0m, R-type OR,   lat =   9
[38;5;121mPattern No. 778 Pass[0m, R-type DIV,  lat =   9
[38;5;121mPattern No. 779 Pass[0m, R-type SRA,  lat =   9
[38;5;121mPattern No. 780 Pass[0m, I-type ORI,  lat =   9
[38;5;121mPattern No. 781 Pass[0m, R-type SLA,  lat =   9
[38;5;121mPattern No. 782 Pass[0m, R-type MULT, lat =   9
[38;5;121mPattern No. 783 Pass[0m, R-type MULT, lat =   9
[38;5;121mPattern No. 784 Pass[0m, R-type MULT, lat =   9
[38;5;121mPattern No. 785 Pass[0m, R-type MULT, lat =   9
[38;5;121mPattern No. 786 Pass[0m, R-type DIV,  lat =   9
[38;5;121mPattern No. 787 Pass[0m, I-type ADDI, lat =   9
[38;5;121mPattern No. 788 Pass[0m, I-type ORI,  lat =   9
[38;5;121mPattern No. 789 Pass[0m, R-type DIV,  lat =   9
[38;5;121mPattern No. 790 Pass[0m, R-type SLA,  lat =   9
[38;5;121mPattern No. 791 Pass[0m, I-type ADDI, lat =   9
[38;5;121mPattern No. 792 Pass[0m, R-type SLA,  lat =   9
[38;5;121mPattern No. 793 Pass[0m, R-type MULT, lat =   9
[38;5;121mPattern No. 794 Pass[0m, R-type SLA,  lat =   9
[38;5;121mPattern No. 795 Pass[0m, R-type MULT, lat =   9
[38;5;121mPattern No. 796 Pass[0m, R-type DIV,  lat =   9
[38;5;121mPattern No. 797 Pass[0m, R-type OR,   lat =   9
[38;5;121mPattern No. 798 Pass[0m, R-type ADD,  lat =   9
[38;5;121mPattern No. 799 Pass[0m, R-type ADD,  lat =   9
[38;5;121mPattern No. 800 Pass[0m, R-type SRA,  lat =  12
[38;5;121mPattern No. 801 Pass[0m, I-type ADDI, lat =  12
[38;5;121mPattern No. 802 Pass[0m, R-type ADD,  lat =  13
[38;5;121mPattern No. 803 Pass[0m, R-type SRA,  lat =   9
[38;5;121mPattern No. 804 Pass[0m, R-type MULT, lat =   9
[38;5;121mPattern No. 805 Pass[0m, R-type ADD,  lat =   9
[38;5;121mPattern No. 806 Pass[0m, R-type DIV,  lat =   9
[38;5;121mPattern No. 807 Pass[0m, R-type ADD,  lat =   9
[38;5;121mPattern No. 808 Pass[0m, R-type OR,   lat =   9
[38;5;121mPattern No. 809 Pass[0m, I-type ADDI, lat =   9
[38;5;121mPattern No. 810 Pass[0m, R-type MULT, lat =   9
[38;5;121mPattern No. 811 Pass[0m, I-type ADDI, lat =   9
[38;5;121mPattern No. 812 Pass[0m, I-type ADDI, lat =   9
[38;5;121mPattern No. 813 Pass[0m, R-type ADD,  lat =   9
[38;5;121mPattern No. 814 Pass[0m, R-type MULT, lat =   9
[38;5;121mPattern No. 815 Pass[0m, R-type DIV,  lat =   9
[38;5;121mPattern No. 816 Pass[0m, I-type ORI,  lat =   9
[38;5;121mPattern No. 817 Pass[0m, R-type SLA,  lat =   9
[38;5;121mPattern No. 818 Pass[0m, I-type ORI,  lat =   9
[38;5;121mPattern No. 819 Pass[0m, R-type SRA,  lat =   9
[38;5;121mPattern No. 820 Pass[0m, R-type MULT, lat =   9
[38;5;121mPattern No. 821 Pass[0m, I-type ADDI, lat =   9
[38;5;121mPattern No. 822 Pass[0m, R-type SLA,  lat =   9
[38;5;121mPattern No. 823 Pass[0m, R-type DIV,  lat =   9
[38;5;121mPattern No. 824 Pass[0m, I-type ORI,  lat =   9
[38;5;121mPattern No. 825 Pass[0m, I-type ORI,  lat =   9
[38;5;121mPattern No. 826 Pass[0m, R-type SRA,  lat =   9
[38;5;121mPattern No. 827 Pass[0m, R-type ADD,  lat =   9
[38;5;121mPattern No. 828 Pass[0m, R-type OR,   lat =   9
[38;5;121mPattern No. 829 Pass[0m, R-type DIV,  lat =   9
[38;5;121mPattern No. 830 Pass[0m, I-type ORI,  lat =   9
[38;5;121mPattern No. 831 Pass[0m, I-type ADDI, lat =   9
[38;5;121mPattern No. 832 Pass[0m, R-type SRA,  lat =   9
[38;5;121mPattern No. 833 Pass[0m, R-type OR,   lat =  12
[38;5;121mPattern No. 834 Pass[0m, R-type SRA,  lat =  12
[38;5;121mPattern No. 835 Pass[0m, R-type SRA,  lat =  13
[38;5;121mPattern No. 836 Pass[0m, I-type ORI,  lat =   9
[38;5;121mPattern No. 837 Pass[0m, R-type DIV,  lat =   9
[38;5;121mPattern No. 838 Pass[0m, R-type OR,   lat =   9
[38;5;121mPattern No. 839 Pass[0m, R-type SLA,  lat =   9
[38;5;121mPattern No. 840 Pass[0m, R-type SLA,  lat =   9
[38;5;121mPattern No. 841 Pass[0m, R-type OR,   lat =   9
[38;5;121mPattern No. 842 Pass[0m, R-type ADD,  lat =   9
[38;5;121mPattern No. 843 Pass[0m, I-type ADDI, lat =   9
[38;5;121mPattern No. 844 Pass[0m, R-type OR,   lat =   9
[38;5;121mPattern No. 845 Pass[0m, R-type SLA,  lat =   9
[38;5;121mPattern No. 846 Pass[0m, R-type MULT, lat =   9
[38;5;121mPattern No. 847 Pass[0m, R-type DIV,  lat =   9
[38;5;121mPattern No. 848 Pass[0m, R-type OR,   lat =   9
[38;5;121mPattern No. 849 Pass[0m, R-type SLA,  lat =   9
[38;5;121mPattern No. 850 Pass[0m, R-type DIV,  lat =   9
[38;5;121mPattern No. 851 Pass[0m, R-type SRA,  lat =  12
[38;5;121mPattern No. 852 Pass[0m, R-type OR,   lat =  12
[38;5;121mPattern No. 853 Pass[0m, R-type ADD,  lat =  13
[38;5;121mPattern No. 854 Pass[0m, R-type MULT, lat =   9
[38;5;121mPattern No. 855 Pass[0m, R-type SRA,  lat =   9
[38;5;121mPattern No. 856 Pass[0m, I-type ORI,  lat =   9
[38;5;121mPattern No. 857 Pass[0m, R-type OR,   lat =   9
[38;5;121mPattern No. 858 Pass[0m, I-type ADDI, lat =   9
[38;5;121mPattern No. 859 Pass[0m, R-type OR,   lat =   9
[38;5;121mPattern No. 860 Pass[0m, I-type ADDI, lat =   9
[38;5;121mPattern No. 861 Pass[0m, R-type ADD,  lat =   9
[38;5;121mPattern No. 862 Pass[0m, R-type ADD,  lat =   9
[38;5;121mPattern No. 863 Pass[0m, R-type SRA,  lat =   9
[38;5;121mPattern No. 864 Pass[0m, R-type DIV,  lat =   9
[38;5;121mPattern No. 865 Pass[0m, R-type SRA,  lat =   9
[38;5;121mPattern No. 866 Pass[0m, I-type ORI,  lat =   9
[38;5;121mPattern No. 867 Pass[0m, R-type SLA,  lat =   9
[38;5;121mPattern No. 868 Pass[0m, R-type DIV,  lat =   9
[38;5;121mPattern No. 869 Pass[0m, R-type SRA,  lat =   9
[38;5;121mPattern No. 870 Pass[0m, I-type ORI,  lat =   9
[38;5;121mPattern No. 871 Pass[0m, R-type DIV,  lat =   9
[38;5;121mPattern No. 872 Pass[0m, R-type SLA,  lat =   9
[38;5;121mPattern No. 873 Pass[0m, R-type SLA,  lat =   9
[38;5;121mPattern No. 874 Pass[0m, R-type DIV,  lat =  10
[38;5;121mPattern No. 875 Pass[0m, I-type ADDI, lat =  10
[38;5;121mPattern No. 876 Pass[0m, R-type DIV,  lat =  11
[38;5;121mPattern No. 877 Pass[0m, R-type ADD,  lat =   9
[38;5;121mPattern No. 878 Pass[0m, I-type ADDI, lat =   9
[38;5;121mPattern No. 879 Pass[0m, R-type MULT, lat =  10
[38;5;121mPattern No. 880 Pass[0m, R-type SLA,  lat =  10
[38;5;121mPattern No. 881 Pass[0m, R-type ADD,  lat =  11
[38;5;121mPattern No. 882 Pass[0m, R-type OR,   lat =   9
[38;5;121mPattern No. 883 Pass[0m, R-type SRA,  lat =   9
[38;5;121mPattern No. 884 Pass[0m, R-type MULT, lat =   9
[38;5;121mPattern No. 885 Pass[0m, R-type MULT, lat =   9
[38;5;121mPattern No. 886 Pass[0m, R-type SLA,  lat =   9
[38;5;121mPattern No. 887 Pass[0m, R-type OR,   lat =   9
[38;5;121mPattern No. 888 Pass[0m, R-type SLA,  lat =   9
[38;5;121mPattern No. 889 Pass[0m, R-type MULT, lat =   9
[38;5;121mPattern No. 890 Pass[0m, I-type ORI,  lat =   9
[38;5;121mPattern No. 891 Pass[0m, R-type MULT, lat =   9
[38;5;121mPattern No. 892 Pass[0m, R-type ADD,  lat =   9
[38;5;121mPattern No. 893 Pass[0m, R-type DIV,  lat =   9
[38;5;121mPattern No. 894 Pass[0m, R-type MULT, lat =   9
[38;5;121mPattern No. 895 Pass[0m, I-type ADDI, lat =   9
[38;5;121mPattern No. 896 Pass[0m, R-type ADD,  lat =   9
[38;5;121mPattern No. 897 Pass[0m, R-type OR,   lat =   9
[38;5;121mPattern No. 898 Pass[0m, I-type ADDI, lat =  11
[38;5;121mPattern No. 899 Pass[0m, I-type ORI,  lat =  11
[38;5;121mPattern No. 900 Pass[0m, I-type ORI,  lat =  12
[38;5;121mPattern No. 901 Pass[0m, R-type OR,   lat =   9
[38;5;121mPattern No. 902 Pass[0m, R-type SLA,  lat =   9
[38;5;121mPattern No. 903 Pass[0m, R-type SRA,  lat =   9
[38;5;121mPattern No. 904 Pass[0m, R-type SRA,  lat =   9
[38;5;121mPattern No. 905 Pass[0m, R-type ADD,  lat =   9
[38;5;121mPattern No. 906 Pass[0m, R-type ADD,  lat =   9
[38;5;121mPattern No. 907 Pass[0m, R-type DIV,  lat =   9
[38;5;121mPattern No. 908 Pass[0m, R-type SLA,  lat =   9
[38;5;121mPattern No. 909 Pass[0m, R-type ADD,  lat =   9
[38;5;121mPattern No. 910 Pass[0m, R-type MULT, lat =   9
[38;5;121mPattern No. 911 Pass[0m, R-type MULT, lat =   9
[38;5;121mPattern No. 912 Pass[0m, R-type OR,   lat =   9
[38;5;121mPattern No. 913 Pass[0m, R-type SLA,  lat =   9
[38;5;121mPattern No. 914 Pass[0m, R-type ADD,  lat =   9
[38;5;121mPattern No. 915 Pass[0m, I-type ORI,  lat =   9
[38;5;121mPattern No. 916 Pass[0m, R-type MULT, lat =   9
[38;5;121mPattern No. 917 Pass[0m, R-type DIV,  lat =   9
[38;5;121mPattern No. 918 Pass[0m, R-type OR,   lat =   9
[38;5;121mPattern No. 919 Pass[0m, R-type SLA,  lat =   9
[38;5;121mPattern No. 920 Pass[0m, R-type OR,   lat =   9
[38;5;121mPattern No. 921 Pass[0m, R-type SRA,  lat =  12
[38;5;121mPattern No. 922 Pass[0m, R-type OR,   lat =  12
[38;5;121mPattern No. 923 Pass[0m, R-type SRA,  lat =  13
[38;5;121mPattern No. 924 Pass[0m, R-type OR,   lat =   9
[38;5;121mPattern No. 925 Pass[0m, I-type ORI,  lat =   9
[38;5;121mPattern No. 926 Pass[0m, R-type MULT, lat =   9
[38;5;121mPattern No. 928 Pass[0m, R-type ADD,  lat =   9
[38;5;121mPattern No. 929 Pass[0m, R-type OR,   lat =   9
[38;5;121mPattern No. 930 Pass[0m, R-type ADD,  lat =   9
[38;5;121mPattern No. 931 Pass[0m, R-type SRA,  lat =   9
[38;5;121mPattern No. 932 Pass[0m, I-type ORI,  lat =   9
[38;5;121mPattern No. 933 Pass[0m, R-type SRA,  lat =   9
[38;5;121mPattern No. 934 Pass[0m, R-type DIV,  lat =   9
[38;5;121mPattern No. 935 Pass[0m, R-type SLA,  lat =   9
[38;5;121mPattern No. 936 Pass[0m, I-type ADDI, lat =   9
[38;5;121mPattern No. 937 Pass[0m, I-type ORI,  lat =   9
[38;5;121mPattern No. 938 Pass[0m, R-type OR,   lat =  12
[38;5;121mPattern No. 939 Pass[0m, R-type SLA,  lat =  12
[38;5;121mPattern No. 940 Pass[0m, R-type OR,   lat =  13
[38;5;121mPattern No. 941 Pass[0m, R-type ADD,  lat =   9
[38;5;121mPattern No. 942 Pass[0m, R-type SLA,  lat =   9
[38;5;121mPattern No. 943 Pass[0m, R-type OR,   lat =   9
[38;5;121mPattern No. 944 Pass[0m, R-type SLA,  lat =   9
[38;5;121mPattern No. 945 Pass[0m, R-type ADD,  lat =   9
[38;5;121mPattern No. 946 Pass[0m, I-type ADDI, lat =   9
[38;5;121mPattern No. 947 Pass[0m, I-type ADDI, lat =   9
[38;5;121mPattern No. 948 Pass[0m, R-type MULT, lat =   9
[38;5;121mPattern No. 949 Pass[0m, R-type OR,   lat =   9
[38;5;121mPattern No. 950 Pass[0m, I-type ADDI, lat =   9
[38;5;121mPattern No. 951 Pass[0m, R-type MULT, lat =   9
[38;5;121mPattern No. 952 Pass[0m, R-type MULT, lat =   9
[38;5;121mPattern No. 953 Pass[0m, I-type ORI,  lat =   9
[38;5;121mPattern No. 954 Pass[0m, R-type OR,   lat =   9
[38;5;121mPattern No. 955 Pass[0m, R-type DIV,  lat =   9
[38;5;121mPattern No. 956 Pass[0m, I-type ADDI, lat =   9
[38;5;121mPattern No. 957 Pass[0m, I-type ORI,  lat =   9
[38;5;121mPattern No. 958 Pass[0m, R-type ADD,  lat =   9
[38;5;121mPattern No. 959 Pass[0m, R-type ADD,  lat =   9
[38;5;121mPattern No. 960 Pass[0m, R-type OR,   lat =   9
[38;5;121mPattern No. 961 Pass[0m, R-type SRA,  lat =   9
[38;5;121mPattern No. 962 Pass[0m, R-type ADD,  lat =   9
[38;5;121mPattern No. 963 Pass[0m, R-type OR,   lat =   9
[38;5;121mPattern No. 964 Pass[0m, R-type SLA,  lat =   9
[38;5;121mPattern No. 965 Pass[0m, R-type OR,   lat =   9
[38;5;121mPattern No. 966 Pass[0m, R-type SRA,  lat =   9
[38;5;121mPattern No. 967 Pass[0m, R-type SLA,  lat =   9
[38;5;121mPattern No. 968 Pass[0m, R-type OR,   lat =   9
[38;5;121mPattern No. 969 Pass[0m, R-type SLA,  lat =   9
[38;5;121mPattern No. 970 Pass[0m, R-type SRA,  lat =   9
[38;5;121mPattern No. 971 Pass[0m, I-type ADDI, lat =   9
[38;5;121mPattern No. 972 Pass[0m, R-type ADD,  lat =   9
[38;5;121mPattern No. 973 Pass[0m, R-type SRA,  lat =   9
[38;5;121mPattern No. 974 Pass[0m, R-type MULT, lat =   9
[38;5;121mPattern No. 975 Pass[0m, I-type ORI,  lat =   9
[38;5;121mPattern No. 976 Pass[0m, R-type SLA,  lat =   9
[38;5;121mPattern No. 977 Pass[0m, I-type ADDI, lat =   9
[38;5;121mPattern No. 978 Pass[0m, I-type ADDI, lat =   9
[38;5;121mPattern No. 979 Pass[0m, R-type OR,   lat =   9
[38;5;121mPattern No. 980 Pass[0m, R-type DIV,  lat =   9
[38;5;121mPattern No. 981 Pass[0m, R-type SRA,  lat =   9
[38;5;121mPattern No. 982 Pass[0m, R-type MULT, lat =   9
[38;5;121mPattern No. 983 Pass[0m, I-type ORI,  lat =   9
[38;5;121mPattern No. 984 Pass[0m, R-type MULT, lat =   9
[38;5;121mPattern No. 985 Pass[0m, R-type DIV,  lat =   9
[38;5;121mPattern No. 986 Pass[0m, I-type ORI,  lat =   9
[38;5;121mPattern No. 987 Pass[0m, R-type OR,   lat =   9
[38;5;121mPattern No. 988 Pass[0m, Bad Ins.,    lat =   9
[38;5;121mPattern No. 989 Pass[0m, R-type MULT, lat =   9
[38;5;121mPattern No. 990 Pass[0m, R-type MULT, lat =   9
[38;5;121mPattern No. 991 Pass[0m, R-type ADD,  lat =   9
[38;5;121mPattern No. 992 Pass[0m, I-type ORI,  lat =   9
[38;5;121mPattern No. 993 Pass[0m, R-type ADD,  lat =   9
[38;5;121mPattern No. 994 Pass[0m, R-type MULT, lat =   9
[38;5;121mPattern No. 996 Pass[0m, R-type ADD,  lat =   9
[38;5;121mPattern No. 997 Pass[0m, R-type MULT, lat =   9
[38;5;121mPattern No. 998 Pass[0m, R-type SRA,  lat =   9
[38;5;121mPattern No. 999 Pass[0m, I-type ADDI, lat =   9
[38;5;121mPattern No.1000 Pass[0m, R-type OR,   lat =   9
[38;5;121mPattern No.1001 Pass[0m, I-type ADDI, lat =   9
[38;5;121mPattern No.1002 Pass[0m, R-type OR,   lat =   9
[38;5;121mPattern No.1003 Pass[0m, I-type ADDI, lat =   9
[38;5;121mPattern No.1004 Pass[0m, R-type ADD,  lat =   9
[38;5;121mPattern No.1005 Pass[0m, R-type MULT, lat =   9
[38;5;121mPattern No.1006 Pass[0m, Bad Ins.,    lat =   9
[38;5;121mPattern No.1007 Pass[0m, R-type MULT, lat =   9
[38;5;121mPattern No.1008 Pass[0m, R-type DIV,  lat =   9
[38;5;121mPattern No.1009 Pass[0m, I-type ADDI, lat =   9
[38;5;121mPattern No.1010 Pass[0m, R-type SRA,  lat =   9
[38;5;121mPattern No.1011 Pass[0m, R-type MULT, lat =   9
[38;5;121mPattern No.1012 Pass[0m, R-type MULT, lat =   9
[38;5;121mPattern No.1013 Pass[0m, R-type OR,   lat =   9
[38;5;121mPattern No.1014 Pass[0m, R-type SRA,  lat =   9
[38;5;121mPattern No.1015 Pass[0m, R-type SRA,  lat =   9
[38;5;121mPattern No.1016 Pass[0m, R-type ADD,  lat =   9
[38;5;121mPattern No.1017 Pass[0m, I-type ADDI, lat =   9
[38;5;121mPattern No.1018 Pass[0m, R-type OR,   lat =   9
[38;5;121mPattern No.1019 Pass[0m, R-type MULT, lat =   9
[38;5;121mPattern No.1020 Pass[0m, R-type MULT, lat =   9
[38;5;121mPattern No.1021 Pass[0m, Bad Ins.,    lat =   9
[38;5;121mPattern No.1022 Pass[0m, R-type DIV,  lat =   9
[38;5;121mPattern No.1023 Pass[0m, I-type ORI,  lat =   9
[38;5;121mPattern No.1024 Pass[0m, I-type ADDI, lat =   9
[38;5;121mPattern No.1025 Pass[0m, R-type SLA,  lat =   9
[38;5;121mPattern No.1026 Pass[0m, R-type DIV,  lat =   9
[38;5;121mPattern No.1027 Pass[0m, R-type SRA,  lat =   9
[38;5;121mPattern No.1028 Pass[0m, R-type SRA,  lat =   9
[38;5;121mPattern No.1029 Pass[0m, R-type ADD,  lat =   9
[38;5;121mPattern No.1030 Pass[0m, R-type ADD,  lat =   9
[38;5;121mPattern No.1031 Pass[0m, R-type OR,   lat =   9
[38;5;121mPattern No.1032 Pass[0m, R-type SLA,  lat =   9
[38;5;121mPattern No.1033 Pass[0m, Bad Ins.,    lat =   9
[38;5;121mPattern No.1035 Pass[0m, R-type OR,   lat =   9
[38;5;121mPattern No.1036 Pass[0m, R-type DIV,  lat =   9
[38;5;121mPattern No.1037 Pass[0m, R-type ADD,  lat =   9
[38;5;121mPattern No.1038 Pass[0m, R-type SLA,  lat =   9
[38;5;121mPattern No.1039 Pass[0m, I-type ORI,  lat =   9
[38;5;121mPattern No.1040 Pass[0m, I-type ORI,  lat =   9
[38;5;121mPattern No.1041 Pass[0m, R-type ADD,  lat =   9
[38;5;121mPattern No.1042 Pass[0m, R-type SRA,  lat =   9
[38;5;121mPattern No.1043 Pass[0m, R-type SRA,  lat =   9
[38;5;121mPattern No.1044 Pass[0m, I-type ADDI, lat =   9
[38;5;121mPattern No.1045 Pass[0m, R-type SLA,  lat =   9
[38;5;121mPattern No.1046 Pass[0m, R-type MULT, lat =   9
[38;5;121mPattern No.1047 Pass[0m, R-type OR,   lat =   9
[38;5;121mPattern No.1048 Pass[0m, I-type ADDI, lat =   9
[38;5;121mPattern No.1049 Pass[0m, R-type ADD,  lat =   9
[38;5;121mPattern No.1050 Pass[0m, I-type ADDI, lat =   9
[38;5;121mPattern No.1051 Pass[0m, R-type OR,   lat =   9
[38;5;121mPattern No.1052 Pass[0m, R-type SRA,  lat =   9
[38;5;121mPattern No.1053 Pass[0m, R-type SRA,  lat =   9
[38;5;121mPattern No.1054 Pass[0m, R-type DIV,  lat =   9
[38;5;121mPattern No.1055 Pass[0m, R-type ADD,  lat =   9
[38;5;121mPattern No.1056 Pass[0m, R-type ADD,  lat =   9
[38;5;121mPattern No.1057 Pass[0m, R-type SLA,  lat =   9
[38;5;121mPattern No.1058 Pass[0m, R-type OR,   lat =   9
[38;5;121mPattern No.1059 Pass[0m, R-type OR,   lat =   9
[38;5;121mPattern No.1060 Pass[0m, R-type OR,   lat =   9
[38;5;121mPattern No.1061 Pass[0m, I-type ORI,  lat =   9
[38;5;121mPattern No.1062 Pass[0m, I-type ADDI, lat =   9
[38;5;121mPattern No.1063 Pass[0m, R-type MULT, lat =   9
[38;5;121mPattern No.1064 Pass[0m, I-type ADDI, lat =   9
[38;5;121mPattern No.1065 Pass[0m, R-type OR,   lat =   9
[38;5;121mPattern No.1066 Pass[0m, R-type ADD,  lat =   9
[38;5;121mPattern No.1067 Pass[0m, R-type OR,   lat =   9
[38;5;121mPattern No.1068 Pass[0m, I-type ORI,  lat =   9
[38;5;121mPattern No.1069 Pass[0m, R-type OR,   lat =   9
[38;5;121mPattern No.1070 Pass[0m, R-type ADD,  lat =   9
[38;5;121mPattern No.1071 Pass[0m, R-type OR,   lat =   9
[38;5;121mPattern No.1072 Pass[0m, R-type SRA,  lat =   9
[38;5;121mPattern No.1073 Pass[0m, R-type SRA,  lat =   9
[38;5;121mPattern No.1074 Pass[0m, I-type ADDI, lat =   9
[38;5;121mPattern No.1075 Pass[0m, R-type SRA,  lat =   9
[38;5;121mPattern No.1076 Pass[0m, I-type ORI,  lat =   9
[38;5;121mPattern No.1077 Pass[0m, R-type MULT, lat =   9
[38;5;121mPattern No.1078 Pass[0m, R-type SRA,  lat =   9
[38;5;121mPattern No.1079 Pass[0m, I-type ADDI, lat =   9
[38;5;121mPattern No.1080 Pass[0m, I-type ADDI, lat =   9
[38;5;121mPattern No.1081 Pass[0m, R-type OR,   lat =   9
[38;5;121mPattern No.1082 Pass[0m, R-type SLA,  lat =   9
[38;5;121mPattern No.1083 Pass[0m, R-type SLA,  lat =   9
[38;5;121mPattern No.1084 Pass[0m, R-type MULT, lat =   9
[38;5;121mPattern No.1085 Pass[0m, I-type ORI,  lat =   9
[38;5;121mPattern No.1086 Pass[0m, R-type DIV,  lat =   9
[38;5;121mPattern No.1087 Pass[0m, R-type MULT, lat =   9
[38;5;121mPattern No.1088 Pass[0m, R-type SRA,  lat =   9
[38;5;121mPattern No.1089 Pass[0m, I-type ORI,  lat =   9
[38;5;121mPattern No.1090 Pass[0m, I-type ADDI, lat =   9
[38;5;121mPattern No.1091 Pass[0m, R-type SRA,  lat =   9
[38;5;121mPattern No.1092 Pass[0m, R-type MULT, lat =   9
[38;5;121mPattern No.1093 Pass[0m, R-type DIV,  lat =   9
[38;5;121mPattern No.1094 Pass[0m, R-type MULT, lat =   9
[38;5;121mPattern No.1095 Pass[0m, R-type MULT, lat =   9
[38;5;121mPattern No.1096 Pass[0m, I-type ORI,  lat =   9
[38;5;121mPattern No.1097 Pass[0m, R-type MULT, lat =   9
[38;5;121mPattern No.1098 Pass[0m, R-type DIV,  lat =   9
[38;5;121mPattern No.1099 Pass[0m, R-type SRA,  lat =   9
[38;5;121mPattern No.1100 Pass[0m, I-type ADDI, lat =   9
[38;5;121mPattern No.1101 Pass[0m, I-type ADDI, lat =   9
[38;5;121mPattern No.1102 Pass[0m, I-type ORI,  lat =   9
[38;5;121mPattern No.1103 Pass[0m, R-type ADD,  lat =  11
[38;5;121mPattern No.1104 Pass[0m, R-type MULT, lat =  11
[38;5;121mPattern No.1105 Pass[0m, R-type ADD,  lat =  12
[38;5;121mPattern No.1106 Pass[0m, I-type ADDI, lat =   9
[38;5;121mPattern No.1107 Pass[0m, Bad Ins.,    lat =   9
[38;5;121mPattern No.1108 Pass[0m, Bad Ins.,    lat =   9
[38;5;121mPattern No.1109 Pass[0m, R-type SLA,  lat =   9
[38;5;121mPattern No.1110 Pass[0m, R-type SLA,  lat =   9
[38;5;121mPattern No.1111 Pass[0m, R-type OR,   lat =   9
[38;5;121mPattern No.1112 Pass[0m, R-type ADD,  lat =   9
[38;5;121mPattern No.1113 Pass[0m, R-type SLA,  lat =   9
[38;5;121mPattern No.1114 Pass[0m, I-type ADDI, lat =   9
[38;5;121mPattern No.1115 Pass[0m, R-type MULT, lat =   9
[38;5;121mPattern No.1116 Pass[0m, R-type ADD,  lat =   9
[38;5;121mPattern No.1117 Pass[0m, I-type ORI,  lat =   9
[38;5;121mPattern No.1118 Pass[0m, R-type DIV,  lat =   9
[38;5;121mPattern No.1119 Pass[0m, I-type ADDI, lat =   9
[38;5;121mPattern No.1120 Pass[0m, R-type OR,   lat =   9
[38;5;121mPattern No.1121 Pass[0m, R-type SRA,  lat =   9
[38;5;121mPattern No.1123 Pass[0m, R-type SRA,  lat =   9
[38;5;121mPattern No.1124 Pass[0m, R-type MULT, lat =   9
[38;5;121mPattern No.1125 Pass[0m, R-type SLA,  lat =   9
[38;5;121mPattern No.1126 Pass[0m, R-type SRA,  lat =   9
[38;5;121mPattern No.1127 Pass[0m, R-type SRA,  lat =   9
[38;5;121mPattern No.1128 Pass[0m, I-type ORI,  lat =   9
[38;5;121mPattern No.1130 Pass[0m, R-type SRA,  lat =   9
[38;5;121mPattern No.1131 Pass[0m, R-type SLA,  lat =   9
[38;5;121mPattern No.1132 Pass[0m, R-type SLA,  lat =   9
[38;5;121mPattern No.1133 Pass[0m, R-type SRA,  lat =   9
[38;5;121mPattern No.1134 Pass[0m, R-type ADD,  lat =   9
[38;5;121mPattern No.1135 Pass[0m, R-type SRA,  lat =   9
[38;5;121mPattern No.1136 Pass[0m, I-type ORI,  lat =   9
[38;5;121mPattern No.1137 Pass[0m, R-type DIV,  lat =   9
[38;5;121mPattern No.1139 Pass[0m, R-type DIV,  lat =   9
[38;5;121mPattern No.1140 Pass[0m, R-type DIV,  lat =   9
[38;5;121mPattern No.1141 Pass[0m, R-type MULT, lat =   9
[38;5;121mPattern No.1142 Pass[0m, R-type MULT, lat =   9
[38;5;121mPattern No.1143 Pass[0m, I-type ADDI, lat =   9
[38;5;121mPattern No.1144 Pass[0m, R-type OR,   lat =   9
[38;5;121mPattern No.1145 Pass[0m, I-type ADDI, lat =   9
[38;5;121mPattern No.1146 Pass[0m, R-type ADD,  lat =   9
[38;5;121mPattern No.1147 Pass[0m, R-type DIV,  lat =   9
[38;5;121mPattern No.1148 Pass[0m, R-type DIV,  lat =   9
[38;5;121mPattern No.1149 Pass[0m, I-type ORI,  lat =   9
[38;5;121mPattern No.1150 Pass[0m, R-type OR,   lat =   9
[38;5;121mPattern No.1151 Pass[0m, R-type ADD,  lat =   9
[38;5;121mPattern No.1152 Pass[0m, R-type DIV,  lat =   9
[38;5;121mPattern No.1153 Pass[0m, I-type ORI,  lat =   9
[38;5;121mPattern No.1154 Pass[0m, R-type SLA,  lat =   9
[38;5;121mPattern No.1155 Pass[0m, I-type ORI,  lat =   9
[38;5;121mPattern No.1156 Pass[0m, I-type ORI,  lat =  12
[38;5;121mPattern No.1157 Pass[0m, R-type DIV,  lat =  12
[38;5;121mPattern No.1159 Pass[0m, I-type ADDI, lat =   9
[38;5;121mPattern No.1160 Pass[0m, I-type ORI,  lat =   9
[38;5;121mPattern No.1161 Pass[0m, I-type ORI,  lat =   9
[38;5;121mPattern No.1162 Pass[0m, R-type SRA,  lat =   9
[38;5;121mPattern No.1163 Pass[0m, R-type SRA,  lat =   9
[38;5;121mPattern No.1164 Pass[0m, R-type OR,   lat =   9
[38;5;121mPattern No.1165 Pass[0m, R-type SLA,  lat =   9
[38;5;121mPattern No.1166 Pass[0m, I-type ORI,  lat =   9
[38;5;121mPattern No.1167 Pass[0m, R-type SLA,  lat =   9
[38;5;121mPattern No.1168 Pass[0m, R-type DIV,  lat =   9
[38;5;121mPattern No.1169 Pass[0m, I-type ORI,  lat =   9
[38;5;121mPattern No.1170 Pass[0m, R-type MULT, lat =   9
[38;5;121mPattern No.1171 Pass[0m, R-type SLA,  lat =   9
[38;5;121mPattern No.1172 Pass[0m, R-type ADD,  lat =   9
[38;5;121mPattern No.1173 Pass[0m, R-type MULT, lat =   9
[38;5;121mPattern No.1174 Pass[0m, R-type SLA,  lat =   9
[38;5;121mPattern No.1175 Pass[0m, R-type DIV,  lat =   9
[38;5;121mPattern No.1176 Pass[0m, R-type ADD,  lat =   9
[38;5;121mPattern No.1177 Pass[0m, R-type SRA,  lat =   9
[38;5;121mPattern No.1178 Pass[0m, R-type SRA,  lat =   9
[38;5;121mPattern No.1179 Pass[0m, R-type DIV,  lat =   9
[38;5;121mPattern No.1180 Pass[0m, R-type SLA,  lat =   9
[38;5;121mPattern No.1181 Pass[0m, R-type OR,   lat =   9
[38;5;121mPattern No.1182 Pass[0m, I-type ORI,  lat =   9
[38;5;121mPattern No.1183 Pass[0m, R-type OR,   lat =   9
[38;5;121mPattern No.1184 Pass[0m, R-type SLA,  lat =   9
[38;5;121mPattern No.1185 Pass[0m, R-type ADD,  lat =   9
[38;5;121mPattern No.1186 Pass[0m, R-type ADD,  lat =   9
[38;5;121mPattern No.1187 Pass[0m, Bad Ins.,    lat =   9
[38;5;121mPattern No.1188 Pass[0m, R-type OR,   lat =   9
[38;5;121mPattern No.1189 Pass[0m, R-type SRA,  lat =   9
[38;5;121mPattern No.1190 Pass[0m, R-type OR,   lat =   9
[38;5;121mPattern No.1191 Pass[0m, R-type SLA,  lat =   9
[38;5;121mPattern No.1192 Pass[0m, R-type DIV,  lat =   9
[38;5;121mPattern No.1193 Pass[0m, I-type ADDI, lat =   9
[38;5;121mPattern No.1194 Pass[0m, Bad Ins.,    lat =   9
[38;5;121mPattern No.1195 Pass[0m, R-type SRA,  lat =   9
[38;5;121mPattern No.1196 Pass[0m, R-type SRA,  lat =  12
[38;5;121mPattern No.1197 Pass[0m, I-type ADDI, lat =  12
[38;5;121mPattern No.1198 Pass[0m, I-type ORI,  lat =  13
[38;5;121mPattern No.1199 Pass[0m, R-type MULT, lat =   9
[38;5;121mPattern No.1200 Pass[0m, R-type DIV,  lat =   9
[38;5;121mPattern No.1201 Pass[0m, R-type SRA,  lat =   9
[38;5;121mPattern No.1202 Pass[0m, I-type ORI,  lat =   9
[38;5;121mPattern No.1203 Pass[0m, R-type ADD,  lat =   9
[38;5;121mPattern No.1204 Pass[0m, I-type ADDI, lat =   9
[38;5;121mPattern No.1205 Pass[0m, R-type SLA,  lat =   9
[38;5;121mPattern No.1206 Pass[0m, I-type ADDI, lat =   9
[38;5;121mPattern No.1207 Pass[0m, R-type SLA,  lat =   9
[38;5;121mPattern No.1208 Pass[0m, R-type SRA,  lat =   9
[38;5;121mPattern No.1209 Pass[0m, R-type OR,   lat =   9
[38;5;121mPattern No.1210 Pass[0m, R-type SRA,  lat =   9
[38;5;121mPattern No.1211 Pass[0m, I-type ADDI, lat =   9
[38;5;121mPattern No.1212 Pass[0m, I-type ADDI, lat =   9
[38;5;121mPattern No.1213 Pass[0m, R-type DIV,  lat =   9
[38;5;121mPattern No.1214 Pass[0m, R-type SRA,  lat =   9
[38;5;121mPattern No.1215 Pass[0m, R-type SLA,  lat =   9
[38;5;121mPattern No.1216 Pass[0m, R-type DIV,  lat =   9
[38;5;121mPattern No.1217 Pass[0m, R-type OR,   lat =  12
[38;5;121mPattern No.1218 Pass[0m, R-type ADD,  lat =  12
[38;5;121mPattern No.1219 Pass[0m, R-type SLA,  lat =  13
[38;5;121mPattern No.1220 Pass[0m, I-type ORI,  lat =   9
[38;5;121mPattern No.1221 Pass[0m, R-type OR,   lat =   9
[38;5;121mPattern No.1222 Pass[0m, I-type ORI,  lat =   9
[38;5;121mPattern No.1223 Pass[0m, R-type ADD,  lat =   9
[38;5;121mPattern No.1224 Pass[0m, R-type SLA,  lat =   9
[38;5;121mPattern No.1225 Pass[0m, R-type SLA,  lat =   9
[38;5;121mPattern No.1226 Pass[0m, R-type MULT, lat =   9
[38;5;121mPattern No.1227 Pass[0m, R-type MULT, lat =   9
[38;5;121mPattern No.1228 Pass[0m, I-type ADDI, lat =   9
[38;5;121mPattern No.1229 Pass[0m, R-type DIV,  lat =   9
[38;5;121mPattern No.1230 Pass[0m, R-type MULT, lat =   9
[38;5;121mPattern No.1231 Pass[0m, Bad Ins.,    lat =   9
[38;5;121mPattern No.1232 Pass[0m, R-type MULT, lat =   9
[38;5;121mPattern No.1233 Pass[0m, R-type OR,   lat =   9
[38;5;121mPattern No.1234 Pass[0m, R-type SLA,  lat =   9
[38;5;121mPattern No.1235 Pass[0m, R-type MULT, lat =   9
[38;5;121mPattern No.1236 Pass[0m, I-type ADDI, lat =   9
[38;5;121mPattern No.1237 Pass[0m, R-type DIV,  lat =   9
[38;5;121mPattern No.1238 Pass[0m, R-type OR,   lat =   9
[38;5;121mPattern No.1239 Pass[0m, R-type DIV,  lat =   9
[38;5;121mPattern No.1240 Pass[0m, R-type DIV,  lat =   9
[38;5;121mPattern No.1241 Pass[0m, R-type MULT, lat =   9
[38;5;121mPattern No.1242 Pass[0m, R-type MULT, lat =   9
[38;5;121mPattern No.1243 Pass[0m, R-type SRA,  lat =   9
[38;5;121mPattern No.1244 Pass[0m, I-type ORI,  lat =   9
[38;5;121mPattern No.1245 Pass[0m, R-type ADD,  lat =  11
[38;5;121mPattern No.1246 Pass[0m, R-type SRA,  lat =  11
[38;5;121mPattern No.1247 Pass[0m, R-type SRA,  lat =  12
[38;5;121mPattern No.1248 Pass[0m, Bad Ins.,    lat =   9
[38;5;121mPattern No.1249 Pass[0m, R-type MULT, lat =   9
[38;5;121mPattern No.1250 Pass[0m, I-type ORI,  lat =   9
[38;5;121mPattern No.1251 Pass[0m, R-type SLA,  lat =   9
[38;5;121mPattern No.1252 Pass[0m, R-type SLA,  lat =   9
[38;5;121mPattern No.1253 Pass[0m, R-type MULT, lat =   9
[38;5;121mPattern No.1254 Pass[0m, R-type ADD,  lat =   9
[38;5;121mPattern No.1255 Pass[0m, I-type ORI,  lat =   9
[38;5;121mPattern No.1256 Pass[0m, R-type OR,   lat =   9
[38;5;121mPattern No.1257 Pass[0m, R-type OR,   lat =   9
[38;5;121mPattern No.1258 Pass[0m, I-type ADDI, lat =   9
[38;5;121mPattern No.1259 Pass[0m, R-type MULT, lat =   9
[38;5;121mPattern No.1260 Pass[0m, R-type SRA,  lat =   9
[38;5;121mPattern No.1261 Pass[0m, I-type ORI,  lat =   9
[38;5;121mPattern No.1262 Pass[0m, R-type DIV,  lat =   9
[38;5;121mPattern No.1263 Pass[0m, R-type MULT, lat =   9
[38;5;121mPattern No.1264 Pass[0m, I-type ADDI, lat =   9
[38;5;121mPattern No.1265 Pass[0m, I-type ADDI, lat =   9
[38;5;121mPattern No.1266 Pass[0m, I-type ORI,  lat =   9
[38;5;121mPattern No.1267 Pass[0m, R-type MULT, lat =   9
[38;5;121mPattern No.1268 Pass[0m, R-type OR,   lat =   9
[38;5;121mPattern No.1269 Pass[0m, R-type DIV,  lat =   9
[38;5;121mPattern No.1270 Pass[0m, I-type ORI,  lat =   9
[38;5;121mPattern No.1271 Pass[0m, R-type ADD,  lat =   9
[38;5;121mPattern No.1272 Pass[0m, R-type OR,   lat =   9
[38;5;121mPattern No.1273 Pass[0m, R-type OR,   lat =  12
[38;5;121mPattern No.1274 Pass[0m, R-type SLA,  lat =  12
[38;5;121mPattern No.1275 Pass[0m, I-type ADDI, lat =  13
[38;5;121mPattern No.1276 Pass[0m, I-type ADDI, lat =   9
[38;5;121mPattern No.1277 Pass[0m, R-type DIV,  lat =   9
[38;5;121mPattern No.1278 Pass[0m, R-type SLA,  lat =   9
[38;5;121mPattern No.1279 Pass[0m, R-type DIV,  lat =   9
[38;5;121mPattern No.1280 Pass[0m, R-type DIV,  lat =   9
[38;5;121mPattern No.1281 Pass[0m, R-type MULT, lat =  12
[38;5;121mPattern No.1282 Pass[0m, I-type ORI,  lat =  12
[38;5;121mPattern No.1283 Pass[0m, I-type ADDI, lat =  13
[38;5;121mPattern No.1284 Pass[0m, R-type SLA,  lat =   9
[38;5;121mPattern No.1285 Pass[0m, R-type DIV,  lat =   9
[38;5;121mPattern No.1286 Pass[0m, R-type OR,   lat =   9
[38;5;121mPattern No.1287 Pass[0m, I-type ADDI, lat =   9
[38;5;121mPattern No.1288 Pass[0m, I-type ADDI, lat =   9
[38;5;121mPattern No.1289 Pass[0m, R-type SRA,  lat =   9
[38;5;121mPattern No.1290 Pass[0m, R-type ADD,  lat =   9
[38;5;121mPattern No.1291 Pass[0m, I-type ORI,  lat =   9
[38;5;121mPattern No.1292 Pass[0m, I-type ADDI, lat =   9
[38;5;121mPattern No.1293 Pass[0m, R-type SLA,  lat =   9
[38;5;121mPattern No.1294 Pass[0m, I-type ORI,  lat =   9
[38;5;121mPattern No.1295 Pass[0m, R-type OR,   lat =   9
[38;5;121mPattern No.1296 Pass[0m, I-type ORI,  lat =   9
[38;5;121mPattern No.1297 Pass[0m, R-type OR,   lat =   9
[38;5;121mPattern No.1298 Pass[0m, R-type DIV,  lat =   9
[38;5;121mPattern No.1299 Pass[0m, R-type SRA,  lat =   9
[38;5;121mPattern No.1300 Pass[0m, R-type ADD,  lat =   9
[38;5;121mPattern No.1301 Pass[0m, I-type ADDI, lat =   9
[38;5;121mPattern No.1302 Pass[0m, I-type ORI,  lat =   9
[38;5;121mPattern No.1303 Pass[0m, I-type ORI,  lat =   9
[38;5;121mPattern No.1304 Pass[0m, R-type ADD,  lat =   9
[38;5;121mPattern No.1305 Pass[0m, R-type SLA,  lat =   9
[38;5;121mPattern No.1306 Pass[0m, R-type ADD,  lat =   9
[38;5;121mPattern No.1307 Pass[0m, R-type DIV,  lat =   9
[38;5;121mPattern No.1308 Pass[0m, R-type DIV,  lat =   9
[38;5;121mPattern No.1309 Pass[0m, I-type ORI,  lat =   9
[38;5;121mPattern No.1310 Pass[0m, I-type ADDI, lat =   9
[38;5;121mPattern No.1311 Pass[0m, R-type MULT, lat =   9
[38;5;121mPattern No.1312 Pass[0m, R-type SLA,  lat =  12
[38;5;121mPattern No.1313 Pass[0m, R-type DIV,  lat =  12
[38;5;121mPattern No.1314 Pass[0m, R-type SLA,  lat =  13
[38;5;121mPattern No.1315 Pass[0m, R-type SLA,  lat =   9
[38;5;121mPattern No.1316 Pass[0m, R-type ADD,  lat =   9
[38;5;121mPattern No.1317 Pass[0m, R-type ADD,  lat =   9
[38;5;121mPattern No.1318 Pass[0m, R-type MULT, lat =   9
[38;5;121mPattern No.1319 Pass[0m, R-type SRA,  lat =   9
[38;5;121mPattern No.1321 Pass[0m, R-type MULT, lat =   9
[38;5;121mPattern No.1322 Pass[0m, R-type OR,   lat =   9
[38;5;121mPattern No.1323 Pass[0m, R-type SLA,  lat =   9
[38;5;121mPattern No.1324 Pass[0m, R-type OR,   lat =   9
[38;5;121mPattern No.1325 Pass[0m, R-type OR,   lat =   9
[38;5;121mPattern No.1326 Pass[0m, R-type MULT, lat =   9
[38;5;121mPattern No.1327 Pass[0m, R-type SLA,  lat =   9
[38;5;121mPattern No.1328 Pass[0m, R-type DIV,  lat =   9
[38;5;121mPattern No.1329 Pass[0m, R-type SRA,  lat =   9
[38;5;121mPattern No.1330 Pass[0m, I-type ORI,  lat =   9
[38;5;121mPattern No.1331 Pass[0m, I-type ADDI, lat =   9
[38;5;121mPattern No.1332 Pass[0m, R-type MULT, lat =   9
[38;5;121mPattern No.1333 Pass[0m, R-type SLA,  lat =  11
[38;5;121mPattern No.1334 Pass[0m, R-type DIV,  lat =  11
[38;5;121mPattern No.1335 Pass[0m, R-type MULT, lat =  12
[38;5;121mPattern No.1336 Pass[0m, R-type SRA,  lat =   9
[38;5;121mPattern No.1337 Pass[0m, Bad Ins.,    lat =   9
[38;5;121mPattern No.1338 Pass[0m, R-type SRA,  lat =   9
[38;5;121mPattern No.1339 Pass[0m, R-type MULT, lat =   9
[38;5;121mPattern No.1340 Pass[0m, R-type ADD,  lat =   9
[38;5;121mPattern No.1341 Pass[0m, I-type ORI,  lat =   9
[38;5;121mPattern No.1342 Pass[0m, R-type ADD,  lat =   9
[38;5;121mPattern No.1343 Pass[0m, R-type MULT, lat =   9
[38;5;121mPattern No.1344 Pass[0m, R-type SLA,  lat =   9
[38;5;121mPattern No.1345 Pass[0m, R-type SRA,  lat =   9
[38;5;121mPattern No.1346 Pass[0m, R-type OR,   lat =   9
[38;5;121mPattern No.1347 Pass[0m, R-type DIV,  lat =   9
[38;5;121mPattern No.1348 Pass[0m, R-type SRA,  lat =   9
[38;5;121mPattern No.1349 Pass[0m, R-type DIV,  lat =   9
[38;5;121mPattern No.1350 Pass[0m, I-type ADDI, lat =   9
[38;5;121mPattern No.1351 Pass[0m, I-type ORI,  lat =   9
[38;5;121mPattern No.1352 Pass[0m, R-type SRA,  lat =   9
[38;5;121mPattern No.1353 Pass[0m, R-type SLA,  lat =   9
[38;5;121mPattern No.1354 Pass[0m, R-type ADD,  lat =   9
[38;5;121mPattern No.1355 Pass[0m, R-type SRA,  lat =   9
[38;5;121mPattern No.1356 Pass[0m, R-type OR,   lat =   9
[38;5;121mPattern No.1357 Pass[0m, R-type ADD,  lat =   9
[38;5;121mPattern No.1358 Pass[0m, R-type SLA,  lat =   9
[38;5;121mPattern No.1359 Pass[0m, R-type SLA,  lat =   9
[38;5;121mPattern No.1360 Pass[0m, I-type ADDI, lat =   9
[38;5;121mPattern No.1361 Pass[0m, R-type SRA,  lat =   9
[38;5;121mPattern No.1362 Pass[0m, R-type ADD,  lat =   9
[38;5;121mPattern No.1363 Pass[0m, R-type DIV,  lat =   9
[38;5;121mPattern No.1364 Pass[0m, R-type OR,   lat =   9
[38;5;121mPattern No.1365 Pass[0m, R-type MULT, lat =   9
[38;5;121mPattern No.1366 Pass[0m, Bad Ins.,    lat =   9
[38;5;121mPattern No.1367 Pass[0m, I-type ORI,  lat =  12
[38;5;121mPattern No.1368 Pass[0m, I-type ADDI, lat =  12
[38;5;121mPattern No.1369 Pass[0m, Bad Ins.,    lat =  13
[38;5;121mPattern No.1370 Pass[0m, R-type SLA,  lat =   9
[38;5;121mPattern No.1371 Pass[0m, I-type ORI,  lat =   9
[38;5;121mPattern No.1372 Pass[0m, R-type SLA,  lat =   9
[38;5;121mPattern No.1373 Pass[0m, I-type ORI,  lat =   9
[38;5;121mPattern No.1374 Pass[0m, I-type ADDI, lat =   9
[38;5;121mPattern No.1375 Pass[0m, R-type SLA,  lat =   9
[38;5;121mPattern No.1376 Pass[0m, R-type MULT, lat =   9
[38;5;121mPattern No.1377 Pass[0m, R-type OR,   lat =   9
[38;5;121mPattern No.1378 Pass[0m, R-type SRA,  lat =   9
[38;5;121mPattern No.1379 Pass[0m, I-type ADDI, lat =   9
[38;5;121mPattern No.1380 Pass[0m, R-type DIV,  lat =   9
[38;5;121mPattern No.1381 Pass[0m, R-type DIV,  lat =   9
[38;5;121mPattern No.1382 Pass[0m, R-type DIV,  lat =   9
[38;5;121mPattern No.1383 Pass[0m, I-type ADDI, lat =   9
[38;5;121mPattern No.1384 Pass[0m, R-type SRA,  lat =   9
[38;5;121mPattern No.1385 Pass[0m, R-type SRA,  lat =   9
[38;5;121mPattern No.1386 Pass[0m, R-type OR,   lat =   9
[38;5;121mPattern No.1387 Pass[0m, I-type ADDI, lat =   9
[38;5;121mPattern No.1388 Pass[0m, R-type SRA,  lat =  10
[38;5;121mPattern No.1389 Pass[0m, R-type SLA,  lat =  10
[38;5;121mPattern No.1390 Pass[0m, R-type DIV,  lat =  11
[38;5;121mPattern No.1391 Pass[0m, R-type ADD,  lat =   9
[38;5;121mPattern No.1392 Pass[0m, R-type SRA,  lat =   9
[38;5;121mPattern No.1393 Pass[0m, R-type SLA,  lat =   9
[38;5;121mPattern No.1394 Pass[0m, R-type ADD,  lat =   9
[38;5;121mPattern No.1395 Pass[0m, R-type OR,   lat =   9
[38;5;121mPattern No.1396 Pass[0m, I-type ORI,  lat =   9
[38;5;121mPattern No.1397 Pass[0m, Bad Ins.,    lat =   9
[38;5;121mPattern No.1398 Pass[0m, I-type ADDI, lat =   9
[38;5;121mPattern No.1399 Pass[0m, R-type MULT, lat =   9
[38;5;121mPattern No.1400 Pass[0m, I-type ADDI, lat =   9
[38;5;121mPattern No.1401 Pass[0m, R-type DIV,  lat =   9
[38;5;121mPattern No.1402 Pass[0m, R-type MULT, lat =   9
[38;5;121mPattern No.1403 Pass[0m, R-type DIV,  lat =   9
[38;5;121mPattern No.1404 Pass[0m, R-type SLA,  lat =   9
[38;5;121mPattern No.1405 Pass[0m, R-type SLA,  lat =   9
[38;5;121mPattern No.1406 Pass[0m, I-type ADDI, lat =   9
[38;5;121mPattern No.1407 Pass[0m, R-type ADD,  lat =   9
[38;5;121mPattern No.1408 Pass[0m, R-type MULT, lat =   9
[38;5;121mPattern No.1409 Pass[0m, I-type ORI,  lat =   9
[38;5;121mPattern No.1410 Pass[0m, R-type SRA,  lat =   9
[38;5;121mPattern No.1411 Pass[0m, I-type ADDI, lat =   9
[38;5;121mPattern No.1412 Pass[0m, I-type ADDI, lat =   9
[38;5;121mPattern No.1413 Pass[0m, R-type MULT, lat =   9
[38;5;121mPattern No.1414 Pass[0m, R-type DIV,  lat =   9
[38;5;121mPattern No.1415 Pass[0m, Bad Ins.,    lat =   9
[38;5;121mPattern No.1416 Pass[0m, I-type ORI,  lat =   9
[38;5;121mPattern No.1417 Pass[0m, I-type ORI,  lat =   9
[38;5;121mPattern No.1418 Pass[0m, I-type ADDI, lat =   9
[38;5;121mPattern No.1419 Pass[0m, R-type MULT, lat =  11
[38;5;121mPattern No.1420 Pass[0m, R-type OR,   lat =  11
[38;5;121mPattern No.1421 Pass[0m, R-type SLA,  lat =  12
[38;5;121mPattern No.1422 Pass[0m, I-type ADDI, lat =   9
[38;5;121mPattern No.1423 Pass[0m, I-type ORI,  lat =   9
[38;5;121mPattern No.1424 Pass[0m, R-type DIV,  lat =   9
[38;5;121mPattern No.1425 Pass[0m, I-type ADDI, lat =   9
[38;5;121mPattern No.1426 Pass[0m, R-type SLA,  lat =   9
[38;5;121mPattern No.1427 Pass[0m, R-type SLA,  lat =   9
[38;5;121mPattern No.1428 Pass[0m, I-type ORI,  lat =   9
[38;5;121mPattern No.1429 Pass[0m, R-type SLA,  lat =   9
[38;5;121mPattern No.1430 Pass[0m, I-type ORI,  lat =  10
[38;5;121mPattern No.1431 Pass[0m, R-type DIV,  lat =  10
[38;5;121mPattern No.1432 Pass[0m, I-type ORI,  lat =  11
[38;5;121mPattern No.1433 Pass[0m, I-type ORI,  lat =   9
[38;5;121mPattern No.1434 Pass[0m, R-type MULT, lat =   9
[38;5;121mPattern No.1435 Pass[0m, I-type ADDI, lat =   9
[38;5;121mPattern No.1436 Pass[0m, R-type MULT, lat =   9
[38;5;121mPattern No.1437 Pass[0m, R-type OR,   lat =   9
[38;5;121mPattern No.1438 Pass[0m, I-type ADDI, lat =   9
[38;5;121mPattern No.1439 Pass[0m, R-type OR,   lat =   9
[38;5;121mPattern No.1440 Pass[0m, R-type SLA,  lat =   9
[38;5;121mPattern No.1441 Pass[0m, R-type OR,   lat =   9
[38;5;121mPattern No.1442 Pass[0m, R-type OR,   lat =   9
[38;5;121mPattern No.1443 Pass[0m, R-type DIV,  lat =   9
[38;5;121mPattern No.1444 Pass[0m, I-type ORI,  lat =   9
[38;5;121mPattern No.1445 Pass[0m, R-type ADD,  lat =   9
[38;5;121mPattern No.1446 Pass[0m, R-type SRA,  lat =   9
[38;5;121mPattern No.1447 Pass[0m, R-type DIV,  lat =   9
[38;5;121mPattern No.1448 Pass[0m, I-type ADDI, lat =   9
[38;5;121mPattern No.1449 Pass[0m, I-type ADDI, lat =   9
[38;5;121mPattern No.1450 Pass[0m, R-type OR,   lat =   9
[38;5;121mPattern No.1451 Pass[0m, R-type OR,   lat =  12
[38;5;121mPattern No.1452 Pass[0m, I-type ORI,  lat =  12
[38;5;121mPattern No.1453 Pass[0m, R-type OR,   lat =  13
[38;5;121mPattern No.1454 Pass[0m, R-type SLA,  lat =   9
[38;5;121mPattern No.1455 Pass[0m, R-type SLA,  lat =   9
[38;5;121mPattern No.1456 Pass[0m, I-type ORI,  lat =   9
[38;5;121mPattern No.1457 Pass[0m, R-type MULT, lat =   9
[38;5;121mPattern No.1458 Pass[0m, I-type ADDI, lat =   9
[38;5;121mPattern No.1459 Pass[0m, R-type MULT, lat =   9
[38;5;121mPattern No.1460 Pass[0m, R-type OR,   lat =   9
[38;5;121mPattern No.1461 Pass[0m, R-type OR,   lat =   9
[38;5;121mPattern No.1462 Pass[0m, I-type ADDI, lat =   9
[38;5;121mPattern No.1463 Pass[0m, R-type OR,   lat =   9
[38;5;121mPattern No.1464 Pass[0m, Bad Ins.,    lat =   9
[38;5;121mPattern No.1465 Pass[0m, R-type SRA,  lat =   9
[38;5;121mPattern No.1466 Pass[0m, R-type DIV,  lat =   9
[38;5;121mPattern No.1467 Pass[0m, R-type OR,   lat =   9
[38;5;121mPattern No.1468 Pass[0m, R-type ADD,  lat =   9
[38;5;121mPattern No.1469 Pass[0m, R-type OR,   lat =   9
[38;5;121mPattern No.1470 Pass[0m, I-type ADDI, lat =   9
[38;5;121mPattern No.1471 Pass[0m, I-type ORI,  lat =   9
[38;5;121mPattern No.1472 Pass[0m, R-type SLA,  lat =   9
[38;5;121mPattern No.1473 Pass[0m, R-type SRA,  lat =   9
[38;5;121mPattern No.1474 Pass[0m, R-type SLA,  lat =   9
[38;5;121mPattern No.1475 Pass[0m, R-type SLA,  lat =   9
[38;5;121mPattern No.1476 Pass[0m, I-type ADDI, lat =   9
[38;5;121mPattern No.1477 Pass[0m, R-type MULT, lat =   9
[38;5;121mPattern No.1478 Pass[0m, R-type ADD,  lat =   9
[38;5;121mPattern No.1479 Pass[0m, R-type SLA,  lat =   9
[38;5;121mPattern No.1480 Pass[0m, R-type SRA,  lat =   9
[38;5;121mPattern No.1481 Pass[0m, R-type SLA,  lat =   9
[38;5;121mPattern No.1482 Pass[0m, R-type ADD,  lat =   9
[38;5;121mPattern No.1483 Pass[0m, I-type ADDI, lat =   9
[38;5;121mPattern No.1484 Pass[0m, R-type SRA,  lat =   9
[38;5;121mPattern No.1485 Pass[0m, R-type OR,   lat =   9
[38;5;121mPattern No.1486 Pass[0m, R-type SRA,  lat =   9
[38;5;121mPattern No.1487 Pass[0m, R-type SRA,  lat =   9
[38;5;121mPattern No.1488 Pass[0m, R-type SRA,  lat =   9
[38;5;121mPattern No.1489 Pass[0m, I-type ORI,  lat =   9
[38;5;121mPattern No.1490 Pass[0m, R-type OR,   lat =   9
[38;5;121mPattern No.1491 Pass[0m, R-type ADD,  lat =   9
[38;5;121mPattern No.1492 Pass[0m, R-type SRA,  lat =   9
[38;5;121mPattern No.1493 Pass[0m, R-type SRA,  lat =   9
[38;5;121mPattern No.1494 Pass[0m, R-type MULT, lat =   9
[38;5;121mPattern No.1495 Pass[0m, R-type OR,   lat =   9
[38;5;121mPattern No.1496 Pass[0m, R-type SLA,  lat =   9
[38;5;121mPattern No.1497 Pass[0m, I-type ADDI, lat =   9
[38;5;121mPattern No.1498 Pass[0m, I-type ADDI, lat =   9
[38;5;121mPattern No.1499 Pass[0m, R-type ADD,  lat =   9
[38;5;121mPattern No.1500 Pass[0m, R-type MULT, lat =   9
[38;5;121mPattern No.1501 Pass[0m, R-type DIV,  lat =   9
[38;5;121mPattern No.1502 Pass[0m, R-type ADD,  lat =   9
[38;5;121mPattern No.1503 Pass[0m, R-type ADD,  lat =   9
[38;5;121mPattern No.1504 Pass[0m, R-type ADD,  lat =   9
[38;5;121mPattern No.1505 Pass[0m, R-type ADD,  lat =   9
[38;5;121mPattern No.1506 Pass[0m, R-type ADD,  lat =   9
[38;5;121mPattern No.1507 Pass[0m, I-type ORI,  lat =  10
[38;5;121mPattern No.1508 Pass[0m, R-type OR,   lat =  10
[38;5;121mPattern No.1509 Pass[0m, R-type SLA,  lat =  11
[38;5;121mPattern No.1510 Pass[0m, I-type ADDI, lat =   9
[38;5;121mPattern No.1511 Pass[0m, R-type OR,   lat =   9
[38;5;121mPattern No.1512 Pass[0m, R-type MULT, lat =   9
[38;5;121mPattern No.1513 Pass[0m, R-type ADD,  lat =   9
[38;5;121mPattern No.1514 Pass[0m, I-type ORI,  lat =   9
[38;5;121mPattern No.1515 Pass[0m, R-type SRA,  lat =   9
[38;5;121mPattern No.1516 Pass[0m, R-type DIV,  lat =   9
[38;5;121mPattern No.1517 Pass[0m, R-type ADD,  lat =   9
[38;5;121mPattern No.1518 Pass[0m, I-type ORI,  lat =   9
[38;5;121mPattern No.1519 Pass[0m, R-type ADD,  lat =   9
[38;5;121mPattern No.1520 Pass[0m, R-type SRA,  lat =   9
[38;5;121mPattern No.1521 Pass[0m, R-type DIV,  lat =  11
[38;5;121mPattern No.1522 Pass[0m, I-type ORI,  lat =  11
[38;5;121mPattern No.1523 Pass[0m, R-type SRA,  lat =  12
[38;5;121mPattern No.1524 Pass[0m, R-type ADD,  lat =   9
[38;5;121mPattern No.1525 Pass[0m, R-type SRA,  lat =   9
[38;5;121mPattern No.1526 Pass[0m, R-type MULT, lat =   9
[38;5;121mPattern No.1527 Pass[0m, R-type ADD,  lat =   9
[38;5;121mPattern No.1528 Pass[0m, I-type ADDI, lat =   9
[38;5;121mPattern No.1529 Pass[0m, R-type DIV,  lat =   9
[38;5;121mPattern No.1530 Pass[0m, R-type ADD,  lat =   9
[38;5;121mPattern No.1531 Pass[0m, I-type ADDI, lat =   9
[38;5;121mPattern No.1532 Pass[0m, R-type SLA,  lat =   9
[38;5;121mPattern No.1533 Pass[0m, R-type SLA,  lat =   9
[38;5;121mPattern No.1534 Pass[0m, R-type DIV,  lat =  11
[38;5;121mPattern No.1535 Pass[0m, R-type SRA,  lat =  11
[38;5;121mPattern No.1536 Pass[0m, I-type ORI,  lat =  12
[38;5;121mPattern No.1537 Pass[0m, R-type OR,   lat =   9
[38;5;121mPattern No.1538 Pass[0m, R-type SRA,  lat =   9
[38;5;121mPattern No.1539 Pass[0m, I-type ORI,  lat =   9
[38;5;121mPattern No.1540 Pass[0m, R-type ADD,  lat =   9
[38;5;121mPattern No.1541 Pass[0m, R-type MULT, lat =   9
[38;5;121mPattern No.1543 Pass[0m, Bad Ins.,    lat =   9
[38;5;121mPattern No.1544 Pass[0m, R-type DIV,  lat =   9
[38;5;121mPattern No.1545 Pass[0m, I-type ORI,  lat =   9
[38;5;121mPattern No.1546 Pass[0m, R-type ADD,  lat =   9
[38;5;121mPattern No.1547 Pass[0m, R-type OR,   lat =   9
[38;5;121mPattern No.1549 Pass[0m, R-type SRA,  lat =   9
[38;5;121mPattern No.1550 Pass[0m, R-type ADD,  lat =   9
[38;5;121mPattern No.1551 Pass[0m, R-type MULT, lat =   9
[38;5;121mPattern No.1552 Pass[0m, R-type SRA,  lat =   9
[38;5;121mPattern No.1553 Pass[0m, R-type SLA,  lat =   9
[38;5;121mPattern No.1554 Pass[0m, Bad Ins.,    lat =   9
[38;5;121mPattern No.1555 Pass[0m, R-type MULT, lat =   9
[38;5;121mPattern No.1556 Pass[0m, I-type ORI,  lat =   9
[38;5;121mPattern No.1557 Pass[0m, R-type DIV,  lat =   9
[38;5;121mPattern No.1558 Pass[0m, R-type OR,   lat =   9
[38;5;121mPattern No.1559 Pass[0m, R-type DIV,  lat =   9
[38;5;121mPattern No.1560 Pass[0m, R-type OR,   lat =   9
[38;5;121mPattern No.1561 Pass[0m, R-type MULT, lat =   9
[38;5;121mPattern No.1562 Pass[0m, I-type ADDI, lat =  11
[38;5;121mPattern No.1563 Pass[0m, I-type ORI,  lat =  11
[38;5;121mPattern No.1564 Pass[0m, R-type SRA,  lat =  12
[38;5;121mPattern No.1565 Pass[0m, R-type SLA,  lat =   9
[38;5;121mPattern No.1566 Pass[0m, I-type ORI,  lat =   9
[38;5;121mPattern No.1567 Pass[0m, R-type SLA,  lat =   9
[38;5;121mPattern No.1568 Pass[0m, R-type SLA,  lat =   9
[38;5;121mPattern No.1569 Pass[0m, I-type ADDI, lat =   9
[38;5;121mPattern No.1570 Pass[0m, R-type OR,   lat =   9
[38;5;121mPattern No.1571 Pass[0m, R-type MULT, lat =   9
[38;5;121mPattern No.1572 Pass[0m, R-type OR,   lat =   9
[38;5;121mPattern No.1573 Pass[0m, R-type ADD,  lat =   9
[38;5;121mPattern No.1574 Pass[0m, I-type ADDI, lat =   9
[38;5;121mPattern No.1575 Pass[0m, R-type SRA,  lat =   9
[38;5;121mPattern No.1576 Pass[0m, R-type MULT, lat =   9
[38;5;121mPattern No.1577 Pass[0m, R-type MULT, lat =   9
[38;5;121mPattern No.1578 Pass[0m, I-type ADDI, lat =   9
[38;5;121mPattern No.1579 Pass[0m, R-type MULT, lat =   9
[38;5;121mPattern No.1580 Pass[0m, R-type MULT, lat =   9
[38;5;121mPattern No.1581 Pass[0m, I-type ADDI, lat =   9
[38;5;121mPattern No.1582 Pass[0m, R-type SRA,  lat =   9
[38;5;121mPattern No.1583 Pass[0m, R-type OR,   lat =   9
[38;5;121mPattern No.1584 Pass[0m, I-type ADDI, lat =   9
[38;5;121mPattern No.1585 Pass[0m, I-type ADDI, lat =   9
[38;5;121mPattern No.1586 Pass[0m, R-type ADD,  lat =   9
[38;5;121mPattern No.1587 Pass[0m, R-type MULT, lat =   9
[38;5;121mPattern No.1588 Pass[0m, R-type MULT, lat =   9
[38;5;121mPattern No.1589 Pass[0m, R-type SRA,  lat =   9
[38;5;121mPattern No.1590 Pass[0m, R-type MULT, lat =   9
[38;5;121mPattern No.1591 Pass[0m, I-type ADDI, lat =   9
[38;5;121mPattern No.1592 Pass[0m, R-type DIV,  lat =   9
[38;5;121mPattern No.1593 Pass[0m, R-type MULT, lat =   9
[38;5;121mPattern No.1594 Pass[0m, I-type ORI,  lat =   9
[38;5;121mPattern No.1595 Pass[0m, R-type SRA,  lat =   9
[38;5;121mPattern No.1596 Pass[0m, R-type OR,   lat =   9
[38;5;121mPattern No.1597 Pass[0m, R-type DIV,  lat =   9
[38;5;121mPattern No.1598 Pass[0m, R-type SRA,  lat =   9
[38;5;121mPattern No.1599 Pass[0m, R-type SLA,  lat =   9
[38;5;121mPattern No.1600 Pass[0m, R-type SLA,  lat =   9
[38;5;121mPattern No.1601 Pass[0m, R-type DIV,  lat =  12
[38;5;121mPattern No.1602 Pass[0m, R-type SRA,  lat =  12
[38;5;121mPattern No.1603 Pass[0m, R-type SRA,  lat =  13
[38;5;121mPattern No.1604 Pass[0m, R-type DIV,  lat =   9
[38;5;121mPattern No.1605 Pass[0m, R-type ADD,  lat =   9
[38;5;121mPattern No.1606 Pass[0m, R-type ADD,  lat =   9
[38;5;121mPattern No.1607 Pass[0m, R-type SLA,  lat =   9
[38;5;121mPattern No.1608 Pass[0m, R-type SRA,  lat =   9
[38;5;121mPattern No.1609 Pass[0m, R-type DIV,  lat =   9
[38;5;121mPattern No.1610 Pass[0m, I-type ADDI, lat =   9
[38;5;121mPattern No.1611 Pass[0m, R-type OR,   lat =   9
[38;5;121mPattern No.1612 Pass[0m, R-type SLA,  lat =   9
[38;5;121mPattern No.1613 Pass[0m, R-type SLA,  lat =   9
[38;5;121mPattern No.1614 Pass[0m, I-type ADDI, lat =   9
[38;5;121mPattern No.1615 Pass[0m, R-type MULT, lat =   9
[38;5;121mPattern No.1616 Pass[0m, R-type OR,   lat =   9
[38;5;121mPattern No.1617 Pass[0m, R-type SRA,  lat =   9
[38;5;121mPattern No.1618 Pass[0m, R-type DIV,  lat =   9
[38;5;121mPattern No.1619 Pass[0m, I-type ADDI, lat =   9
[38;5;121mPattern No.1620 Pass[0m, I-type ORI,  lat =   9
[38;5;121mPattern No.1621 Pass[0m, I-type ADDI, lat =   9
[38;5;121mPattern No.1622 Pass[0m, R-type MULT, lat =  12
[38;5;121mPattern No.1623 Pass[0m, R-type ADD,  lat =  12
[38;5;121mPattern No.1624 Pass[0m, R-type DIV,  lat =  13
[38;5;121mPattern No.1627 Pass[0m, R-type MULT, lat =   9
[38;5;121mPattern No.1628 Pass[0m, I-type ADDI, lat =   9
[38;5;121mPattern No.1629 Pass[0m, R-type DIV,  lat =   9
[38;5;121mPattern No.1630 Pass[0m, R-type SRA,  lat =   9
[38;5;121mPattern No.1631 Pass[0m, R-type SLA,  lat =   9
[38;5;121mPattern No.1632 Pass[0m, I-type ADDI, lat =   9
[38;5;121mPattern No.1633 Pass[0m, R-type MULT, lat =   9
[38;5;121mPattern No.1635 Pass[0m, Bad Ins.,    lat =   9
[38;5;121mPattern No.1636 Pass[0m, I-type ADDI, lat =   9
[38;5;121mPattern No.1637 Pass[0m, R-type MULT, lat =   9
[38;5;121mPattern No.1638 Pass[0m, I-type ORI,  lat =   9
[38;5;121mPattern No.1639 Pass[0m, R-type OR,   lat =   9
[38;5;121mPattern No.1640 Pass[0m, R-type OR,   lat =   9
[38;5;121mPattern No.1641 Pass[0m, R-type SLA,  lat =   9
[38;5;121mPattern No.1642 Pass[0m, R-type DIV,  lat =   9
[38;5;121mPattern No.1643 Pass[0m, I-type ADDI, lat =   9
[38;5;121mPattern No.1644 Pass[0m, I-type ORI,  lat =   9
[38;5;121mPattern No.1645 Pass[0m, R-type ADD,  lat =   9
[38;5;121mPattern No.1646 Pass[0m, I-type ORI,  lat =   9
[38;5;121mPattern No.1647 Pass[0m, R-type MULT, lat =   9
[38;5;121mPattern No.1648 Pass[0m, R-type OR,   lat =   9
[38;5;121mPattern No.1649 Pass[0m, R-type SLA,  lat =   9
[38;5;121mPattern No.1650 Pass[0m, R-type SLA,  lat =   9
[38;5;121mPattern No.1651 Pass[0m, R-type SLA,  lat =   9
[38;5;121mPattern No.1652 Pass[0m, R-type MULT, lat =   9
[38;5;121mPattern No.1653 Pass[0m, R-type SRA,  lat =   9
[38;5;121mPattern No.1654 Pass[0m, R-type MULT, lat =   9
[38;5;121mPattern No.1655 Pass[0m, I-type ORI,  lat =   9
[38;5;121mPattern No.1656 Pass[0m, R-type ADD,  lat =   9
[38;5;121mPattern No.1657 Pass[0m, R-type MULT, lat =   9
[38;5;121mPattern No.1658 Pass[0m, R-type MULT, lat =   9
[38;5;121mPattern No.1659 Pass[0m, R-type SLA,  lat =   9
[38;5;121mPattern No.1660 Pass[0m, R-type DIV,  lat =   9
[38;5;121mPattern No.1661 Pass[0m, R-type MULT, lat =   9
[38;5;121mPattern No.1662 Pass[0m, R-type OR,   lat =   9
[38;5;121mPattern No.1663 Pass[0m, I-type ORI,  lat =   9
[38;5;121mPattern No.1664 Pass[0m, I-type ORI,  lat =   9
[38;5;121mPattern No.1665 Pass[0m, R-type SLA,  lat =   9
[38;5;121mPattern No.1666 Pass[0m, R-type OR,   lat =   9
[38;5;121mPattern No.1667 Pass[0m, I-type ORI,  lat =   9
[38;5;121mPattern No.1668 Pass[0m, R-type ADD,  lat =   9
[38;5;121mPattern No.1669 Pass[0m, I-type ADDI, lat =   9
[38;5;121mPattern No.1670 Pass[0m, R-type SRA,  lat =   9
[38;5;121mPattern No.1671 Pass[0m, R-type DIV,  lat =   9
[38;5;121mPattern No.1672 Pass[0m, R-type OR,   lat =   9
[38;5;121mPattern No.1673 Pass[0m, I-type ORI,  lat =   9
[38;5;121mPattern No.1674 Pass[0m, Bad Ins.,    lat =   9
[38;5;121mPattern No.1675 Pass[0m, R-type SLA,  lat =  12
[38;5;121mPattern No.1676 Pass[0m, R-type ADD,  lat =  12
[38;5;121mPattern No.1677 Pass[0m, R-type SLA,  lat =  13
[38;5;121mPattern No.1678 Pass[0m, R-type MULT, lat =   9
[38;5;121mPattern No.1679 Pass[0m, R-type ADD,  lat =   9
[38;5;121mPattern No.1680 Pass[0m, R-type MULT, lat =   9
[38;5;121mPattern No.1681 Pass[0m, R-type MULT, lat =   9
[38;5;121mPattern No.1682 Pass[0m, I-type ORI,  lat =   9
[38;5;121mPattern No.1683 Pass[0m, R-type MULT, lat =   9
[38;5;121mPattern No.1684 Pass[0m, R-type ADD,  lat =   9
[38;5;121mPattern No.1685 Pass[0m, I-type ORI,  lat =   9
[38;5;121mPattern No.1686 Pass[0m, R-type DIV,  lat =   9
[38;5;121mPattern No.1687 Pass[0m, R-type MULT, lat =   9
[38;5;121mPattern No.1688 Pass[0m, R-type SRA,  lat =   9
[38;5;121mPattern No.1689 Pass[0m, R-type SRA,  lat =   9
[38;5;121mPattern No.1690 Pass[0m, R-type OR,   lat =   9
[38;5;121mPattern No.1691 Pass[0m, R-type DIV,  lat =   9
[38;5;121mPattern No.1692 Pass[0m, R-type SLA,  lat =   9
[38;5;121mPattern No.1693 Pass[0m, R-type OR,   lat =   9
[38;5;121mPattern No.1694 Pass[0m, R-type SLA,  lat =   9
[38;5;121mPattern No.1695 Pass[0m, R-type MULT, lat =   9
[38;5;121mPattern No.1696 Pass[0m, R-type SLA,  lat =   9
[38;5;121mPattern No.1697 Pass[0m, R-type SLA,  lat =   9
[38;5;121mPattern No.1698 Pass[0m, R-type SLA,  lat =   9
[38;5;121mPattern No.1699 Pass[0m, R-type MULT, lat =   9
[38;5;121mPattern No.1700 Pass[0m, R-type DIV,  lat =   9
[38;5;121mPattern No.1701 Pass[0m, R-type OR,   lat =   9
[38;5;121mPattern No.1702 Pass[0m, R-type MULT, lat =   9
[38;5;121mPattern No.1703 Pass[0m, I-type ADDI, lat =   9
[38;5;121mPattern No.1704 Pass[0m, R-type ADD,  lat =   9
[38;5;121mPattern No.1705 Pass[0m, R-type OR,   lat =   9
[38;5;121mPattern No.1706 Pass[0m, R-type ADD,  lat =   9
[38;5;121mPattern No.1707 Pass[0m, R-type MULT, lat =   9
[38;5;121mPattern No.1708 Pass[0m, R-type ADD,  lat =   9
[38;5;121mPattern No.1709 Pass[0m, R-type ADD,  lat =   9
[38;5;121mPattern No.1710 Pass[0m, R-type ADD,  lat =   9
[38;5;121mPattern No.1711 Pass[0m, R-type SLA,  lat =   9
[38;5;121mPattern No.1712 Pass[0m, R-type SRA,  lat =   9
[38;5;121mPattern No.1713 Pass[0m, R-type SLA,  lat =   9
[38;5;121mPattern No.1714 Pass[0m, R-type SRA,  lat =   9
[38;5;121mPattern No.1716 Pass[0m, R-type DIV,  lat =   9
[38;5;121mPattern No.1717 Pass[0m, I-type ORI,  lat =   9
[38;5;121mPattern No.1718 Pass[0m, R-type OR,   lat =   9
[38;5;121mPattern No.1719 Pass[0m, I-type ADDI, lat =   9
[38;5;121mPattern No.1720 Pass[0m, R-type SLA,  lat =   9
[38;5;121mPattern No.1721 Pass[0m, R-type SLA,  lat =   9
[38;5;121mPattern No.1722 Pass[0m, R-type SRA,  lat =   9
[38;5;121mPattern No.1723 Pass[0m, R-type DIV,  lat =   9
[38;5;121mPattern No.1724 Pass[0m, R-type OR,   lat =   9
[38;5;121mPattern No.1725 Pass[0m, R-type SLA,  lat =   9
[38;5;121mPattern No.1726 Pass[0m, R-type MULT, lat =   9
[38;5;121mPattern No.1727 Pass[0m, I-type ORI,  lat =   9
[38;5;121mPattern No.1728 Pass[0m, R-type DIV,  lat =   9
[38;5;121mPattern No.1729 Pass[0m, R-type SRA,  lat =   9
[38;5;121mPattern No.1730 Pass[0m, R-type OR,   lat =   9
[38;5;121mPattern No.1731 Pass[0m, R-type SRA,  lat =   9
[38;5;121mPattern No.1732 Pass[0m, R-type DIV,  lat =  12
[38;5;121mPattern No.1733 Pass[0m, I-type ADDI, lat =  12
[38;5;121mPattern No.1734 Pass[0m, R-type ADD,  lat =  13
[38;5;121mPattern No.1735 Pass[0m, R-type SRA,  lat =   9
[38;5;121mPattern No.1736 Pass[0m, R-type DIV,  lat =   9
[38;5;121mPattern No.1737 Pass[0m, I-type ADDI, lat =   9
[38;5;121mPattern No.1738 Pass[0m, R-type MULT, lat =   9
[38;5;121mPattern No.1739 Pass[0m, I-type ADDI, lat =   9
[38;5;121mPattern No.1740 Pass[0m, R-type SRA,  lat =   9
[38;5;121mPattern No.1741 Pass[0m, R-type SLA,  lat =   9
[38;5;121mPattern No.1742 Pass[0m, R-type SRA,  lat =   9
[38;5;121mPattern No.1743 Pass[0m, R-type MULT, lat =   9
[38;5;121mPattern No.1744 Pass[0m, R-type ADD,  lat =   9
[38;5;121mPattern No.1745 Pass[0m, R-type ADD,  lat =   9
[38;5;121mPattern No.1746 Pass[0m, R-type ADD,  lat =   9
[38;5;121mPattern No.1747 Pass[0m, Bad Ins.,    lat =   9
[38;5;121mPattern No.1748 Pass[0m, R-type MULT, lat =   9
[38;5;121mPattern No.1749 Pass[0m, I-type ORI,  lat =   9
[38;5;121mPattern No.1750 Pass[0m, I-type ORI,  lat =   9
[38;5;121mPattern No.1751 Pass[0m, R-type MULT, lat =   9
[38;5;121mPattern No.1752 Pass[0m, R-type MULT, lat =   9
[38;5;121mPattern No.1753 Pass[0m, R-type ADD,  lat =   9
[38;5;121mPattern No.1754 Pass[0m, R-type MULT, lat =   9
[38;5;121mPattern No.1755 Pass[0m, R-type MULT, lat =   9
[38;5;121mPattern No.1756 Pass[0m, R-type SLA,  lat =   9
[38;5;121mPattern No.1757 Pass[0m, R-type ADD,  lat =   9
[38;5;121mPattern No.1758 Pass[0m, R-type SRA,  lat =   9
[38;5;121mPattern No.1759 Pass[0m, I-type ADDI, lat =   9
[38;5;121mPattern No.1760 Pass[0m, I-type ADDI, lat =   9
[38;5;121mPattern No.1761 Pass[0m, I-type ORI,  lat =   9
[38;5;121mPattern No.1762 Pass[0m, I-type ADDI, lat =   9
[38;5;121mPattern No.1763 Pass[0m, I-type ADDI, lat =   9
[38;5;121mPattern No.1764 Pass[0m, I-type ADDI, lat =   9
[38;5;121mPattern No.1765 Pass[0m, R-type DIV,  lat =   9
[38;5;121mPattern No.1766 Pass[0m, I-type ORI,  lat =   9
[38;5;121mPattern No.1767 Pass[0m, R-type ADD,  lat =   9
[38;5;121mPattern No.1768 Pass[0m, I-type ORI,  lat =   9
[38;5;121mPattern No.1769 Pass[0m, R-type SRA,  lat =   9
[38;5;121mPattern No.1770 Pass[0m, R-type OR,   lat =   9
[38;5;121mPattern No.1771 Pass[0m, R-type DIV,  lat =   9
[38;5;121mPattern No.1772 Pass[0m, I-type ORI,  lat =   9
[38;5;121mPattern No.1773 Pass[0m, R-type MULT, lat =   9
[38;5;121mPattern No.1774 Pass[0m, I-type ORI,  lat =   9
[38;5;121mPattern No.1775 Pass[0m, R-type OR,   lat =  12
[38;5;121mPattern No.1776 Pass[0m, R-type ADD,  lat =  12
[38;5;121mPattern No.1777 Pass[0m, R-type SLA,  lat =  13
[38;5;121mPattern No.1778 Pass[0m, R-type ADD,  lat =   9
[38;5;121mPattern No.1779 Pass[0m, R-type OR,   lat =   9
[38;5;121mPattern No.1780 Pass[0m, R-type ADD,  lat =   9
[38;5;121mPattern No.1781 Pass[0m, R-type SLA,  lat =   9
[38;5;121mPattern No.1782 Pass[0m, R-type SRA,  lat =   9
[38;5;121mPattern No.1783 Pass[0m, R-type ADD,  lat =   9
[38;5;121mPattern No.1784 Pass[0m, R-type OR,   lat =   9
[38;5;121mPattern No.1785 Pass[0m, R-type ADD,  lat =   9
[38;5;121mPattern No.1786 Pass[0m, R-type MULT, lat =   9
[38;5;121mPattern No.1787 Pass[0m, I-type ORI,  lat =   9
[38;5;121mPattern No.1788 Pass[0m, R-type MULT, lat =   9
[38;5;121mPattern No.1789 Pass[0m, I-type ADDI, lat =   9
[38;5;121mPattern No.1790 Pass[0m, R-type ADD,  lat =   9
[38;5;121mPattern No.1791 Pass[0m, R-type MULT, lat =   9
[38;5;121mPattern No.1792 Pass[0m, R-type OR,   lat =   9
[38;5;121mPattern No.1793 Pass[0m, R-type MULT, lat =   9
[38;5;121mPattern No.1794 Pass[0m, R-type ADD,  lat =   9
[38;5;121mPattern No.1795 Pass[0m, R-type DIV,  lat =   9
[38;5;121mPattern No.1796 Pass[0m, R-type MULT, lat =   9
[38;5;121mPattern No.1797 Pass[0m, R-type SLA,  lat =   9
[38;5;121mPattern No.1798 Pass[0m, R-type MULT, lat =   9
[38;5;121mPattern No.1799 Pass[0m, I-type ADDI, lat =   9
[38;5;121mPattern No.1800 Pass[0m, R-type SLA,  lat =  11
[38;5;121mPattern No.1801 Pass[0m, I-type ADDI, lat =  11
[38;5;121mPattern No.1802 Pass[0m, R-type MULT, lat =  12
[38;5;121mPattern No.1803 Pass[0m, R-type OR,   lat =   9
[38;5;121mPattern No.1805 Pass[0m, R-type DIV,  lat =   9
[38;5;121mPattern No.1806 Pass[0m, R-type SRA,  lat =   9
[38;5;121mPattern No.1807 Pass[0m, R-type SLA,  lat =   9
[38;5;121mPattern No.1808 Pass[0m, R-type OR,   lat =   9
[38;5;121mPattern No.1809 Pass[0m, R-type OR,   lat =   9
[38;5;121mPattern No.1810 Pass[0m, R-type OR,   lat =   9
[38;5;121mPattern No.1811 Pass[0m, R-type DIV,  lat =   9
[38;5;121mPattern No.1812 Pass[0m, R-type SRA,  lat =   9
[38;5;121mPattern No.1813 Pass[0m, R-type OR,   lat =   9
[38;5;121mPattern No.1814 Pass[0m, R-type DIV,  lat =   9
[38;5;121mPattern No.1815 Pass[0m, R-type SLA,  lat =   9
[38;5;121mPattern No.1816 Pass[0m, I-type ADDI, lat =   9
[38;5;121mPattern No.1817 Pass[0m, R-type SRA,  lat =   9
[38;5;121mPattern No.1818 Pass[0m, R-type SLA,  lat =   9
[38;5;121mPattern No.1819 Pass[0m, I-type ADDI, lat =  11
[38;5;121mPattern No.1820 Pass[0m, R-type SRA,  lat =  11
[38;5;121mPattern No.1821 Pass[0m, R-type MULT, lat =  12
[38;5;121mPattern No.1822 Pass[0m, R-type ADD,  lat =   9
[38;5;121mPattern No.1823 Pass[0m, R-type MULT, lat =   9
[38;5;121mPattern No.1824 Pass[0m, R-type DIV,  lat =   9
[38;5;121mPattern No.1825 Pass[0m, R-type SRA,  lat =   9
[38;5;121mPattern No.1826 Pass[0m, R-type SRA,  lat =   9
[38;5;121mPattern No.1827 Pass[0m, I-type ORI,  lat =   9
[38;5;121mPattern No.1828 Pass[0m, R-type SRA,  lat =   9
[38;5;121mPattern No.1829 Pass[0m, I-type ORI,  lat =   9
[38;5;121mPattern No.1830 Pass[0m, R-type ADD,  lat =   9
[38;5;121mPattern No.1831 Pass[0m, R-type SRA,  lat =   9
[38;5;121mPattern No.1832 Pass[0m, I-type ADDI, lat =   9
[38;5;121mPattern No.1833 Pass[0m, R-type DIV,  lat =   9
[38;5;121mPattern No.1834 Pass[0m, R-type SLA,  lat =   9
[38;5;121mPattern No.1835 Pass[0m, R-type SLA,  lat =   9
[38;5;121mPattern No.1836 Pass[0m, R-type SRA,  lat =   9
[38;5;121mPattern No.1837 Pass[0m, I-type ADDI, lat =   9
[38;5;121mPattern No.1838 Pass[0m, R-type SRA,  lat =   9
[38;5;121mPattern No.1839 Pass[0m, I-type ADDI, lat =   9
[38;5;121mPattern No.1840 Pass[0m, R-type MULT, lat =   9
[38;5;121mPattern No.1841 Pass[0m, I-type ORI,  lat =   9
[38;5;121mPattern No.1842 Pass[0m, I-type ADDI, lat =   9
[38;5;121mPattern No.1843 Pass[0m, R-type DIV,  lat =   9
[38;5;121mPattern No.1844 Pass[0m, R-type OR,   lat =   9
[38;5;121mPattern No.1845 Pass[0m, R-type OR,   lat =   9
[38;5;121mPattern No.1846 Pass[0m, R-type OR,   lat =   9
[38;5;121mPattern No.1847 Pass[0m, R-type OR,   lat =   9
[38;5;121mPattern No.1848 Pass[0m, I-type ORI,  lat =   9
[38;5;121mPattern No.1849 Pass[0m, R-type SRA,  lat =   9
[38;5;121mPattern No.1850 Pass[0m, R-type SLA,  lat =   9
[38;5;121mPattern No.1851 Pass[0m, R-type OR,   lat =   9
[38;5;121mPattern No.1852 Pass[0m, Bad Ins.,    lat =   9
[38;5;121mPattern No.1853 Pass[0m, R-type SRA,  lat =   9
[38;5;121mPattern No.1854 Pass[0m, R-type OR,   lat =   9
[38;5;121mPattern No.1855 Pass[0m, I-type ORI,  lat =   9
[38;5;121mPattern No.1856 Pass[0m, R-type MULT, lat =   9
[38;5;121mPattern No.1857 Pass[0m, R-type SRA,  lat =   9
[38;5;121mPattern No.1858 Pass[0m, R-type ADD,  lat =   9
[38;5;121mPattern No.1859 Pass[0m, I-type ADDI, lat =   9
[38;5;121mPattern No.1860 Pass[0m, R-type SLA,  lat =   9
[38;5;121mPattern No.1861 Pass[0m, I-type ADDI, lat =   9
[38;5;121mPattern No.1862 Pass[0m, R-type MULT, lat =   9
[38;5;121mPattern No.1863 Pass[0m, R-type SLA,  lat =   9
[38;5;121mPattern No.1864 Pass[0m, R-type DIV,  lat =   9
[38;5;121mPattern No.1865 Pass[0m, R-type DIV,  lat =   9
[38;5;121mPattern No.1866 Pass[0m, R-type MULT, lat =   9
[38;5;121mPattern No.1867 Pass[0m, R-type SLA,  lat =   9
[38;5;121mPattern No.1868 Pass[0m, R-type OR,   lat =   9
[38;5;121mPattern No.1869 Pass[0m, R-type OR,   lat =   9
[38;5;121mPattern No.1870 Pass[0m, R-type MULT, lat =   9
[38;5;121mPattern No.1871 Pass[0m, I-type ORI,  lat =   9
[38;5;121mPattern No.1872 Pass[0m, R-type DIV,  lat =   9
[38;5;121mPattern No.1873 Pass[0m, R-type MULT, lat =   9
[38;5;121mPattern No.1874 Pass[0m, R-type ADD,  lat =   9
[38;5;121mPattern No.1875 Pass[0m, I-type ADDI, lat =   9
[38;5;121mPattern No.1876 Pass[0m, R-type DIV,  lat =  12
[38;5;121mPattern No.1877 Pass[0m, I-type ADDI, lat =  12
[38;5;121mPattern No.1878 Pass[0m, R-type OR,   lat =  13
[38;5;121mPattern No.1879 Pass[0m, R-type SLA,  lat =   9
[38;5;121mPattern No.1880 Pass[0m, R-type SLA,  lat =   9
[38;5;121mPattern No.1881 Pass[0m, R-type DIV,  lat =   9
[38;5;121mPattern No.1882 Pass[0m, R-type DIV,  lat =   9
[38;5;121mPattern No.1883 Pass[0m, R-type SLA,  lat =   9
[38;5;121mPattern No.1884 Pass[0m, I-type ORI,  lat =   9
[38;5;121mPattern No.1885 Pass[0m, R-type SLA,  lat =   9
[38;5;121mPattern No.1886 Pass[0m, I-type ORI,  lat =   9
[38;5;121mPattern No.1887 Pass[0m, R-type SRA,  lat =   9
[38;5;121mPattern No.1888 Pass[0m, R-type MULT, lat =   9
[38;5;121mPattern No.1889 Pass[0m, R-type MULT, lat =   9
[38;5;121mPattern No.1890 Pass[0m, R-type ADD,  lat =   9
[38;5;121mPattern No.1891 Pass[0m, R-type ADD,  lat =   9
[38;5;121mPattern No.1892 Pass[0m, R-type SRA,  lat =   9
[38;5;121mPattern No.1893 Pass[0m, R-type ADD,  lat =   9
[38;5;121mPattern No.1894 Pass[0m, R-type DIV,  lat =   9
[38;5;121mPattern No.1895 Pass[0m, I-type ADDI, lat =   9
[38;5;121mPattern No.1896 Pass[0m, R-type SRA,  lat =   9
[38;5;121mPattern No.1897 Pass[0m, R-type DIV,  lat =   9
[38;5;121mPattern No.1898 Pass[0m, R-type SRA,  lat =   9
[38;5;121mPattern No.1899 Pass[0m, R-type SRA,  lat =   9
[38;5;121mPattern No.1900 Pass[0m, R-type ADD,  lat =   9
[38;5;121mPattern No.1901 Pass[0m, R-type ADD,  lat =   9
[38;5;121mPattern No.1902 Pass[0m, I-type ORI,  lat =   9
[38;5;121mPattern No.1903 Pass[0m, R-type DIV,  lat =   9
[38;5;121mPattern No.1904 Pass[0m, R-type SRA,  lat =   9
[38;5;121mPattern No.1905 Pass[0m, I-type ORI,  lat =   9
[38;5;121mPattern No.1906 Pass[0m, R-type SLA,  lat =   9
[38;5;121mPattern No.1907 Pass[0m, R-type ADD,  lat =   9
[38;5;121mPattern No.1908 Pass[0m, I-type ADDI, lat =   9
[38;5;121mPattern No.1909 Pass[0m, R-type SRA,  lat =   9
[38;5;121mPattern No.1910 Pass[0m, R-type ADD,  lat =   9
[38;5;121mPattern No.1911 Pass[0m, R-type MULT, lat =   9
[38;5;121mPattern No.1912 Pass[0m, R-type ADD,  lat =   9
[38;5;121mPattern No.1913 Pass[0m, R-type DIV,  lat =   9
[38;5;121mPattern No.1914 Pass[0m, R-type SRA,  lat =   9
[38;5;121mPattern No.1915 Pass[0m, I-type ADDI, lat =   9
[38;5;121mPattern No.1916 Pass[0m, R-type OR,   lat =   9
[38;5;121mPattern No.1917 Pass[0m, R-type ADD,  lat =   9
[38;5;121mPattern No.1918 Pass[0m, R-type DIV,  lat =   9
[38;5;121mPattern No.1919 Pass[0m, R-type SLA,  lat =   9
[38;5;121mPattern No.1920 Pass[0m, R-type ADD,  lat =   9
[38;5;121mPattern No.1921 Pass[0m, I-type ORI,  lat =   9
[38;5;121mPattern No.1922 Pass[0m, I-type ADDI, lat =   9
[38;5;121mPattern No.1923 Pass[0m, R-type SRA,  lat =   9
[38;5;121mPattern No.1924 Pass[0m, R-type OR,   lat =   9
[38;5;121mPattern No.1925 Pass[0m, R-type ADD,  lat =   9
[38;5;121mPattern No.1926 Pass[0m, R-type MULT, lat =   9
[38;5;121mPattern No.1927 Pass[0m, R-type SLA,  lat =   9
[38;5;121mPattern No.1928 Pass[0m, R-type ADD,  lat =   9
[38;5;121mPattern No.1929 Pass[0m, R-type ADD,  lat =   9
[38;5;121mPattern No.1930 Pass[0m, R-type SLA,  lat =   9
[38;5;121mPattern No.1931 Pass[0m, R-type DIV,  lat =   9
[38;5;121mPattern No.1932 Pass[0m, R-type SRA,  lat =   9
[38;5;121mPattern No.1933 Pass[0m, R-type MULT, lat =   9
[38;5;121mPattern No.1934 Pass[0m, R-type SRA,  lat =   9
[38;5;121mPattern No.1935 Pass[0m, I-type ADDI, lat =   9
[38;5;121mPattern No.1936 Pass[0m, R-type DIV,  lat =   9
[38;5;121mPattern No.1937 Pass[0m, I-type ORI,  lat =   9
[38;5;121mPattern No.1938 Pass[0m, R-type MULT, lat =   9
[38;5;121mPattern No.1939 Pass[0m, R-type SRA,  lat =   9
[38;5;121mPattern No.1940 Pass[0m, R-type SLA,  lat =   9
[38;5;121mPattern No.1941 Pass[0m, R-type SLA,  lat =   9
[38;5;121mPattern No.1942 Pass[0m, I-type ADDI, lat =   9
[38;5;121mPattern No.1943 Pass[0m, I-type ADDI, lat =   9
[38;5;121mPattern No.1944 Pass[0m, R-type MULT, lat =   9
[38;5;121mPattern No.1945 Pass[0m, I-type ADDI, lat =   9
[38;5;121mPattern No.1946 Pass[0m, I-type ORI,  lat =   9
[38;5;121mPattern No.1947 Pass[0m, R-type MULT, lat =   9
[38;5;121mPattern No.1948 Pass[0m, R-type DIV,  lat =   9
[38;5;121mPattern No.1949 Pass[0m, R-type MULT, lat =   9
[38;5;121mPattern No.1950 Pass[0m, R-type MULT, lat =   9
[38;5;121mPattern No.1951 Pass[0m, R-type MULT, lat =   9
[38;5;121mPattern No.1952 Pass[0m, R-type OR,   lat =   9
[38;5;121mPattern No.1953 Pass[0m, R-type MULT, lat =   9
[38;5;121mPattern No.1954 Pass[0m, I-type ADDI, lat =   9
[38;5;121mPattern No.1955 Pass[0m, R-type MULT, lat =   9
[38;5;121mPattern No.1956 Pass[0m, R-type ADD,  lat =   9
[38;5;121mPattern No.1957 Pass[0m, R-type SRA,  lat =   9
[38;5;121mPattern No.1958 Pass[0m, R-type SRA,  lat =   9
[38;5;121mPattern No.1959 Pass[0m, R-type MULT, lat =   9
[38;5;121mPattern No.1960 Pass[0m, R-type DIV,  lat =   9
[38;5;121mPattern No.1961 Pass[0m, R-type SLA,  lat =   9
[38;5;121mPattern No.1962 Pass[0m, R-type SRA,  lat =   9
[38;5;121mPattern No.1963 Pass[0m, I-type ORI,  lat =   9
[38;5;121mPattern No.1964 Pass[0m, I-type ADDI, lat =   9
[38;5;121mPattern No.1965 Pass[0m, R-type SLA,  lat =   9
[38;5;121mPattern No.1966 Pass[0m, I-type ORI,  lat =   9
[38;5;121mPattern No.1967 Pass[0m, I-type ADDI, lat =   9
[38;5;121mPattern No.1968 Pass[0m, R-type MULT, lat =   9
[38;5;121mPattern No.1969 Pass[0m, I-type ORI,  lat =   9
[38;5;121mPattern No.1970 Pass[0m, R-type DIV,  lat =   9
[38;5;121mPattern No.1971 Pass[0m, I-type ORI,  lat =   9
[38;5;121mPattern No.1972 Pass[0m, R-type SLA,  lat =   9
[38;5;121mPattern No.1973 Pass[0m, I-type ADDI, lat =   9
[38;5;121mPattern No.1974 Pass[0m, R-type SRA,  lat =   9
[38;5;121mPattern No.1975 Pass[0m, R-type SLA,  lat =   9
[38;5;121mPattern No.1976 Pass[0m, I-type ADDI, lat =   9
[38;5;121mPattern No.1977 Pass[0m, R-type SLA,  lat =   9
[38;5;121mPattern No.1978 Pass[0m, I-type ADDI, lat =   9
[38;5;121mPattern No.1979 Pass[0m, R-type DIV,  lat =   9
[38;5;121mPattern No.1980 Pass[0m, R-type SLA,  lat =   9
[38;5;121mPattern No.1981 Pass[0m, R-type SLA,  lat =   9
[38;5;121mPattern No.1983 Pass[0m, R-type OR,   lat =   9
[38;5;121mPattern No.1984 Pass[0m, R-type SLA,  lat =   9
[38;5;121mPattern No.1986 Pass[0m, R-type SRA,  lat =   9
[38;5;121mPattern No.1987 Pass[0m, R-type OR,   lat =   9
[38;5;121mPattern No.1988 Pass[0m, I-type ORI,  lat =   9
[38;5;121mPattern No.1989 Pass[0m, R-type OR,   lat =   9
[38;5;121mPattern No.1990 Pass[0m, R-type SLA,  lat =   9
[38;5;121mPattern No.1991 Pass[0m, R-type DIV,  lat =   9
[38;5;121mPattern No.1992 Pass[0m, R-type MULT, lat =   9
[38;5;121mPattern No.1993 Pass[0m, R-type OR,   lat =   9
[38;5;121mPattern No.1994 Pass[0m, I-type ADDI, lat =   9
[38;5;121mPattern No.1995 Pass[0m, R-type SLA,  lat =   9
[38;5;121mPattern No.1996 Pass[0m, I-type ADDI, lat =   9
[38;5;121mPattern No.1997 Pass[0m, R-type DIV,  lat =   9
[38;5;121mPattern No.1998 Pass[0m, R-type SLA,  lat =   9
[38;5;121mPattern No.1999 Pass[0m, R-type ADD,  lat =   9
[38;5;121mPattern No.2000 Pass[0m, R-type DIV,  lat =   9
[38;5;121mPattern No.2001 Pass[0m, R-type SRA,  lat =   9
[38;5;121mPattern No.2002 Pass[0m, I-type ADDI, lat =   9
[38;5;121mPattern No.2003 Pass[0m, R-type ADD,  lat =   9
[38;5;121mPattern No.2004 Pass[0m, R-type DIV,  lat =   9
[38;5;121mPattern No.2005 Pass[0m, R-type MULT, lat =   9
[38;5;121mPattern No.2006 Pass[0m, R-type OR,   lat =   9
[38;5;121mPattern No.2007 Pass[0m, R-type SRA,  lat =   9
[38;5;121mPattern No.2008 Pass[0m, R-type MULT, lat =  12
[38;5;121mPattern No.2009 Pass[0m, R-type MULT, lat =  12
[38;5;121mPattern No.2010 Pass[0m, R-type SRA,  lat =  13
[38;5;121mPattern No.2011 Pass[0m, R-type OR,   lat =   9
[38;5;121mPattern No.2012 Pass[0m, R-type ADD,  lat =   9
[38;5;121mPattern No.2013 Pass[0m, R-type ADD,  lat =   9
[38;5;121mPattern No.2014 Pass[0m, I-type ORI,  lat =   9
[38;5;121mPattern No.2015 Pass[0m, R-type OR,   lat =   9
[38;5;121mPattern No.2016 Pass[0m, R-type MULT, lat =   9
[38;5;121mPattern No.2017 Pass[0m, R-type SRA,  lat =   9
[38;5;121mPattern No.2018 Pass[0m, R-type SLA,  lat =   9
[38;5;121mPattern No.2019 Pass[0m, R-type MULT, lat =   9
[38;5;121mPattern No.2020 Pass[0m, I-type ORI,  lat =   9
[38;5;121mPattern No.2021 Pass[0m, R-type MULT, lat =   9
[38;5;121mPattern No.2022 Pass[0m, I-type ADDI, lat =   9
[38;5;121mPattern No.2023 Pass[0m, R-type OR,   lat =   9
[38;5;121mPattern No.2024 Pass[0m, R-type ADD,  lat =   9
[38;5;121mPattern No.2025 Pass[0m, R-type SRA,  lat =   9
[38;5;121mPattern No.2026 Pass[0m, R-type SRA,  lat =   9
[38;5;121mPattern No.2027 Pass[0m, I-type ADDI, lat =   9
[38;5;121mPattern No.2028 Pass[0m, I-type ORI,  lat =   9
[38;5;121mPattern No.2029 Pass[0m, R-type OR,   lat =   9
[38;5;121mPattern No.2030 Pass[0m, I-type ADDI, lat =   9
[38;5;121mPattern No.2031 Pass[0m, I-type ORI,  lat =   9
[38;5;121mPattern No.2032 Pass[0m, I-type ADDI, lat =   9
[38;5;121mPattern No.2033 Pass[0m, I-type ORI,  lat =   9
[38;5;121mPattern No.2034 Pass[0m, R-type ADD,  lat =   9
[38;5;121mPattern No.2035 Pass[0m, I-type ORI,  lat =   9
[38;5;121mPattern No.2036 Pass[0m, R-type OR,   lat =   9
[38;5;121mPattern No.2037 Pass[0m, R-type DIV,  lat =   9
[38;5;121mPattern No.2038 Pass[0m, I-type ADDI, lat =   9
[38;5;121mPattern No.2039 Pass[0m, R-type MULT, lat =   9
[38;5;121mPattern No.2040 Pass[0m, R-type MULT, lat =   9
[38;5;121mPattern No.2041 Pass[0m, R-type OR,   lat =   9
[38;5;121mPattern No.2042 Pass[0m, R-type OR,   lat =  11
[38;5;121mPattern No.2043 Pass[0m, R-type SLA,  lat =  11
[38;5;121mPattern No.2044 Pass[0m, R-type SRA,  lat =  12
[38;5;121mPattern No.2045 Pass[0m, R-type OR,   lat =   9
[38;5;121mPattern No.2046 Pass[0m, I-type ADDI, lat =   9
[38;5;121mPattern No.2047 Pass[0m, R-type SLA,  lat =   9
[38;5;121mPattern No.2048 Pass[0m, R-type SRA,  lat =   9
[38;5;121mPattern No.2049 Pass[0m, R-type ADD,  lat =   9
[38;5;121mPattern No.2050 Pass[0m, I-type ADDI, lat =   9
[38;5;121mPattern No.2051 Pass[0m, R-type SRA,  lat =   9
[38;5;121mPattern No.2052 Pass[0m, R-type OR,   lat =   9
[38;5;121mPattern No.2053 Pass[0m, R-type OR,   lat =   9
[38;5;121mPattern No.2054 Pass[0m, I-type ORI,  lat =   9
[38;5;121mPattern No.2055 Pass[0m, R-type OR,   lat =   9
[38;5;121mPattern No.2056 Pass[0m, R-type OR,   lat =   9
[38;5;121mPattern No.2057 Pass[0m, R-type SLA,  lat =   9
[38;5;121mPattern No.2058 Pass[0m, R-type MULT, lat =   9
[38;5;121mPattern No.2059 Pass[0m, R-type SLA,  lat =   9
[38;5;121mPattern No.2060 Pass[0m, R-type DIV,  lat =   9
[38;5;121mPattern No.2061 Pass[0m, R-type DIV,  lat =   9
[38;5;121mPattern No.2062 Pass[0m, R-type OR,   lat =   9
[38;5;121mPattern No.2063 Pass[0m, I-type ADDI, lat =   9
[38;5;121mPattern No.2064 Pass[0m, R-type DIV,  lat =   9
[38;5;121mPattern No.2065 Pass[0m, I-type ADDI, lat =   9
[38;5;121mPattern No.2066 Pass[0m, R-type MULT, lat =   9
[38;5;121mPattern No.2067 Pass[0m, R-type OR,   lat =   9
[38;5;121mPattern No.2068 Pass[0m, R-type OR,   lat =   9
[38;5;121mPattern No.2069 Pass[0m, R-type SRA,  lat =   9
[38;5;121mPattern No.2070 Pass[0m, R-type OR,   lat =   9
[38;5;121mPattern No.2071 Pass[0m, I-type ORI,  lat =   9
[38;5;121mPattern No.2072 Pass[0m, I-type ADDI, lat =   9
[38;5;121mPattern No.2073 Pass[0m, I-type ADDI, lat =   9
[38;5;121mPattern No.2074 Pass[0m, R-type OR,   lat =   9
[38;5;121mPattern No.2075 Pass[0m, R-type OR,   lat =   9
[38;5;121mPattern No.2076 Pass[0m, I-type ORI,  lat =   9
[38;5;121mPattern No.2077 Pass[0m, R-type MULT, lat =   9
[38;5;121mPattern No.2078 Pass[0m, R-type SRA,  lat =   9
[38;5;121mPattern No.2079 Pass[0m, I-type ADDI, lat =   9
[38;5;121mPattern No.2080 Pass[0m, R-type OR,   lat =   9
[38;5;121mPattern No.2081 Pass[0m, I-type ADDI, lat =   9
[38;5;121mPattern No.2082 Pass[0m, R-type MULT, lat =   9
[38;5;121mPattern No.2083 Pass[0m, R-type SLA,  lat =   9
[38;5;121mPattern No.2084 Pass[0m, R-type DIV,  lat =   9
[38;5;121mPattern No.2085 Pass[0m, I-type ADDI, lat =   9
[38;5;121mPattern No.2086 Pass[0m, R-type SLA,  lat =   9
[38;5;121mPattern No.2087 Pass[0m, R-type DIV,  lat =   9
[38;5;121mPattern No.2088 Pass[0m, I-type ORI,  lat =   9
[38;5;121mPattern No.2089 Pass[0m, R-type SRA,  lat =   9
[38;5;121mPattern No.2090 Pass[0m, I-type ADDI, lat =   9
[38;5;121mPattern No.2091 Pass[0m, I-type ADDI, lat =   9
[38;5;121mPattern No.2092 Pass[0m, I-type ADDI, lat =   9
[38;5;121mPattern No.2093 Pass[0m, R-type DIV,  lat =   9
[38;5;121mPattern No.2094 Pass[0m, I-type ORI,  lat =   9
[38;5;121mPattern No.2095 Pass[0m, R-type MULT, lat =   9
[38;5;121mPattern No.2096 Pass[0m, R-type DIV,  lat =   9
[38;5;121mPattern No.2097 Pass[0m, R-type SLA,  lat =   9
[38;5;121mPattern No.2098 Pass[0m, I-type ADDI, lat =   9
[38;5;121mPattern No.2099 Pass[0m, I-type ADDI, lat =   9
[38;5;121mPattern No.2100 Pass[0m, R-type DIV,  lat =   9
[38;5;121mPattern No.2101 Pass[0m, R-type SLA,  lat =   9
[38;5;121mPattern No.2102 Pass[0m, R-type SRA,  lat =   9
[38;5;121mPattern No.2103 Pass[0m, R-type DIV,  lat =   9
[38;5;121mPattern No.2104 Pass[0m, R-type ADD,  lat =   9
[38;5;121mPattern No.2105 Pass[0m, R-type MULT, lat =   9
[38;5;121mPattern No.2106 Pass[0m, R-type ADD,  lat =   9
[38;5;121mPattern No.2107 Pass[0m, R-type DIV,  lat =   9
[38;5;121mPattern No.2108 Pass[0m, R-type OR,   lat =   9
[38;5;121mPattern No.2109 Pass[0m, R-type SLA,  lat =   9
[38;5;121mPattern No.2110 Pass[0m, I-type ORI,  lat =   9
[38;5;121mPattern No.2111 Pass[0m, R-type ADD,  lat =   9
[38;5;121mPattern No.2112 Pass[0m, R-type OR,   lat =   9
[38;5;121mPattern No.2113 Pass[0m, I-type ORI,  lat =   9
[38;5;121mPattern No.2114 Pass[0m, I-type ORI,  lat =   9
[38;5;121mPattern No.2115 Pass[0m, R-type ADD,  lat =   9
[38;5;121mPattern No.2116 Pass[0m, R-type MULT, lat =   9
[38;5;121mPattern No.2117 Pass[0m, R-type ADD,  lat =   9
[38;5;121mPattern No.2118 Pass[0m, I-type ORI,  lat =   9
[38;5;121mPattern No.2119 Pass[0m, I-type ADDI, lat =   9
[38;5;121mPattern No.2120 Pass[0m, R-type MULT, lat =   9
[38;5;121mPattern No.2121 Pass[0m, R-type DIV,  lat =   9
[38;5;121mPattern No.2122 Pass[0m, I-type ORI,  lat =   9
[38;5;121mPattern No.2123 Pass[0m, R-type DIV,  lat =   9
[38;5;121mPattern No.2124 Pass[0m, R-type DIV,  lat =   9
[38;5;121mPattern No.2125 Pass[0m, R-type ADD,  lat =  12
[38;5;121mPattern No.2126 Pass[0m, R-type ADD,  lat =  12
[38;5;121mPattern No.2127 Pass[0m, R-type SLA,  lat =  13
[38;5;121mPattern No.2128 Pass[0m, R-type SLA,  lat =   9
[38;5;121mPattern No.2129 Pass[0m, I-type ADDI, lat =   9
[38;5;121mPattern No.2130 Pass[0m, R-type ADD,  lat =   9
[38;5;121mPattern No.2132 Pass[0m, R-type SLA,  lat =   9
[38;5;121mPattern No.2133 Pass[0m, R-type SLA,  lat =   9
[38;5;121mPattern No.2134 Pass[0m, Bad Ins.,    lat =   9
[38;5;121mPattern No.2135 Pass[0m, I-type ORI,  lat =   9
[38;5;121mPattern No.2136 Pass[0m, R-type OR,   lat =   9
[38;5;121mPattern No.2137 Pass[0m, R-type ADD,  lat =   9
[38;5;121mPattern No.2138 Pass[0m, I-type ORI,  lat =   9
[38;5;121mPattern No.2139 Pass[0m, R-type SRA,  lat =   9
[38;5;121mPattern No.2140 Pass[0m, I-type ADDI, lat =   9
[38;5;121mPattern No.2141 Pass[0m, R-type SLA,  lat =   9
[38;5;121mPattern No.2142 Pass[0m, R-type OR,   lat =   9
[38;5;121mPattern No.2143 Pass[0m, I-type ADDI, lat =   9
[38;5;121mPattern No.2144 Pass[0m, I-type ORI,  lat =   9
[38;5;121mPattern No.2145 Pass[0m, R-type DIV,  lat =   9
[38;5;121mPattern No.2146 Pass[0m, I-type ORI,  lat =   9
[38;5;121mPattern No.2147 Pass[0m, R-type OR,   lat =   9
[38;5;121mPattern No.2148 Pass[0m, R-type ADD,  lat =   9
[38;5;121mPattern No.2149 Pass[0m, R-type OR,   lat =   9
[38;5;121mPattern No.2150 Pass[0m, R-type DIV,  lat =   9
[38;5;121mPattern No.2151 Pass[0m, R-type MULT, lat =   9
[38;5;121mPattern No.2152 Pass[0m, I-type ADDI, lat =   9
[38;5;121mPattern No.2153 Pass[0m, R-type DIV,  lat =   9
[38;5;121mPattern No.2154 Pass[0m, R-type SLA,  lat =   9
[38;5;121mPattern No.2155 Pass[0m, R-type SLA,  lat =  11
[38;5;121mPattern No.2156 Pass[0m, R-type DIV,  lat =  11
[38;5;121mPattern No.2157 Pass[0m, R-type DIV,  lat =  12
[38;5;121mPattern No.2158 Pass[0m, R-type SRA,  lat =   9
[38;5;121mPattern No.2160 Pass[0m, R-type MULT, lat =   9
[38;5;121mPattern No.2161 Pass[0m, R-type MULT, lat =   9
[38;5;121mPattern No.2162 Pass[0m, R-type MULT, lat =   9
[38;5;121mPattern No.2163 Pass[0m, R-type MULT, lat =   9
[38;5;121mPattern No.2164 Pass[0m, I-type ORI,  lat =   9
[38;5;121mPattern No.2165 Pass[0m, R-type SRA,  lat =   9
[38;5;121mPattern No.2166 Pass[0m, I-type ADDI, lat =   9
[38;5;121mPattern No.2167 Pass[0m, R-type SLA,  lat =   9
[38;5;121mPattern No.2168 Pass[0m, R-type SRA,  lat =   9
[38;5;121mPattern No.2169 Pass[0m, R-type SRA,  lat =   9
[38;5;121mPattern No.2170 Pass[0m, R-type SRA,  lat =   9
[38;5;121mPattern No.2171 Pass[0m, R-type OR,   lat =   9
[38;5;121mPattern No.2172 Pass[0m, R-type SLA,  lat =   9
[38;5;121mPattern No.2173 Pass[0m, I-type ORI,  lat =   9
[38;5;121mPattern No.2174 Pass[0m, R-type ADD,  lat =   9
[38;5;121mPattern No.2175 Pass[0m, R-type DIV,  lat =   9
[38;5;121mPattern No.2176 Pass[0m, R-type SRA,  lat =   9
[38;5;121mPattern No.2177 Pass[0m, R-type OR,   lat =   9
[38;5;121mPattern No.2178 Pass[0m, R-type MULT, lat =   9
[38;5;121mPattern No.2179 Pass[0m, R-type SRA,  lat =   9
[38;5;121mPattern No.2180 Pass[0m, R-type ADD,  lat =   9
[38;5;121mPattern No.2181 Pass[0m, R-type OR,   lat =   9
[38;5;121mPattern No.2182 Pass[0m, R-type MULT, lat =   9
[38;5;121mPattern No.2183 Pass[0m, R-type ADD,  lat =   9
[38;5;121mPattern No.2184 Pass[0m, R-type DIV,  lat =   9
[38;5;121mPattern No.2185 Pass[0m, R-type DIV,  lat =   9
[38;5;121mPattern No.2186 Pass[0m, R-type OR,   lat =   9
[38;5;121mPattern No.2187 Pass[0m, I-type ORI,  lat =   9
[38;5;121mPattern No.2188 Pass[0m, R-type OR,   lat =   9
[38;5;121mPattern No.2189 Pass[0m, I-type ORI,  lat =   9
[38;5;121mPattern No.2190 Pass[0m, R-type SRA,  lat =   9
[38;5;121mPattern No.2191 Pass[0m, R-type OR,   lat =   9
[38;5;121mPattern No.2192 Pass[0m, R-type ADD,  lat =   9
[38;5;121mPattern No.2193 Pass[0m, R-type DIV,  lat =   9
[38;5;121mPattern No.2194 Pass[0m, R-type SLA,  lat =   9
[38;5;121mPattern No.2195 Pass[0m, I-type ADDI, lat =   9
[38;5;121mPattern No.2196 Pass[0m, I-type ADDI, lat =   9
[38;5;121mPattern No.2197 Pass[0m, R-type MULT, lat =   9
[38;5;121mPattern No.2198 Pass[0m, R-type SRA,  lat =   9
[38;5;121mPattern No.2199 Pass[0m, R-type SRA,  lat =   9
[38;5;121mPattern No.2200 Pass[0m, I-type ADDI, lat =   9
[38;5;121mPattern No.2201 Pass[0m, I-type ADDI, lat =   9
[38;5;121mPattern No.2202 Pass[0m, R-type OR,   lat =   9
[38;5;121mPattern No.2203 Pass[0m, I-type ADDI, lat =   9
[38;5;121mPattern No.2204 Pass[0m, R-type MULT, lat =   9
[38;5;121mPattern No.2205 Pass[0m, R-type SRA,  lat =   9
[38;5;121mPattern No.2206 Pass[0m, I-type ADDI, lat =   9
[38;5;121mPattern No.2207 Pass[0m, R-type SRA,  lat =   9
[38;5;121mPattern No.2208 Pass[0m, R-type SRA,  lat =   9
[38;5;121mPattern No.2209 Pass[0m, R-type ADD,  lat =   9
[38;5;121mPattern No.2210 Pass[0m, I-type ADDI, lat =   9
[38;5;121mPattern No.2211 Pass[0m, I-type ADDI, lat =   9
[38;5;121mPattern No.2212 Pass[0m, I-type ORI,  lat =   9
[38;5;121mPattern No.2213 Pass[0m, I-type ORI,  lat =   9
[38;5;121mPattern No.2214 Pass[0m, R-type SLA,  lat =   9
[38;5;121mPattern No.2215 Pass[0m, R-type SRA,  lat =   9
[38;5;121mPattern No.2216 Pass[0m, R-type ADD,  lat =   9
[38;5;121mPattern No.2217 Pass[0m, I-type ORI,  lat =   9
[38;5;121mPattern No.2218 Pass[0m, R-type ADD,  lat =   9
[38;5;121mPattern No.2219 Pass[0m, R-type DIV,  lat =   9
[38;5;121mPattern No.2220 Pass[0m, I-type ORI,  lat =   9
[38;5;121mPattern No.2221 Pass[0m, I-type ORI,  lat =   9
[38;5;121mPattern No.2222 Pass[0m, R-type SLA,  lat =   9
[38;5;121mPattern No.2223 Pass[0m, R-type SRA,  lat =   9
[38;5;121mPattern No.2224 Pass[0m, R-type MULT, lat =   9
[38;5;121mPattern No.2225 Pass[0m, R-type DIV,  lat =   9
[38;5;121mPattern No.2226 Pass[0m, R-type OR,   lat =   9
[38;5;121mPattern No.2227 Pass[0m, I-type ORI,  lat =   9
[38;5;121mPattern No.2228 Pass[0m, R-type SRA,  lat =   9
[38;5;121mPattern No.2229 Pass[0m, I-type ADDI, lat =   9
[38;5;121mPattern No.2230 Pass[0m, R-type SRA,  lat =   9
[38;5;121mPattern No.2231 Pass[0m, I-type ADDI, lat =   9
[38;5;121mPattern No.2232 Pass[0m, R-type DIV,  lat =   9
[38;5;121mPattern No.2233 Pass[0m, R-type MULT, lat =   9
[38;5;121mPattern No.2234 Pass[0m, I-type ORI,  lat =   9
[38;5;121mPattern No.2235 Pass[0m, R-type MULT, lat =   9
[38;5;121mPattern No.2236 Pass[0m, R-type DIV,  lat =   9
[38;5;121mPattern No.2237 Pass[0m, R-type MULT, lat =   9
[38;5;121mPattern No.2238 Pass[0m, R-type ADD,  lat =   9
[38;5;121mPattern No.2239 Pass[0m, I-type ORI,  lat =   9
[38;5;121mPattern No.2240 Pass[0m, I-type ADDI, lat =   9
[38;5;121mPattern No.2241 Pass[0m, I-type ORI,  lat =   9
[38;5;121mPattern No.2242 Pass[0m, R-type ADD,  lat =   9
[38;5;121mPattern No.2243 Pass[0m, I-type ADDI, lat =   9
[38;5;121mPattern No.2244 Pass[0m, I-type ORI,  lat =   9
[38;5;121mPattern No.2245 Pass[0m, I-type ADDI, lat =   9
[38;5;121mPattern No.2246 Pass[0m, I-type ADDI, lat =   9
[38;5;121mPattern No.2247 Pass[0m, R-type ADD,  lat =   9
[38;5;121mPattern No.2248 Pass[0m, R-type SRA,  lat =   9
[38;5;121mPattern No.2249 Pass[0m, I-type ORI,  lat =   9
[38;5;121mPattern No.2250 Pass[0m, R-type SRA,  lat =   9
[38;5;121mPattern No.2251 Pass[0m, R-type DIV,  lat =   9
[38;5;121mPattern No.2252 Pass[0m, I-type ORI,  lat =   9
[38;5;121mPattern No.2253 Pass[0m, I-type ORI,  lat =   9
[38;5;121mPattern No.2254 Pass[0m, R-type MULT, lat =   9
[38;5;121mPattern No.2255 Pass[0m, R-type ADD,  lat =  12
[38;5;121mPattern No.2256 Pass[0m, R-type SLA,  lat =  12
[38;5;121mPattern No.2257 Pass[0m, R-type SLA,  lat =  13
[38;5;121mPattern No.2258 Pass[0m, I-type ADDI, lat =   9
[38;5;121mPattern No.2259 Pass[0m, R-type OR,   lat =   9
[38;5;121mPattern No.2260 Pass[0m, I-type ADDI, lat =   9
[38;5;121mPattern No.2261 Pass[0m, I-type ORI,  lat =   9
[38;5;121mPattern No.2262 Pass[0m, R-type ADD,  lat =   9
[38;5;121mPattern No.2263 Pass[0m, R-type ADD,  lat =   9
[38;5;121mPattern No.2264 Pass[0m, R-type SLA,  lat =   9
[38;5;121mPattern No.2265 Pass[0m, R-type SLA,  lat =   9
[38;5;121mPattern No.2266 Pass[0m, R-type ADD,  lat =   9
[38;5;121mPattern No.2267 Pass[0m, R-type ADD,  lat =   9
[38;5;121mPattern No.2268 Pass[0m, I-type ORI,  lat =   9
[38;5;121mPattern No.2269 Pass[0m, R-type MULT, lat =   9
[38;5;121mPattern No.2270 Pass[0m, R-type MULT, lat =   9
[38;5;121mPattern No.2271 Pass[0m, R-type SLA,  lat =   9
[38;5;121mPattern No.2272 Pass[0m, I-type ADDI, lat =   9
[38;5;121mPattern No.2273 Pass[0m, R-type ADD,  lat =   9
[38;5;121mPattern No.2274 Pass[0m, I-type ORI,  lat =   9
[38;5;121mPattern No.2275 Pass[0m, R-type DIV,  lat =   9
[38;5;121mPattern No.2276 Pass[0m, I-type ADDI, lat =   9
[38;5;121mPattern No.2277 Pass[0m, R-type MULT, lat =   9
[38;5;121mPattern No.2278 Pass[0m, I-type ORI,  lat =   9
[38;5;121mPattern No.2279 Pass[0m, R-type OR,   lat =   9
[38;5;121mPattern No.2280 Pass[0m, R-type SRA,  lat =   9
[38;5;121mPattern No.2281 Pass[0m, R-type ADD,  lat =   9
[38;5;121mPattern No.2282 Pass[0m, I-type ADDI, lat =   9
[38;5;121mPattern No.2283 Pass[0m, R-type SRA,  lat =   9
[38;5;121mPattern No.2284 Pass[0m, I-type ADDI, lat =   9
[38;5;121mPattern No.2285 Pass[0m, R-type SLA,  lat =   9
[38;5;121mPattern No.2286 Pass[0m, I-type ORI,  lat =   9
[38;5;121mPattern No.2287 Pass[0m, R-type OR,   lat =   9
[38;5;121mPattern No.2288 Pass[0m, I-type ADDI, lat =   9
[38;5;121mPattern No.2289 Pass[0m, R-type SLA,  lat =   9
[38;5;121mPattern No.2290 Pass[0m, I-type ORI,  lat =   9
[38;5;121mPattern No.2291 Pass[0m, I-type ORI,  lat =   9
[38;5;121mPattern No.2292 Pass[0m, R-type DIV,  lat =   9
[38;5;121mPattern No.2293 Pass[0m, R-type MULT, lat =   9
[38;5;121mPattern No.2294 Pass[0m, I-type ORI,  lat =   9
[38;5;121mPattern No.2295 Pass[0m, I-type ADDI, lat =   9
[38;5;121mPattern No.2296 Pass[0m, R-type SRA,  lat =   9
[38;5;121mPattern No.2297 Pass[0m, R-type ADD,  lat =   9
[38;5;121mPattern No.2298 Pass[0m, I-type ORI,  lat =   9
[38;5;121mPattern No.2299 Pass[0m, R-type ADD,  lat =   9
[38;5;121mPattern No.2300 Pass[0m, R-type DIV,  lat =   9
[38;5;121mPattern No.2301 Pass[0m, Bad Ins.,    lat =   9
[38;5;121mPattern No.2302 Pass[0m, R-type ADD,  lat =   9
[38;5;121mPattern No.2303 Pass[0m, R-type SRA,  lat =   9
[38;5;121mPattern No.2304 Pass[0m, R-type ADD,  lat =   9
[38;5;121mPattern No.2305 Pass[0m, R-type SLA,  lat =  11
[38;5;121mPattern No.2306 Pass[0m, R-type DIV,  lat =  11
[38;5;121mPattern No.2307 Pass[0m, R-type OR,   lat =  12
[38;5;121mPattern No.2308 Pass[0m, R-type MULT, lat =   9
[38;5;121mPattern No.2309 Pass[0m, R-type ADD,  lat =   9
[38;5;121mPattern No.2310 Pass[0m, R-type ADD,  lat =   9
[38;5;121mPattern No.2311 Pass[0m, R-type SLA,  lat =   9
[38;5;121mPattern No.2312 Pass[0m, I-type ADDI, lat =   9
[38;5;121mPattern No.2313 Pass[0m, R-type SRA,  lat =   9
[38;5;121mPattern No.2314 Pass[0m, R-type DIV,  lat =   9
[38;5;121mPattern No.2315 Pass[0m, I-type ADDI, lat =   9
[38;5;121mPattern No.2316 Pass[0m, R-type ADD,  lat =   9
[38;5;121mPattern No.2317 Pass[0m, R-type OR,   lat =   9
[38;5;121mPattern No.2318 Pass[0m, R-type DIV,  lat =  12
[38;5;121mPattern No.2319 Pass[0m, I-type ADDI, lat =  12
[38;5;121mPattern No.2320 Pass[0m, R-type DIV,  lat =  13
[38;5;121mPattern No.2321 Pass[0m, I-type ORI,  lat =   9
[38;5;121mPattern No.2322 Pass[0m, I-type ADDI, lat =   9
[38;5;121mPattern No.2323 Pass[0m, I-type ADDI, lat =   9
[38;5;121mPattern No.2324 Pass[0m, R-type MULT, lat =   9
[38;5;121mPattern No.2325 Pass[0m, I-type ADDI, lat =   9
[38;5;121mPattern No.2326 Pass[0m, R-type MULT, lat =   9
[38;5;121mPattern No.2327 Pass[0m, I-type ADDI, lat =   9
[38;5;121mPattern No.2328 Pass[0m, R-type DIV,  lat =   9
[38;5;121mPattern No.2329 Pass[0m, R-type SLA,  lat =   9
[38;5;121mPattern No.2330 Pass[0m, R-type ADD,  lat =   9
[38;5;121mPattern No.2331 Pass[0m, R-type DIV,  lat =   9
[38;5;121mPattern No.2332 Pass[0m, R-type ADD,  lat =  12
[38;5;121mPattern No.2333 Pass[0m, R-type SLA,  lat =  12
[38;5;121mPattern No.2334 Pass[0m, I-type ORI,  lat =  13
[38;5;121mPattern No.2335 Pass[0m, R-type DIV,  lat =   9
[38;5;121mPattern No.2336 Pass[0m, R-type SLA,  lat =   9
[38;5;121mPattern No.2337 Pass[0m, R-type ADD,  lat =   9
[38;5;121mPattern No.2338 Pass[0m, R-type MULT, lat =   9
[38;5;121mPattern No.2339 Pass[0m, I-type ADDI, lat =   9
[38;5;121mPattern No.2340 Pass[0m, I-type ADDI, lat =   9
[38;5;121mPattern No.2341 Pass[0m, R-type MULT, lat =   9
[38;5;121mPattern No.2342 Pass[0m, R-type SLA,  lat =   9
[38;5;121mPattern No.2343 Pass[0m, R-type OR,   lat =   9
[38;5;121mPattern No.2344 Pass[0m, Bad Ins.,    lat =   9
[38;5;121mPattern No.2345 Pass[0m, R-type DIV,  lat =   9
[38;5;121mPattern No.2346 Pass[0m, R-type ADD,  lat =   9
[38;5;121mPattern No.2347 Pass[0m, R-type DIV,  lat =   9
[38;5;121mPattern No.2348 Pass[0m, R-type SLA,  lat =   9
[38;5;121mPattern No.2349 Pass[0m, R-type DIV,  lat =   9
[38;5;121mPattern No.2350 Pass[0m, R-type OR,   lat =   9
[38;5;121mPattern No.2351 Pass[0m, R-type MULT, lat =   9
[38;5;121mPattern No.2352 Pass[0m, R-type DIV,  lat =   9
[38;5;121mPattern No.2353 Pass[0m, I-type ORI,  lat =   9
[38;5;121mPattern No.2354 Pass[0m, R-type OR,   lat =   9
[38;5;121mPattern No.2355 Pass[0m, R-type SRA,  lat =   9
[38;5;121mPattern No.2356 Pass[0m, R-type SRA,  lat =   9
[38;5;121mPattern No.2357 Pass[0m, R-type MULT, lat =   9
[38;5;121mPattern No.2358 Pass[0m, I-type ORI,  lat =   9
[38;5;121mPattern No.2359 Pass[0m, R-type OR,   lat =   9
[38;5;121mPattern No.2360 Pass[0m, R-type SRA,  lat =   9
[38;5;121mPattern No.2361 Pass[0m, I-type ADDI, lat =   9
[38;5;121mPattern No.2362 Pass[0m, R-type ADD,  lat =   9
[38;5;121mPattern No.2363 Pass[0m, R-type OR,   lat =   9
[38;5;121mPattern No.2364 Pass[0m, R-type SRA,  lat =   9
[38;5;121mPattern No.2365 Pass[0m, R-type SRA,  lat =   9
[38;5;121mPattern No.2366 Pass[0m, R-type SLA,  lat =   9
[38;5;121mPattern No.2367 Pass[0m, I-type ADDI, lat =   9
[38;5;121mPattern No.2368 Pass[0m, R-type OR,   lat =   9
[38;5;121mPattern No.2369 Pass[0m, R-type ADD,  lat =   9
[38;5;121mPattern No.2370 Pass[0m, R-type MULT, lat =   9
[38;5;121mPattern No.2371 Pass[0m, I-type ORI,  lat =   9
[38;5;121mPattern No.2372 Pass[0m, R-type SRA,  lat =   9
[38;5;121mPattern No.2373 Pass[0m, R-type ADD,  lat =   9
[38;5;121mPattern No.2374 Pass[0m, I-type ORI,  lat =   9
[38;5;121mPattern No.2375 Pass[0m, I-type ADDI, lat =   9
[38;5;121mPattern No.2376 Pass[0m, I-type ORI,  lat =   9
[38;5;121mPattern No.2377 Pass[0m, I-type ADDI, lat =   9
[38;5;121mPattern No.2378 Pass[0m, R-type SLA,  lat =   9
[38;5;121mPattern No.2379 Pass[0m, R-type SLA,  lat =   9
[38;5;121mPattern No.2380 Pass[0m, R-type OR,   lat =   9
[38;5;121mPattern No.2381 Pass[0m, I-type ORI,  lat =   9
[38;5;121mPattern No.2382 Pass[0m, I-type ORI,  lat =   9
[38;5;121mPattern No.2383 Pass[0m, R-type SLA,  lat =   9
[38;5;121mPattern No.2384 Pass[0m, I-type ORI,  lat =   9
[38;5;121mPattern No.2385 Pass[0m, R-type OR,   lat =   9
[38;5;121mPattern No.2386 Pass[0m, R-type OR,   lat =   9
[38;5;121mPattern No.2387 Pass[0m, R-type DIV,  lat =   9
[38;5;121mPattern No.2388 Pass[0m, I-type ADDI, lat =   9
[38;5;121mPattern No.2389 Pass[0m, R-type SLA,  lat =   9
[38;5;121mPattern No.2390 Pass[0m, R-type SRA,  lat =   9
[38;5;121mPattern No.2391 Pass[0m, R-type OR,   lat =   9
[38;5;121mPattern No.2392 Pass[0m, R-type DIV,  lat =   9
[38;5;121mPattern No.2393 Pass[0m, R-type OR,   lat =   9
[38;5;121mPattern No.2394 Pass[0m, R-type OR,   lat =   9
[38;5;121mPattern No.2395 Pass[0m, R-type SLA,  lat =   9
[38;5;121mPattern No.2396 Pass[0m, I-type ADDI, lat =   9
[38;5;121mPattern No.2397 Pass[0m, R-type SRA,  lat =   9
[38;5;121mPattern No.2398 Pass[0m, R-type SRA,  lat =   9
[38;5;121mPattern No.2399 Pass[0m, R-type SLA,  lat =   9
[38;5;121mPattern No.2400 Pass[0m, R-type SRA,  lat =   9
[38;5;121mPattern No.2401 Pass[0m, R-type ADD,  lat =   9
[38;5;121mPattern No.2403 Pass[0m, I-type ORI,  lat =   9
[38;5;121mPattern No.2404 Pass[0m, I-type ADDI, lat =   9
[38;5;121mPattern No.2405 Pass[0m, R-type SLA,  lat =   9
[38;5;121mPattern No.2406 Pass[0m, I-type ORI,  lat =   9
[38;5;121mPattern No.2407 Pass[0m, R-type MULT, lat =   9
[38;5;121mPattern No.2408 Pass[0m, R-type SLA,  lat =   9
[38;5;121mPattern No.2409 Pass[0m, I-type ADDI, lat =   9
[38;5;121mPattern No.2410 Pass[0m, R-type OR,   lat =   9
[38;5;121mPattern No.2411 Pass[0m, R-type SRA,  lat =   9
[38;5;121mPattern No.2412 Pass[0m, R-type SRA,  lat =   9
[38;5;121mPattern No.2413 Pass[0m, I-type ORI,  lat =   9
[38;5;121mPattern No.2414 Pass[0m, R-type DIV,  lat =   9
[38;5;121mPattern No.2415 Pass[0m, R-type SLA,  lat =   9
[38;5;121mPattern No.2416 Pass[0m, I-type ORI,  lat =   9
[38;5;121mPattern No.2417 Pass[0m, I-type ADDI, lat =   9
[38;5;121mPattern No.2418 Pass[0m, R-type SLA,  lat =   9
[38;5;121mPattern No.2419 Pass[0m, R-type SLA,  lat =   9
[38;5;121mPattern No.2420 Pass[0m, R-type SLA,  lat =   9
[38;5;121mPattern No.2421 Pass[0m, I-type ORI,  lat =   9
[38;5;121mPattern No.2422 Pass[0m, I-type ADDI, lat =   9
[38;5;121mPattern No.2423 Pass[0m, R-type SRA,  lat =   9
[38;5;121mPattern No.2424 Pass[0m, R-type ADD,  lat =   9
[38;5;121mPattern No.2425 Pass[0m, R-type OR,   lat =   9
[38;5;121mPattern No.2426 Pass[0m, Bad Ins.,    lat =   9
[38;5;121mPattern No.2427 Pass[0m, I-type ORI,  lat =   9
[38;5;121mPattern No.2428 Pass[0m, R-type DIV,  lat =   9
[38;5;121mPattern No.2429 Pass[0m, I-type ORI,  lat =   9
[38;5;121mPattern No.2430 Pass[0m, R-type DIV,  lat =   9
[38;5;121mPattern No.2431 Pass[0m, I-type ADDI, lat =   9
[38;5;121mPattern No.2432 Pass[0m, R-type ADD,  lat =   9
[38;5;121mPattern No.2433 Pass[0m, R-type ADD,  lat =   9
[38;5;121mPattern No.2434 Pass[0m, I-type ORI,  lat =   9
[38;5;121mPattern No.2435 Pass[0m, R-type DIV,  lat =   9
[38;5;121mPattern No.2436 Pass[0m, R-type MULT, lat =   9
[38;5;121mPattern No.2437 Pass[0m, R-type DIV,  lat =   9
[38;5;121mPattern No.2438 Pass[0m, R-type DIV,  lat =   9
[38;5;121mPattern No.2439 Pass[0m, R-type ADD,  lat =   9
[38;5;121mPattern No.2440 Pass[0m, R-type OR,   lat =   9
[38;5;121mPattern No.2441 Pass[0m, R-type OR,   lat =   9
[38;5;121mPattern No.2442 Pass[0m, R-type SLA,  lat =   9
[38;5;121mPattern No.2443 Pass[0m, R-type SLA,  lat =   9
[38;5;121mPattern No.2444 Pass[0m, I-type ORI,  lat =   9
[38;5;121mPattern No.2445 Pass[0m, R-type DIV,  lat =   9
[38;5;121mPattern No.2446 Pass[0m, I-type ORI,  lat =   9
[38;5;121mPattern No.2447 Pass[0m, R-type DIV,  lat =   9
[38;5;121mPattern No.2448 Pass[0m, I-type ADDI, lat =   9
[38;5;121mPattern No.2449 Pass[0m, R-type SLA,  lat =   9
[38;5;121mPattern No.2450 Pass[0m, R-type MULT, lat =   9
[38;5;121mPattern No.2451 Pass[0m, I-type ORI,  lat =   9
[38;5;121mPattern No.2452 Pass[0m, R-type DIV,  lat =   9
[38;5;121mPattern No.2453 Pass[0m, I-type ADDI, lat =   9
[38;5;121mPattern No.2454 Pass[0m, I-type ORI,  lat =   9
[38;5;121mPattern No.2455 Pass[0m, R-type OR,   lat =   9
[38;5;121mPattern No.2456 Pass[0m, R-type SLA,  lat =   9
[38;5;121mPattern No.2457 Pass[0m, R-type SRA,  lat =   9
[38;5;121mPattern No.2458 Pass[0m, R-type SRA,  lat =   9
[38;5;121mPattern No.2459 Pass[0m, R-type ADD,  lat =   9
[38;5;121mPattern No.2460 Pass[0m, I-type ADDI, lat =   9
[38;5;121mPattern No.2461 Pass[0m, R-type OR,   lat =   9
[38;5;121mPattern No.2462 Pass[0m, R-type MULT, lat =   9
[38;5;121mPattern No.2463 Pass[0m, R-type ADD,  lat =   9
[38;5;121mPattern No.2464 Pass[0m, R-type SRA,  lat =   9
[38;5;121mPattern No.2465 Pass[0m, R-type SRA,  lat =   9
[38;5;121mPattern No.2466 Pass[0m, R-type SLA,  lat =   9
[38;5;121mPattern No.2467 Pass[0m, R-type DIV,  lat =   9
[38;5;121mPattern No.2468 Pass[0m, R-type SLA,  lat =   9
[38;5;121mPattern No.2469 Pass[0m, R-type MULT, lat =   9
[38;5;121mPattern No.2470 Pass[0m, R-type ADD,  lat =   9
[38;5;121mPattern No.2471 Pass[0m, R-type ADD,  lat =   9
[38;5;121mPattern No.2472 Pass[0m, R-type ADD,  lat =   9
[38;5;121mPattern No.2473 Pass[0m, R-type ADD,  lat =   9
[38;5;121mPattern No.2474 Pass[0m, R-type SRA,  lat =   9
[38;5;121mPattern No.2475 Pass[0m, R-type SLA,  lat =   9
[38;5;121mPattern No.2476 Pass[0m, R-type ADD,  lat =   9
[38;5;121mPattern No.2477 Pass[0m, I-type ADDI, lat =   9
[38;5;121mPattern No.2478 Pass[0m, R-type SLA,  lat =   9
[38;5;121mPattern No.2479 Pass[0m, R-type SRA,  lat =   9
[38;5;121mPattern No.2480 Pass[0m, I-type ADDI, lat =   9
[38;5;121mPattern No.2481 Pass[0m, R-type DIV,  lat =   9
[38;5;121mPattern No.2482 Pass[0m, I-type ADDI, lat =   9
[38;5;121mPattern No.2483 Pass[0m, R-type SRA,  lat =   9
[38;5;121mPattern No.2484 Pass[0m, R-type DIV,  lat =   9
[38;5;121mPattern No.2485 Pass[0m, R-type OR,   lat =   9
[38;5;121mPattern No.2486 Pass[0m, R-type SLA,  lat =   9
[38;5;121mPattern No.2487 Pass[0m, R-type MULT, lat =  10
[38;5;121mPattern No.2488 Pass[0m, R-type SLA,  lat =  12
[38;5;121mPattern No.2489 Pass[0m, R-type MULT, lat =  13
[38;5;121mPattern No.2490 Pass[0m, R-type MULT, lat =   9
[38;5;121mPattern No.2491 Pass[0m, I-type ORI,  lat =   9
[38;5;121mPattern No.2492 Pass[0m, R-type SLA,  lat =   9
[38;5;121mPattern No.2493 Pass[0m, I-type ORI,  lat =   9
[38;5;121mPattern No.2494 Pass[0m, I-type ADDI, lat =   9
[38;5;121mPattern No.2495 Pass[0m, I-type ORI,  lat =   9
[38;5;121mPattern No.2496 Pass[0m, R-type ADD,  lat =   9
[38;5;121mPattern No.2497 Pass[0m, R-type SLA,  lat =   9
[38;5;121mPattern No.2498 Pass[0m, R-type SRA,  lat =   9
[38;5;121mPattern No.2499 Pass[0m, R-type SRA,  lat =   9
[38;5;121mPattern No.2500 Pass[0m, R-type MULT, lat =   9
[38;5;121mPattern No.2501 Pass[0m, R-type MULT, lat =   9
[38;5;121mPattern No.2502 Pass[0m, R-type MULT, lat =   9
[38;5;121mPattern No.2503 Pass[0m, R-type DIV,  lat =   9
[38;5;121mPattern No.2504 Pass[0m, I-type ADDI, lat =   9
[38;5;121mPattern No.2505 Pass[0m, R-type SLA,  lat =   9
[38;5;121mPattern No.2506 Pass[0m, R-type SLA,  lat =   9
[38;5;121mPattern No.2507 Pass[0m, R-type ADD,  lat =   9
[38;5;121mPattern No.2508 Pass[0m, I-type ADDI, lat =  11
[38;5;121mPattern No.2509 Pass[0m, I-type ORI,  lat =  11
[38;5;121mPattern No.2510 Pass[0m, R-type MULT, lat =  12
[38;5;121mPattern No.2511 Pass[0m, R-type ADD,  lat =   9
[38;5;121mPattern No.2512 Pass[0m, R-type SRA,  lat =   9
[38;5;121mPattern No.2513 Pass[0m, I-type ORI,  lat =   9
[38;5;121mPattern No.2514 Pass[0m, I-type ADDI, lat =   9
[38;5;121mPattern No.2515 Pass[0m, R-type ADD,  lat =   9
[38;5;121mPattern No.2516 Pass[0m, I-type ORI,  lat =   9
[38;5;121mPattern No.2517 Pass[0m, Bad Ins.,    lat =   9
[38;5;121mPattern No.2518 Pass[0m, R-type DIV,  lat =   9
[38;5;121mPattern No.2519 Pass[0m, R-type SLA,  lat =   9
[38;5;121mPattern No.2520 Pass[0m, R-type MULT, lat =   9
[38;5;121mPattern No.2521 Pass[0m, R-type OR,   lat =   9
[38;5;121mPattern No.2522 Pass[0m, R-type SRA,  lat =   9
[38;5;121mPattern No.2523 Pass[0m, R-type ADD,  lat =   9
[38;5;121mPattern No.2524 Pass[0m, R-type SLA,  lat =   9
[38;5;121mPattern No.2525 Pass[0m, I-type ADDI, lat =   9
[38;5;121mPattern No.2526 Pass[0m, Bad Ins.,    lat =   9
[38;5;121mPattern No.2527 Pass[0m, R-type OR,   lat =   9
[38;5;121mPattern No.2528 Pass[0m, I-type ADDI, lat =   9
[38;5;121mPattern No.2529 Pass[0m, R-type OR,   lat =   9
[38;5;121mPattern No.2530 Pass[0m, R-type ADD,  lat =   9
[38;5;121mPattern No.2531 Pass[0m, I-type ADDI, lat =   9
[38;5;121mPattern No.2532 Pass[0m, I-type ADDI, lat =   9
[38;5;121mPattern No.2533 Pass[0m, R-type MULT, lat =   9
[38;5;121mPattern No.2534 Pass[0m, R-type ADD,  lat =   9
[38;5;121mPattern No.2535 Pass[0m, R-type MULT, lat =   9
[38;5;121mPattern No.2536 Pass[0m, R-type ADD,  lat =   9
[38;5;121mPattern No.2537 Pass[0m, R-type SLA,  lat =   9
[38;5;121mPattern No.2538 Pass[0m, I-type ORI,  lat =   9
[38;5;121mPattern No.2539 Pass[0m, R-type MULT, lat =   9
[38;5;121mPattern No.2540 Pass[0m, R-type MULT, lat =   9
[38;5;121mPattern No.2541 Pass[0m, R-type SRA,  lat =   9
[38;5;121mPattern No.2542 Pass[0m, Bad Ins.,    lat =   9
[38;5;121mPattern No.2543 Pass[0m, R-type MULT, lat =   9
[38;5;121mPattern No.2544 Pass[0m, R-type DIV,  lat =   9
[38;5;121mPattern No.2545 Pass[0m, R-type DIV,  lat =   9
[38;5;121mPattern No.2546 Pass[0m, R-type SRA,  lat =   9
[38;5;121mPattern No.2547 Pass[0m, I-type ADDI, lat =   9
[38;5;121mPattern No.2548 Pass[0m, R-type ADD,  lat =   9
[38;5;121mPattern No.2549 Pass[0m, R-type ADD,  lat =  11
[38;5;121mPattern No.2550 Pass[0m, R-type OR,   lat =  11
[38;5;121mPattern No.2551 Pass[0m, R-type OR,   lat =  12
[38;5;121mPattern No.2552 Pass[0m, Bad Ins.,    lat =   9
[38;5;121mPattern No.2553 Pass[0m, R-type DIV,  lat =   9
[38;5;121mPattern No.2554 Pass[0m, R-type DIV,  lat =   9
[38;5;121mPattern No.2555 Pass[0m, R-type OR,   lat =   9
[38;5;121mPattern No.2556 Pass[0m, R-type SRA,  lat =   9
[38;5;121mPattern No.2557 Pass[0m, R-type SLA,  lat =   9
[38;5;121mPattern No.2558 Pass[0m, R-type MULT, lat =   9
[38;5;121mPattern No.2559 Pass[0m, R-type DIV,  lat =  11
[38;5;121mPattern No.2560 Pass[0m, R-type MULT, lat =  11
[38;5;121mPattern No.2561 Pass[0m, I-type ADDI, lat =  12
[38;5;121mPattern No.2562 Pass[0m, R-type SLA,  lat =   9
[38;5;121mPattern No.2563 Pass[0m, I-type ADDI, lat =  11
[38;5;121mPattern No.2564 Pass[0m, R-type ADD,  lat =  11
[38;5;121mPattern No.2565 Pass[0m, I-type ORI,  lat =  12
[38;5;121mPattern No.2566 Pass[0m, R-type OR,   lat =   9
[38;5;121mPattern No.2567 Pass[0m, R-type SRA,  lat =   9
[38;5;121mPattern No.2568 Pass[0m, R-type SLA,  lat =   9
[38;5;121mPattern No.2569 Pass[0m, R-type DIV,  lat =   9
[38;5;121mPattern No.2570 Pass[0m, I-type ADDI, lat =   9
[38;5;121mPattern No.2571 Pass[0m, R-type MULT, lat =   9
[38;5;121mPattern No.2572 Pass[0m, R-type DIV,  lat =   9
[38;5;121mPattern No.2573 Pass[0m, R-type SRA,  lat =   9
[38;5;121mPattern No.2574 Pass[0m, R-type ADD,  lat =   9
[38;5;121mPattern No.2575 Pass[0m, R-type SLA,  lat =   9
[38;5;121mPattern No.2576 Pass[0m, R-type OR,   lat =   9
[38;5;121mPattern No.2577 Pass[0m, R-type DIV,  lat =   9
[38;5;121mPattern No.2578 Pass[0m, R-type ADD,  lat =   9
[38;5;121mPattern No.2579 Pass[0m, I-type ORI,  lat =   9
[38;5;121mPattern No.2580 Pass[0m, R-type MULT, lat =   9
[38;5;121mPattern No.2581 Pass[0m, Bad Ins.,    lat =   9
[38;5;121mPattern No.2582 Pass[0m, R-type SLA,  lat =   9
[38;5;121mPattern No.2583 Pass[0m, R-type DIV,  lat =   9
[38;5;121mPattern No.2584 Pass[0m, R-type SRA,  lat =   9
[38;5;121mPattern No.2585 Pass[0m, R-type ADD,  lat =   9
[38;5;121mPattern No.2586 Pass[0m, R-type SLA,  lat =   9
[38;5;121mPattern No.2587 Pass[0m, R-type ADD,  lat =   9
[38;5;121mPattern No.2588 Pass[0m, R-type ADD,  lat =   9
[38;5;121mPattern No.2589 Pass[0m, R-type SRA,  lat =   9
[38;5;121mPattern No.2590 Pass[0m, R-type DIV,  lat =   9
[38;5;121mPattern No.2591 Pass[0m, R-type SRA,  lat =   9
[38;5;121mPattern No.2592 Pass[0m, I-type ORI,  lat =   9
[38;5;121mPattern No.2593 Pass[0m, I-type ADDI, lat =   9
[38;5;121mPattern No.2594 Pass[0m, R-type OR,   lat =   9
[38;5;121mPattern No.2595 Pass[0m, R-type DIV,  lat =   9
[38;5;121mPattern No.2596 Pass[0m, R-type SLA,  lat =   9
[38;5;121mPattern No.2597 Pass[0m, R-type SRA,  lat =   9
[38;5;121mPattern No.2598 Pass[0m, R-type OR,   lat =   9
[38;5;121mPattern No.2599 Pass[0m, R-type SLA,  lat =   9
[38;5;121mPattern No.2600 Pass[0m, R-type OR,   lat =   9
[38;5;121mPattern No.2601 Pass[0m, R-type ADD,  lat =   9
[38;5;121mPattern No.2602 Pass[0m, I-type ADDI, lat =   9
[38;5;121mPattern No.2603 Pass[0m, R-type DIV,  lat =   9
[38;5;121mPattern No.2604 Pass[0m, I-type ADDI, lat =   9
[38;5;121mPattern No.2605 Pass[0m, I-type ORI,  lat =   9
[38;5;121mPattern No.2606 Pass[0m, R-type MULT, lat =   9
[38;5;121mPattern No.2607 Pass[0m, R-type SRA,  lat =   9
[38;5;121mPattern No.2608 Pass[0m, R-type DIV,  lat =   9
[38;5;121mPattern No.2609 Pass[0m, R-type SLA,  lat =   9
[38;5;121mPattern No.2610 Pass[0m, I-type ORI,  lat =   9
[38;5;121mPattern No.2611 Pass[0m, I-type ADDI, lat =   9
[38;5;121mPattern No.2612 Pass[0m, R-type SLA,  lat =  12
[38;5;121mPattern No.2613 Pass[0m, R-type MULT, lat =  12
[38;5;121mPattern No.2614 Pass[0m, R-type SLA,  lat =  13
[38;5;121mPattern No.2615 Pass[0m, Bad Ins.,    lat =   9
[38;5;121mPattern No.2616 Pass[0m, R-type SRA,  lat =   9
[38;5;121mPattern No.2617 Pass[0m, R-type SLA,  lat =   9
[38;5;121mPattern No.2618 Pass[0m, R-type DIV,  lat =   9
[38;5;121mPattern No.2619 Pass[0m, R-type SLA,  lat =   9
[38;5;121mPattern No.2620 Pass[0m, R-type OR,   lat =   9
[38;5;121mPattern No.2621 Pass[0m, R-type SLA,  lat =   9
[38;5;121mPattern No.2622 Pass[0m, I-type ADDI, lat =   9
[38;5;121mPattern No.2623 Pass[0m, R-type MULT, lat =   9
[38;5;121mPattern No.2624 Pass[0m, R-type SLA,  lat =   9
[38;5;121mPattern No.2625 Pass[0m, R-type MULT, lat =   9
[38;5;121mPattern No.2626 Pass[0m, R-type SRA,  lat =   9
[38;5;121mPattern No.2627 Pass[0m, R-type SLA,  lat =   9
[38;5;121mPattern No.2628 Pass[0m, R-type OR,   lat =   9
[38;5;121mPattern No.2629 Pass[0m, R-type ADD,  lat =   9
[38;5;121mPattern No.2630 Pass[0m, I-type ADDI, lat =   9
[38;5;121mPattern No.2631 Pass[0m, R-type OR,   lat =   9
[38;5;121mPattern No.2632 Pass[0m, R-type MULT, lat =   9
[38;5;121mPattern No.2633 Pass[0m, R-type MULT, lat =   9
[38;5;121mPattern No.2634 Pass[0m, R-type SRA,  lat =   9
[38;5;121mPattern No.2635 Pass[0m, R-type MULT, lat =   9
[38;5;121mPattern No.2636 Pass[0m, R-type SRA,  lat =   9
[38;5;121mPattern No.2637 Pass[0m, R-type MULT, lat =   9
[38;5;121mPattern No.2638 Pass[0m, R-type OR,   lat =   9
[38;5;121mPattern No.2639 Pass[0m, R-type ADD,  lat =   9
[38;5;121mPattern No.2640 Pass[0m, R-type DIV,  lat =   9
[38;5;121mPattern No.2641 Pass[0m, R-type SLA,  lat =   9
[38;5;121mPattern No.2642 Pass[0m, R-type SLA,  lat =   9
[38;5;121mPattern No.2643 Pass[0m, R-type DIV,  lat =   9
[38;5;121mPattern No.2644 Pass[0m, R-type MULT, lat =   9
[38;5;121mPattern No.2645 Pass[0m, I-type ADDI, lat =   9
[38;5;121mPattern No.2646 Pass[0m, R-type DIV,  lat =   9
[38;5;121mPattern No.2647 Pass[0m, R-type SLA,  lat =  12
[38;5;121mPattern No.2648 Pass[0m, R-type DIV,  lat =  12
[38;5;121mPattern No.2649 Pass[0m, R-type SLA,  lat =  13
[38;5;121mPattern No.2650 Pass[0m, R-type MULT, lat =   9
[38;5;121mPattern No.2651 Pass[0m, R-type SRA,  lat =   9
[38;5;121mPattern No.2652 Pass[0m, I-type ADDI, lat =   9
[38;5;121mPattern No.2654 Pass[0m, R-type ADD,  lat =   9
[38;5;121mPattern No.2655 Pass[0m, R-type SLA,  lat =   9
[38;5;121mPattern No.2656 Pass[0m, R-type SLA,  lat =   9
[38;5;121mPattern No.2657 Pass[0m, I-type ORI,  lat =   9
[38;5;121mPattern No.2658 Pass[0m, I-type ORI,  lat =   9
[38;5;121mPattern No.2659 Pass[0m, R-type ADD,  lat =   9
[38;5;121mPattern No.2660 Pass[0m, I-type ADDI, lat =   9
[38;5;121mPattern No.2661 Pass[0m, R-type ADD,  lat =   9
[38;5;121mPattern No.2662 Pass[0m, R-type SLA,  lat =   9
[38;5;121mPattern No.2663 Pass[0m, I-type ADDI, lat =   9
[38;5;121mPattern No.2664 Pass[0m, R-type SRA,  lat =   9
[38;5;121mPattern No.2665 Pass[0m, R-type SLA,  lat =   9
[38;5;121mPattern No.2666 Pass[0m, I-type ADDI, lat =   9
[38;5;121mPattern No.2667 Pass[0m, R-type ADD,  lat =   9
[38;5;121mPattern No.2668 Pass[0m, I-type ADDI, lat =   9
[38;5;121mPattern No.2669 Pass[0m, R-type SLA,  lat =   9
[38;5;121mPattern No.2670 Pass[0m, R-type ADD,  lat =   9
[38;5;121mPattern No.2671 Pass[0m, I-type ADDI, lat =   9
[38;5;121mPattern No.2672 Pass[0m, R-type SRA,  lat =   9
[38;5;121mPattern No.2673 Pass[0m, I-type ORI,  lat =   9
[38;5;121mPattern No.2674 Pass[0m, I-type ORI,  lat =   9
[38;5;121mPattern No.2675 Pass[0m, I-type ADDI, lat =   9
[38;5;121mPattern No.2676 Pass[0m, R-type DIV,  lat =   9
[38;5;121mPattern No.2677 Pass[0m, R-type SLA,  lat =   9
[38;5;121mPattern No.2678 Pass[0m, R-type DIV,  lat =   9
[38;5;121mPattern No.2679 Pass[0m, R-type SLA,  lat =   9
[38;5;121mPattern No.2680 Pass[0m, I-type ORI,  lat =   9
[38;5;121mPattern No.2681 Pass[0m, I-type ADDI, lat =  11
[38;5;121mPattern No.2682 Pass[0m, I-type ORI,  lat =  11
[38;5;121mPattern No.2683 Pass[0m, I-type ADDI, lat =  12
[38;5;121mPattern No.2684 Pass[0m, I-type ORI,  lat =   9
[38;5;121mPattern No.2685 Pass[0m, R-type SLA,  lat =   9
[38;5;121mPattern No.2686 Pass[0m, R-type DIV,  lat =   9
[38;5;121mPattern No.2687 Pass[0m, I-type ADDI, lat =   9
[38;5;121mPattern No.2688 Pass[0m, R-type DIV,  lat =   9
[38;5;121mPattern No.2689 Pass[0m, R-type OR,   lat =   9
[38;5;121mPattern No.2690 Pass[0m, I-type ADDI, lat =   9
[38;5;121mPattern No.2691 Pass[0m, I-type ADDI, lat =   9
[38;5;121mPattern No.2692 Pass[0m, R-type DIV,  lat =   9
[38;5;121mPattern No.2693 Pass[0m, R-type OR,   lat =   9
[38;5;121mPattern No.2694 Pass[0m, R-type DIV,  lat =   9
[38;5;121mPattern No.2695 Pass[0m, R-type ADD,  lat =   9
[38;5;121mPattern No.2696 Pass[0m, I-type ORI,  lat =   9
[38;5;121mPattern No.2697 Pass[0m, R-type SRA,  lat =   9
[38;5;121mPattern No.2698 Pass[0m, R-type DIV,  lat =   9
[38;5;121mPattern No.2699 Pass[0m, R-type SLA,  lat =   9
[38;5;121mPattern No.2700 Pass[0m, R-type ADD,  lat =   9
[38;5;121mPattern No.2701 Pass[0m, Bad Ins.,    lat =   9
[38;5;121mPattern No.2702 Pass[0m, R-type OR,   lat =  12
[38;5;121mPattern No.2703 Pass[0m, R-type DIV,  lat =  12
[38;5;121mPattern No.2704 Pass[0m, R-type ADD,  lat =  13
[38;5;121mPattern No.2705 Pass[0m, R-type SRA,  lat =   9
[38;5;121mPattern No.2706 Pass[0m, Bad Ins.,    lat =   9
[38;5;121mPattern No.2707 Pass[0m, R-type SLA,  lat =   9
[38;5;121mPattern No.2708 Pass[0m, I-type ADDI, lat =   9
[38;5;121mPattern No.2709 Pass[0m, R-type SRA,  lat =   9
[38;5;121mPattern No.2710 Pass[0m, R-type SRA,  lat =   9
[38;5;121mPattern No.2711 Pass[0m, R-type ADD,  lat =   9
[38;5;121mPattern No.2712 Pass[0m, R-type OR,   lat =   9
[38;5;121mPattern No.2713 Pass[0m, R-type DIV,  lat =   9
[38;5;121mPattern No.2714 Pass[0m, R-type SRA,  lat =   9
[38;5;121mPattern No.2715 Pass[0m, I-type ADDI, lat =   9
[38;5;121mPattern No.2716 Pass[0m, R-type ADD,  lat =   9
[38;5;121mPattern No.2717 Pass[0m, I-type ADDI, lat =   9
[38;5;121mPattern No.2718 Pass[0m, R-type DIV,  lat =   9
[38;5;121mPattern No.2719 Pass[0m, R-type SLA,  lat =   9
[38;5;121mPattern No.2720 Pass[0m, R-type SRA,  lat =   9
[38;5;121mPattern No.2721 Pass[0m, I-type ORI,  lat =   9
[38;5;121mPattern No.2722 Pass[0m, I-type ADDI, lat =   9
[38;5;121mPattern No.2723 Pass[0m, R-type OR,   lat =   9
[38;5;121mPattern No.2724 Pass[0m, I-type ADDI, lat =   9
[38;5;121mPattern No.2725 Pass[0m, R-type SRA,  lat =   9
[38;5;121mPattern No.2726 Pass[0m, I-type ORI,  lat =   9
[38;5;121mPattern No.2727 Pass[0m, R-type ADD,  lat =   9
[38;5;121mPattern No.2728 Pass[0m, R-type ADD,  lat =   9
[38;5;121mPattern No.2729 Pass[0m, R-type OR,   lat =   9
[38;5;121mPattern No.2730 Pass[0m, R-type DIV,  lat =   9
[38;5;121mPattern No.2731 Pass[0m, I-type ORI,  lat =   9
[38;5;121mPattern No.2732 Pass[0m, R-type MULT, lat =   9
[38;5;121mPattern No.2733 Pass[0m, R-type SLA,  lat =   9
[38;5;121mPattern No.2734 Pass[0m, R-type ADD,  lat =   9
[38;5;121mPattern No.2735 Pass[0m, R-type ADD,  lat =   9
[38;5;121mPattern No.2736 Pass[0m, R-type SLA,  lat =   9
[38;5;121mPattern No.2737 Pass[0m, R-type SRA,  lat =   9
[38;5;121mPattern No.2738 Pass[0m, I-type ORI,  lat =   9
[38;5;121mPattern No.2739 Pass[0m, R-type OR,   lat =   9
[38;5;121mPattern No.2740 Pass[0m, I-type ORI,  lat =   9
[38;5;121mPattern No.2742 Pass[0m, R-type DIV,  lat =   9
[38;5;121mPattern No.2743 Pass[0m, R-type ADD,  lat =   9
[38;5;121mPattern No.2744 Pass[0m, R-type SLA,  lat =   9
[38;5;121mPattern No.2745 Pass[0m, I-type ORI,  lat =   9
[38;5;121mPattern No.2746 Pass[0m, R-type ADD,  lat =   9
[38;5;121mPattern No.2747 Pass[0m, R-type SRA,  lat =   9
[38;5;121mPattern No.2748 Pass[0m, I-type ORI,  lat =   9
[38;5;121mPattern No.2749 Pass[0m, I-type ADDI, lat =   9
[38;5;121mPattern No.2750 Pass[0m, R-type DIV,  lat =   9
[38;5;121mPattern No.2751 Pass[0m, R-type SLA,  lat =   9
[38;5;121mPattern No.2752 Pass[0m, R-type SLA,  lat =   9
[38;5;121mPattern No.2753 Pass[0m, R-type ADD,  lat =   9
[38;5;121mPattern No.2754 Pass[0m, R-type SLA,  lat =   9
[38;5;121mPattern No.2755 Pass[0m, R-type SLA,  lat =   9
[38;5;121mPattern No.2756 Pass[0m, I-type ADDI, lat =   9
[38;5;121mPattern No.2757 Pass[0m, R-type MULT, lat =   9
[38;5;121mPattern No.2758 Pass[0m, R-type SLA,  lat =   9
[38;5;121mPattern No.2759 Pass[0m, R-type DIV,  lat =   9
[38;5;121mPattern No.2760 Pass[0m, R-type OR,   lat =   9
[38;5;121mPattern No.2761 Pass[0m, R-type ADD,  lat =   9
[38;5;121mPattern No.2762 Pass[0m, I-type ADDI, lat =   9
[38;5;121mPattern No.2763 Pass[0m, I-type ADDI, lat =   9
[38;5;121mPattern No.2764 Pass[0m, R-type SRA,  lat =   9
[38;5;121mPattern No.2765 Pass[0m, R-type SLA,  lat =   9
[38;5;121mPattern No.2766 Pass[0m, R-type SRA,  lat =   9
[38;5;121mPattern No.2767 Pass[0m, R-type ADD,  lat =   9
[38;5;121mPattern No.2768 Pass[0m, I-type ADDI, lat =   9
[38;5;121mPattern No.2769 Pass[0m, I-type ORI,  lat =   9
[38;5;121mPattern No.2770 Pass[0m, Bad Ins.,    lat =   9
[38;5;121mPattern No.2771 Pass[0m, Bad Ins.,    lat =   9
[38;5;121mPattern No.2772 Pass[0m, R-type MULT, lat =   9
[38;5;121mPattern No.2773 Pass[0m, R-type OR,   lat =   9
[38;5;121mPattern No.2774 Pass[0m, I-type ORI,  lat =   9
[38;5;121mPattern No.2775 Pass[0m, R-type MULT, lat =   9
[38;5;121mPattern No.2776 Pass[0m, I-type ORI,  lat =   9
[38;5;121mPattern No.2777 Pass[0m, I-type ADDI, lat =   9
[38;5;121mPattern No.2778 Pass[0m, R-type OR,   lat =   9
[38;5;121mPattern No.2779 Pass[0m, R-type SRA,  lat =   9
[38;5;121mPattern No.2780 Pass[0m, R-type DIV,  lat =   9
[38;5;121mPattern No.2781 Pass[0m, R-type SLA,  lat =   9
[38;5;121mPattern No.2782 Pass[0m, R-type ADD,  lat =   9
[38;5;121mPattern No.2783 Pass[0m, R-type MULT, lat =   9
[38;5;121mPattern No.2784 Pass[0m, R-type SRA,  lat =   9
[38;5;121mPattern No.2785 Pass[0m, R-type SRA,  lat =   9
[38;5;121mPattern No.2786 Pass[0m, R-type ADD,  lat =   9
[38;5;121mPattern No.2787 Pass[0m, R-type SRA,  lat =   9
[38;5;121mPattern No.2788 Pass[0m, R-type SLA,  lat =   9
[38;5;121mPattern No.2789 Pass[0m, I-type ORI,  lat =   9
[38;5;121mPattern No.2790 Pass[0m, I-type ORI,  lat =   9
[38;5;121mPattern No.2791 Pass[0m, I-type ORI,  lat =   9
[38;5;121mPattern No.2792 Pass[0m, R-type SRA,  lat =   9
[38;5;121mPattern No.2793 Pass[0m, I-type ADDI, lat =   9
[38;5;121mPattern No.2794 Pass[0m, I-type ORI,  lat =   9
[38;5;121mPattern No.2795 Pass[0m, R-type SRA,  lat =   9
[38;5;121mPattern No.2796 Pass[0m, R-type OR,   lat =   9
[38;5;121mPattern No.2797 Pass[0m, R-type SRA,  lat =   9
[38;5;121mPattern No.2798 Pass[0m, R-type ADD,  lat =   9
[38;5;121mPattern No.2799 Pass[0m, I-type ADDI, lat =   9
[38;5;121mPattern No.2800 Pass[0m, R-type DIV,  lat =   9
[38;5;121mPattern No.2801 Pass[0m, R-type SRA,  lat =   9
[38;5;121mPattern No.2802 Pass[0m, R-type MULT, lat =   9
[38;5;121mPattern No.2803 Pass[0m, R-type OR,   lat =   9
[38;5;121mPattern No.2804 Pass[0m, R-type OR,   lat =   9
[38;5;121mPattern No.2805 Pass[0m, R-type SLA,  lat =  11
[38;5;121mPattern No.2806 Pass[0m, R-type OR,   lat =  11
[38;5;121mPattern No.2807 Pass[0m, R-type SRA,  lat =  12
[38;5;121mPattern No.2808 Pass[0m, I-type ORI,  lat =   9
[38;5;121mPattern No.2809 Pass[0m, R-type ADD,  lat =   9
[38;5;121mPattern No.2810 Pass[0m, R-type DIV,  lat =   9
[38;5;121mPattern No.2811 Pass[0m, R-type DIV,  lat =   9
[38;5;121mPattern No.2812 Pass[0m, R-type SLA,  lat =   9
[38;5;121mPattern No.2813 Pass[0m, R-type OR,   lat =   9
[38;5;121mPattern No.2814 Pass[0m, R-type SRA,  lat =   9
[38;5;121mPattern No.2815 Pass[0m, I-type ORI,  lat =   9
[38;5;121mPattern No.2816 Pass[0m, R-type ADD,  lat =   9
[38;5;121mPattern No.2817 Pass[0m, R-type ADD,  lat =   9
[38;5;121mPattern No.2818 Pass[0m, R-type DIV,  lat =   9
[38;5;121mPattern No.2819 Pass[0m, I-type ORI,  lat =   9
[38;5;121mPattern No.2820 Pass[0m, R-type SLA,  lat =   9
[38;5;121mPattern No.2821 Pass[0m, R-type SRA,  lat =   9
[38;5;121mPattern No.2822 Pass[0m, I-type ADDI, lat =   9
[38;5;121mPattern No.2823 Pass[0m, I-type ADDI, lat =   9
[38;5;121mPattern No.2824 Pass[0m, R-type ADD,  lat =   9
[38;5;121mPattern No.2825 Pass[0m, R-type SRA,  lat =   9
[38;5;121mPattern No.2826 Pass[0m, R-type SLA,  lat =   9
[38;5;121mPattern No.2827 Pass[0m, R-type ADD,  lat =   9
[38;5;121mPattern No.2828 Pass[0m, R-type ADD,  lat =   9
[38;5;121mPattern No.2829 Pass[0m, I-type ORI,  lat =   9
[38;5;121mPattern No.2830 Pass[0m, I-type ADDI, lat =   9
[38;5;121mPattern No.2831 Pass[0m, R-type SRA,  lat =   9
[38;5;121mPattern No.2832 Pass[0m, R-type SLA,  lat =   9
[38;5;121mPattern No.2833 Pass[0m, R-type OR,   lat =   9
[38;5;121mPattern No.2834 Pass[0m, R-type DIV,  lat =   9
[38;5;121mPattern No.2835 Pass[0m, I-type ADDI, lat =   9
[38;5;121mPattern No.2836 Pass[0m, I-type ORI,  lat =   9
[38;5;121mPattern No.2837 Pass[0m, R-type SLA,  lat =   9
[38;5;121mPattern No.2838 Pass[0m, I-type ORI,  lat =   9
[38;5;121mPattern No.2839 Pass[0m, I-type ADDI, lat =   9
[38;5;121mPattern No.2840 Pass[0m, I-type ORI,  lat =   9
[38;5;121mPattern No.2841 Pass[0m, R-type SRA,  lat =   9
[38;5;121mPattern No.2842 Pass[0m, R-type OR,   lat =   9
[38;5;121mPattern No.2843 Pass[0m, R-type ADD,  lat =   9
[38;5;121mPattern No.2844 Pass[0m, R-type ADD,  lat =   9
[38;5;121mPattern No.2845 Pass[0m, R-type ADD,  lat =   9
[38;5;121mPattern No.2846 Pass[0m, R-type SLA,  lat =   9
[38;5;121mPattern No.2847 Pass[0m, R-type MULT, lat =   9
[38;5;121mPattern No.2848 Pass[0m, R-type MULT, lat =   9
[38;5;121mPattern No.2849 Pass[0m, R-type OR,   lat =   9
[38;5;121mPattern No.2850 Pass[0m, R-type MULT, lat =   9
[38;5;121mPattern No.2851 Pass[0m, R-type MULT, lat =   9
[38;5;121mPattern No.2852 Pass[0m, R-type MULT, lat =   9
[38;5;121mPattern No.2853 Pass[0m, R-type DIV,  lat =   9
[38;5;121mPattern No.2854 Pass[0m, R-type SRA,  lat =   9
[38;5;121mPattern No.2855 Pass[0m, R-type ADD,  lat =   9
[38;5;121mPattern No.2856 Pass[0m, R-type MULT, lat =   9
[38;5;121mPattern No.2857 Pass[0m, R-type DIV,  lat =   9
[38;5;121mPattern No.2858 Pass[0m, I-type ORI,  lat =   9
[38;5;121mPattern No.2859 Pass[0m, R-type SLA,  lat =   9
[38;5;121mPattern No.2860 Pass[0m, I-type ADDI, lat =   9
[38;5;121mPattern No.2861 Pass[0m, R-type SLA,  lat =   9
[38;5;121mPattern No.2862 Pass[0m, R-type SRA,  lat =   9
[38;5;121mPattern No.2863 Pass[0m, R-type MULT, lat =   9
[38;5;121mPattern No.2864 Pass[0m, R-type SRA,  lat =   9
[38;5;121mPattern No.2865 Pass[0m, R-type MULT, lat =   9
[38;5;121mPattern No.2866 Pass[0m, R-type SLA,  lat =   9
[38;5;121mPattern No.2867 Pass[0m, R-type MULT, lat =   9
[38;5;121mPattern No.2869 Pass[0m, R-type SLA,  lat =   9
[38;5;121mPattern No.2870 Pass[0m, R-type ADD,  lat =   9
[38;5;121mPattern No.2871 Pass[0m, R-type SRA,  lat =   9
[38;5;121mPattern No.2872 Pass[0m, R-type SLA,  lat =   9
[38;5;121mPattern No.2873 Pass[0m, R-type SLA,  lat =   9
[38;5;121mPattern No.2874 Pass[0m, I-type ADDI, lat =   9
[38;5;121mPattern No.2875 Pass[0m, R-type OR,   lat =   9
[38;5;121mPattern No.2876 Pass[0m, R-type OR,   lat =   9
[38;5;121mPattern No.2877 Pass[0m, R-type MULT, lat =   9
[38;5;121mPattern No.2878 Pass[0m, R-type MULT, lat =   9
[38;5;121mPattern No.2879 Pass[0m, I-type ADDI, lat =   9
[38;5;121mPattern No.2880 Pass[0m, R-type SRA,  lat =   9
[38;5;121mPattern No.2881 Pass[0m, I-type ORI,  lat =   9
[38;5;121mPattern No.2882 Pass[0m, R-type ADD,  lat =   9
[38;5;121mPattern No.2883 Pass[0m, R-type OR,   lat =   9
[38;5;121mPattern No.2884 Pass[0m, R-type DIV,  lat =   9
[38;5;121mPattern No.2885 Pass[0m, I-type ADDI, lat =   9
[38;5;121mPattern No.2886 Pass[0m, R-type OR,   lat =   9
[38;5;121mPattern No.2887 Pass[0m, R-type MULT, lat =   9
[38;5;121mPattern No.2888 Pass[0m, R-type SLA,  lat =   9
[38;5;121mPattern No.2889 Pass[0m, R-type DIV,  lat =   9
[38;5;121mPattern No.2890 Pass[0m, R-type DIV,  lat =   9
[38;5;121mPattern No.2891 Pass[0m, R-type OR,   lat =   9
[38;5;121mPattern No.2892 Pass[0m, R-type DIV,  lat =   9
[38;5;121mPattern No.2893 Pass[0m, R-type ADD,  lat =   9
[38;5;121mPattern No.2894 Pass[0m, R-type SLA,  lat =   9
[38;5;121mPattern No.2895 Pass[0m, R-type MULT, lat =   9
[38;5;121mPattern No.2896 Pass[0m, I-type ADDI, lat =   9
[38;5;121mPattern No.2897 Pass[0m, R-type OR,   lat =   9
[38;5;121mPattern No.2898 Pass[0m, I-type ORI,  lat =   9
[38;5;121mPattern No.2899 Pass[0m, R-type SRA,  lat =   9
[38;5;121mPattern No.2900 Pass[0m, R-type OR,   lat =   9
[38;5;121mPattern No.2901 Pass[0m, R-type MULT, lat =   9
[38;5;121mPattern No.2902 Pass[0m, R-type MULT, lat =   9
[38;5;121mPattern No.2903 Pass[0m, I-type ORI,  lat =   9
[38;5;121mPattern No.2904 Pass[0m, R-type SRA,  lat =   9
[38;5;121mPattern No.2905 Pass[0m, R-type SLA,  lat =   9
[38;5;121mPattern No.2906 Pass[0m, R-type ADD,  lat =   9
[38;5;121mPattern No.2907 Pass[0m, R-type ADD,  lat =   9
[38;5;121mPattern No.2908 Pass[0m, R-type OR,   lat =   9
[38;5;121mPattern No.2909 Pass[0m, I-type ADDI, lat =   9
[38;5;121mPattern No.2910 Pass[0m, R-type OR,   lat =   9
[38;5;121mPattern No.2911 Pass[0m, R-type ADD,  lat =   9
[38;5;121mPattern No.2912 Pass[0m, R-type DIV,  lat =   9
[38;5;121mPattern No.2913 Pass[0m, R-type SRA,  lat =   9
[38;5;121mPattern No.2914 Pass[0m, R-type DIV,  lat =   9
[38;5;121mPattern No.2915 Pass[0m, R-type SLA,  lat =   9
[38;5;121mPattern No.2916 Pass[0m, R-type MULT, lat =  12
[38;5;121mPattern No.2917 Pass[0m, Bad Ins.,    lat =  12
[38;5;121mPattern No.2918 Pass[0m, R-type SLA,  lat =  13
[38;5;121mPattern No.2919 Pass[0m, R-type SRA,  lat =   9
[38;5;121mPattern No.2920 Pass[0m, I-type ADDI, lat =   9
[38;5;121mPattern No.2921 Pass[0m, R-type SRA,  lat =   9
[38;5;121mPattern No.2922 Pass[0m, I-type ORI,  lat =   9
[38;5;121mPattern No.2923 Pass[0m, R-type DIV,  lat =   9
[38;5;121mPattern No.2924 Pass[0m, I-type ORI,  lat =   9
[38;5;121mPattern No.2925 Pass[0m, I-type ORI,  lat =   9
[38;5;121mPattern No.2926 Pass[0m, R-type ADD,  lat =   9
[38;5;121mPattern No.2927 Pass[0m, R-type DIV,  lat =  12
[38;5;121mPattern No.2928 Pass[0m, R-type MULT, lat =  12
[38;5;121mPattern No.2929 Pass[0m, I-type ADDI, lat =  13
[38;5;121mPattern No.2930 Pass[0m, R-type SRA,  lat =   9
[38;5;121mPattern No.2931 Pass[0m, R-type SRA,  lat =   9
[38;5;121mPattern No.2932 Pass[0m, R-type SLA,  lat =  10
[38;5;121mPattern No.2933 Pass[0m, R-type MULT, lat =  10
[38;5;121mPattern No.2934 Pass[0m, R-type ADD,  lat =  11
[38;5;121mPattern No.2935 Pass[0m, I-type ADDI, lat =   9
[38;5;121mPattern No.2936 Pass[0m, I-type ADDI, lat =   9
[38;5;121mPattern No.2937 Pass[0m, R-type DIV,  lat =   9
[38;5;121mPattern No.2938 Pass[0m, I-type ORI,  lat =   9
[38;5;121mPattern No.2939 Pass[0m, R-type SLA,  lat =   9
[38;5;121mPattern No.2940 Pass[0m, R-type DIV,  lat =   9
[38;5;121mPattern No.2941 Pass[0m, R-type ADD,  lat =   9
[38;5;121mPattern No.2942 Pass[0m, R-type DIV,  lat =  11
[38;5;121mPattern No.2943 Pass[0m, I-type ADDI, lat =  11
[38;5;121mPattern No.2944 Pass[0m, R-type SLA,  lat =  12
[38;5;121mPattern No.2945 Pass[0m, R-type OR,   lat =   9
[38;5;121mPattern No.2946 Pass[0m, R-type OR,   lat =   9
[38;5;121mPattern No.2947 Pass[0m, R-type SLA,  lat =   9
[38;5;121mPattern No.2948 Pass[0m, R-type SRA,  lat =   9
[38;5;121mPattern No.2949 Pass[0m, R-type ADD,  lat =   9
[38;5;121mPattern No.2950 Pass[0m, R-type DIV,  lat =   9
[38;5;121mPattern No.2951 Pass[0m, I-type ADDI, lat =   9
[38;5;121mPattern No.2952 Pass[0m, R-type ADD,  lat =   9
[38;5;121mPattern No.2953 Pass[0m, I-type ORI,  lat =   9
[38;5;121mPattern No.2954 Pass[0m, I-type ADDI, lat =   9
[38;5;121mPattern No.2955 Pass[0m, I-type ORI,  lat =   9
[38;5;121mPattern No.2956 Pass[0m, R-type OR,   lat =   9
[38;5;121mPattern No.2957 Pass[0m, Bad Ins.,    lat =   9
[38;5;121mPattern No.2958 Pass[0m, R-type MULT, lat =   9
[38;5;121mPattern No.2959 Pass[0m, R-type SLA,  lat =   9
[38;5;121mPattern No.2960 Pass[0m, R-type ADD,  lat =   9
[38;5;121mPattern No.2961 Pass[0m, I-type ADDI, lat =   9
[38;5;121mPattern No.2962 Pass[0m, I-type ADDI, lat =   9
[38;5;121mPattern No.2963 Pass[0m, I-type ORI,  lat =   9
[38;5;121mPattern No.2964 Pass[0m, R-type SRA,  lat =   9
[38;5;121mPattern No.2965 Pass[0m, R-type ADD,  lat =   9
[38;5;121mPattern No.2966 Pass[0m, R-type SLA,  lat =   9
[38;5;121mPattern No.2967 Pass[0m, I-type ORI,  lat =   9
[38;5;121mPattern No.2968 Pass[0m, I-type ORI,  lat =   9
[38;5;121mPattern No.2969 Pass[0m, R-type ADD,  lat =   9
[38;5;121mPattern No.2970 Pass[0m, R-type SLA,  lat =   9
[38;5;121mPattern No.2971 Pass[0m, R-type OR,   lat =   9
[38;5;121mPattern No.2972 Pass[0m, Bad Ins.,    lat =   9
[38;5;121mPattern No.2973 Pass[0m, I-type ORI,  lat =   9
[38;5;121mPattern No.2974 Pass[0m, I-type ADDI, lat =   9
[38;5;121mPattern No.2975 Pass[0m, I-type ADDI, lat =   9
[38;5;121mPattern No.2976 Pass[0m, I-type ADDI, lat =   9
[38;5;121mPattern No.2977 Pass[0m, R-type SLA,  lat =   9
[38;5;121mPattern No.2978 Pass[0m, R-type DIV,  lat =   9
[38;5;121mPattern No.2979 Pass[0m, R-type SLA,  lat =   9
[38;5;121mPattern No.2980 Pass[0m, R-type MULT, lat =   9
[38;5;121mPattern No.2981 Pass[0m, R-type SRA,  lat =   9
[38;5;121mPattern No.2983 Pass[0m, R-type OR,   lat =   9
[38;5;121mPattern No.2984 Pass[0m, R-type SRA,  lat =  10
[38;5;121mPattern No.2985 Pass[0m, R-type SLA,  lat =  10
[38;5;121mPattern No.2986 Pass[0m, R-type SRA,  lat =  11
[38;5;121mPattern No.2987 Pass[0m, R-type OR,   lat =   9
[38;5;121mPattern No.2988 Pass[0m, R-type DIV,  lat =   9
[38;5;121mPattern No.2989 Pass[0m, I-type ORI,  lat =   9
[38;5;121mPattern No.2990 Pass[0m, R-type MULT, lat =   9
[38;5;121mPattern No.2991 Pass[0m, I-type ADDI, lat =   9
[38;5;121mPattern No.2992 Pass[0m, R-type ADD,  lat =   9
[38;5;121mPattern No.2993 Pass[0m, I-type ADDI, lat =   9
[38;5;121mPattern No.2994 Pass[0m, R-type ADD,  lat =   9
[38;5;121mPattern No.2995 Pass[0m, R-type ADD,  lat =   9
[38;5;121mPattern No.2996 Pass[0m, R-type MULT, lat =   9
[38;5;121mPattern No.2998 Pass[0m, R-type SLA,  lat =   9
[38;5;121mPattern No.2999 Pass[0m, R-type MULT, lat =   9
[38;5;121mPattern No.3000 Pass[0m, R-type DIV,  lat =   9
[38;5;121mPattern No.3001 Pass[0m, I-type ADDI, lat =   9
[38;5;121mPattern No.3002 Pass[0m, R-type DIV,  lat =   9
[38;5;121mPattern No.3003 Pass[0m, I-type ADDI, lat =   9
[38;5;121mPattern No.3004 Pass[0m, I-type ORI,  lat =   9
[38;5;121mPattern No.3005 Pass[0m, R-type ADD,  lat =   9
[38;5;121mPattern No.3006 Pass[0m, R-type ADD,  lat =   9
[38;5;121mPattern No.3007 Pass[0m, R-type ADD,  lat =   9
[38;5;121mPattern No.3008 Pass[0m, R-type SRA,  lat =   9
[38;5;121mPattern No.3009 Pass[0m, I-type ADDI, lat =   9
[38;5;121mPattern No.3010 Pass[0m, R-type MULT, lat =   9
[38;5;121mPattern No.3011 Pass[0m, R-type MULT, lat =   9
[38;5;121mPattern No.3012 Pass[0m, R-type DIV,  lat =   9
[38;5;121mPattern No.3013 Pass[0m, I-type ADDI, lat =   9
[38;5;121mPattern No.3014 Pass[0m, R-type ADD,  lat =   9
[38;5;121mPattern No.3015 Pass[0m, R-type MULT, lat =   9
[38;5;121mPattern No.3016 Pass[0m, R-type OR,   lat =   9
[38;5;121mPattern No.3017 Pass[0m, R-type MULT, lat =   9
[38;5;121mPattern No.3018 Pass[0m, R-type DIV,  lat =   9
[38;5;121mPattern No.3019 Pass[0m, R-type ADD,  lat =   9
[38;5;121mPattern No.3020 Pass[0m, R-type SRA,  lat =   9
[38;5;121mPattern No.3021 Pass[0m, R-type ADD,  lat =   9
[38;5;121mPattern No.3022 Pass[0m, R-type OR,   lat =  12
[38;5;121mPattern No.3023 Pass[0m, R-type SRA,  lat =  12
[38;5;121mPattern No.3024 Pass[0m, I-type ORI,  lat =  13
[38;5;121mPattern No.3025 Pass[0m, R-type DIV,  lat =   9
[38;5;121mPattern No.3026 Pass[0m, R-type DIV,  lat =   9
[38;5;121mPattern No.3027 Pass[0m, R-type DIV,  lat =   9
[38;5;121mPattern No.3028 Pass[0m, R-type SRA,  lat =   9
[38;5;121mPattern No.3029 Pass[0m, Bad Ins.,    lat =   9
[38;5;121mPattern No.3030 Pass[0m, I-type ORI,  lat =   9
[38;5;121mPattern No.3031 Pass[0m, R-type MULT, lat =   9
[38;5;121mPattern No.3032 Pass[0m, R-type SRA,  lat =   9
[38;5;121mPattern No.3033 Pass[0m, R-type OR,   lat =   9
[38;5;121mPattern No.3034 Pass[0m, R-type OR,   lat =   9
[38;5;121mPattern No.3035 Pass[0m, R-type ADD,  lat =   9
[38;5;121mPattern No.3036 Pass[0m, R-type SLA,  lat =   9
[38;5;121mPattern No.3037 Pass[0m, R-type DIV,  lat =   9
[38;5;121mPattern No.3038 Pass[0m, I-type ADDI, lat =   9
[38;5;121mPattern No.3039 Pass[0m, R-type MULT, lat =   9
[38;5;121mPattern No.3040 Pass[0m, R-type SLA,  lat =   9
[38;5;121mPattern No.3041 Pass[0m, R-type SLA,  lat =   9
[38;5;121mPattern No.3042 Pass[0m, R-type SRA,  lat =   9
[38;5;121mPattern No.3043 Pass[0m, R-type MULT, lat =   9
[38;5;121mPattern No.3044 Pass[0m, R-type DIV,  lat =   9
[38;5;121mPattern No.3045 Pass[0m, R-type DIV,  lat =   9
[38;5;121mPattern No.3046 Pass[0m, I-type ORI,  lat =   9
[38;5;121mPattern No.3047 Pass[0m, R-type SRA,  lat =   9
[38;5;121mPattern No.3048 Pass[0m, I-type ORI,  lat =   9
[38;5;121mPattern No.3049 Pass[0m, I-type ADDI, lat =   9
[38;5;121mPattern No.3050 Pass[0m, I-type ADDI, lat =   9
[38;5;121mPattern No.3051 Pass[0m, Bad Ins.,    lat =   9
[38;5;121mPattern No.3052 Pass[0m, R-type DIV,  lat =   9
[38;5;121mPattern No.3053 Pass[0m, R-type MULT, lat =   9
[38;5;121mPattern No.3054 Pass[0m, I-type ORI,  lat =   9
[38;5;121mPattern No.3055 Pass[0m, I-type ADDI, lat =   9
[38;5;121mPattern No.3056 Pass[0m, R-type ADD,  lat =   9
[38;5;121mPattern No.3057 Pass[0m, I-type ADDI, lat =   9
[38;5;121mPattern No.3058 Pass[0m, R-type DIV,  lat =   9
[38;5;121mPattern No.3059 Pass[0m, R-type SRA,  lat =   9
[38;5;121mPattern No.3060 Pass[0m, R-type SLA,  lat =   9
[38;5;121mPattern No.3061 Pass[0m, R-type SLA,  lat =   9
[38;5;121mPattern No.3062 Pass[0m, R-type SRA,  lat =   9
[38;5;121mPattern No.3063 Pass[0m, R-type OR,   lat =   9
[38;5;121mPattern No.3064 Pass[0m, R-type SLA,  lat =   9
[38;5;121mPattern No.3065 Pass[0m, R-type SRA,  lat =   9
[38;5;121mPattern No.3066 Pass[0m, I-type ORI,  lat =   9
[38;5;121mPattern No.3067 Pass[0m, R-type MULT, lat =   9
[38;5;121mPattern No.3068 Pass[0m, R-type MULT, lat =   9
[38;5;121mPattern No.3069 Pass[0m, R-type ADD,  lat =   9
[38;5;121mPattern No.3070 Pass[0m, I-type ORI,  lat =   9
[38;5;121mPattern No.3071 Pass[0m, R-type ADD,  lat =   9
[38;5;121mPattern No.3072 Pass[0m, R-type SLA,  lat =   9
[38;5;121mPattern No.3073 Pass[0m, I-type ORI,  lat =   9
[38;5;121mPattern No.3074 Pass[0m, Bad Ins.,    lat =   9
[38;5;121mPattern No.3075 Pass[0m, R-type SRA,  lat =   9
[38;5;121mPattern No.3077 Pass[0m, R-type SLA,  lat =   9
[38;5;121mPattern No.3078 Pass[0m, R-type OR,   lat =   9
[38;5;121mPattern No.3079 Pass[0m, I-type ORI,  lat =   9
[38;5;121mPattern No.3080 Pass[0m, R-type OR,   lat =   9
[38;5;121mPattern No.3081 Pass[0m, R-type SRA,  lat =   9
[38;5;121mPattern No.3082 Pass[0m, I-type ADDI, lat =   9
[38;5;121mPattern No.3083 Pass[0m, R-type SLA,  lat =   9
[38;5;121mPattern No.3084 Pass[0m, I-type ADDI, lat =   9
[38;5;121mPattern No.3085 Pass[0m, R-type DIV,  lat =   9
[38;5;121mPattern No.3086 Pass[0m, Bad Ins.,    lat =   9
[38;5;121mPattern No.3087 Pass[0m, R-type ADD,  lat =   9
[38;5;121mPattern No.3088 Pass[0m, R-type SRA,  lat =   9
[38;5;121mPattern No.3089 Pass[0m, R-type OR,   lat =   9
[38;5;121mPattern No.3090 Pass[0m, R-type SLA,  lat =   9
[38;5;121mPattern No.3091 Pass[0m, R-type DIV,  lat =   9
[38;5;121mPattern No.3092 Pass[0m, Bad Ins.,    lat =   9
[38;5;121mPattern No.3093 Pass[0m, R-type ADD,  lat =   9
[38;5;121mPattern No.3094 Pass[0m, I-type ADDI, lat =   9
[38;5;121mPattern No.3095 Pass[0m, I-type ADDI, lat =   9
[38;5;121mPattern No.3096 Pass[0m, R-type ADD,  lat =   9
[38;5;121mPattern No.3097 Pass[0m, R-type SRA,  lat =   9
[38;5;121mPattern No.3098 Pass[0m, R-type SLA,  lat =   9
[38;5;121mPattern No.3099 Pass[0m, R-type DIV,  lat =   9
[38;5;121mPattern No.3100 Pass[0m, I-type ORI,  lat =   9
[38;5;121mPattern No.3101 Pass[0m, I-type ORI,  lat =   9
[38;5;121mPattern No.3102 Pass[0m, R-type DIV,  lat =   9
[38;5;121mPattern No.3103 Pass[0m, I-type ADDI, lat =   9
[38;5;121mPattern No.3104 Pass[0m, R-type DIV,  lat =   9
[38;5;121mPattern No.3105 Pass[0m, I-type ADDI, lat =   9
[38;5;121mPattern No.3106 Pass[0m, R-type ADD,  lat =  12
[38;5;121mPattern No.3107 Pass[0m, I-type ORI,  lat =  12
[38;5;121mPattern No.3108 Pass[0m, R-type MULT, lat =  13
[38;5;121mPattern No.3109 Pass[0m, R-type ADD,  lat =   9
[38;5;121mPattern No.3110 Pass[0m, R-type SRA,  lat =   9
[38;5;121mPattern No.3111 Pass[0m, I-type ADDI, lat =   9
[38;5;121mPattern No.3112 Pass[0m, I-type ORI,  lat =   9
[38;5;121mPattern No.3113 Pass[0m, R-type SRA,  lat =   9
[38;5;121mPattern No.3114 Pass[0m, I-type ADDI, lat =   9
[38;5;121mPattern No.3115 Pass[0m, R-type DIV,  lat =   9
[38;5;121mPattern No.3116 Pass[0m, R-type ADD,  lat =   9
[38;5;121mPattern No.3117 Pass[0m, R-type ADD,  lat =   9
[38;5;121mPattern No.3118 Pass[0m, R-type SLA,  lat =   9
[38;5;121mPattern No.3119 Pass[0m, R-type OR,   lat =   9
[38;5;121mPattern No.3120 Pass[0m, R-type OR,   lat =   9
[38;5;121mPattern No.3121 Pass[0m, R-type SRA,  lat =   9
[38;5;121mPattern No.3122 Pass[0m, R-type ADD,  lat =   9
[38;5;121mPattern No.3123 Pass[0m, R-type OR,   lat =   9
[38;5;121mPattern No.3124 Pass[0m, R-type OR,   lat =   9
[38;5;121mPattern No.3125 Pass[0m, R-type ADD,  lat =   9
[38;5;121mPattern No.3126 Pass[0m, R-type OR,   lat =   9
[38;5;121mPattern No.3127 Pass[0m, R-type ADD,  lat =   9
[38;5;121mPattern No.3128 Pass[0m, Bad Ins.,    lat =   9
[38;5;121mPattern No.3129 Pass[0m, R-type OR,   lat =   9
[38;5;121mPattern No.3130 Pass[0m, R-type SLA,  lat =   9
[38;5;121mPattern No.3131 Pass[0m, R-type SRA,  lat =   9
[38;5;121mPattern No.3132 Pass[0m, R-type SRA,  lat =   9
[38;5;121mPattern No.3133 Pass[0m, I-type ADDI, lat =   9
[38;5;121mPattern No.3134 Pass[0m, R-type SRA,  lat =   9
[38;5;121mPattern No.3135 Pass[0m, I-type ADDI, lat =   9
[38;5;121mPattern No.3136 Pass[0m, R-type ADD,  lat =   9
[38;5;121mPattern No.3137 Pass[0m, R-type SLA,  lat =   9
[38;5;121mPattern No.3138 Pass[0m, R-type SRA,  lat =   9
[38;5;121mPattern No.3139 Pass[0m, R-type SLA,  lat =   9
[38;5;121mPattern No.3140 Pass[0m, R-type OR,   lat =   9
[38;5;121mPattern No.3141 Pass[0m, I-type ADDI, lat =   9
[38;5;121mPattern No.3142 Pass[0m, R-type MULT, lat =   9
[38;5;121mPattern No.3143 Pass[0m, I-type ADDI, lat =   9
[38;5;121mPattern No.3144 Pass[0m, I-type ORI,  lat =   9
[38;5;121mPattern No.3145 Pass[0m, I-type ADDI, lat =   9
[38;5;121mPattern No.3146 Pass[0m, I-type ORI,  lat =   9
[38;5;121mPattern No.3147 Pass[0m, R-type ADD,  lat =   9
[38;5;121mPattern No.3148 Pass[0m, I-type ADDI, lat =   9
[38;5;121mPattern No.3149 Pass[0m, R-type ADD,  lat =   9
[38;5;121mPattern No.3150 Pass[0m, R-type OR,   lat =   9
[38;5;121mPattern No.3151 Pass[0m, I-type ADDI, lat =   9
[38;5;121mPattern No.3152 Pass[0m, R-type DIV,  lat =   9
[38;5;121mPattern No.3153 Pass[0m, R-type SLA,  lat =   9
[38;5;121mPattern No.3154 Pass[0m, Bad Ins.,    lat =   9
[38;5;121mPattern No.3155 Pass[0m, R-type SLA,  lat =   9
[38;5;121mPattern No.3156 Pass[0m, R-type DIV,  lat =   9
[38;5;121mPattern No.3157 Pass[0m, R-type SRA,  lat =   9
[38;5;121mPattern No.3158 Pass[0m, R-type OR,   lat =   9
[38;5;121mPattern No.3159 Pass[0m, R-type MULT, lat =   9
[38;5;121mPattern No.3160 Pass[0m, R-type DIV,  lat =   9
[38;5;121mPattern No.3161 Pass[0m, R-type ADD,  lat =   9
[38;5;121mPattern No.3162 Pass[0m, R-type SRA,  lat =   9
[38;5;121mPattern No.3163 Pass[0m, R-type SRA,  lat =   9
[38;5;121mPattern No.3164 Pass[0m, R-type ADD,  lat =   9
[38;5;121mPattern No.3165 Pass[0m, R-type DIV,  lat =   9
[38;5;121mPattern No.3166 Pass[0m, R-type SRA,  lat =   9
[38;5;121mPattern No.3167 Pass[0m, R-type ADD,  lat =   9
[38;5;121mPattern No.3168 Pass[0m, R-type MULT, lat =   9
[38;5;121mPattern No.3169 Pass[0m, R-type OR,   lat =   9
[38;5;121mPattern No.3170 Pass[0m, R-type DIV,  lat =  11
[38;5;121mPattern No.3171 Pass[0m, R-type MULT, lat =  11
[38;5;121mPattern No.3172 Pass[0m, I-type ORI,  lat =  12
[38;5;121mPattern No.3173 Pass[0m, R-type SRA,  lat =   9
[38;5;121mPattern No.3174 Pass[0m, R-type OR,   lat =   9
[38;5;121mPattern No.3175 Pass[0m, I-type ORI,  lat =   9
[38;5;121mPattern No.3176 Pass[0m, R-type MULT, lat =   9
[38;5;121mPattern No.3177 Pass[0m, R-type DIV,  lat =   9
[38;5;121mPattern No.3178 Pass[0m, I-type ADDI, lat =   9
[38;5;121mPattern No.3179 Pass[0m, R-type SLA,  lat =   9
[38;5;121mPattern No.3180 Pass[0m, R-type ADD,  lat =   9
[38;5;121mPattern No.3181 Pass[0m, I-type ADDI, lat =   9
[38;5;121mPattern No.3182 Pass[0m, I-type ORI,  lat =   9
[38;5;121mPattern No.3183 Pass[0m, R-type SRA,  lat =   9
[38;5;121mPattern No.3184 Pass[0m, R-type ADD,  lat =   9
[38;5;121mPattern No.3185 Pass[0m, I-type ORI,  lat =   9
[38;5;121mPattern No.3186 Pass[0m, R-type SLA,  lat =   9
[38;5;121mPattern No.3187 Pass[0m, R-type SLA,  lat =   9
[38;5;121mPattern No.3188 Pass[0m, I-type ADDI, lat =   9
[38;5;121mPattern No.3190 Pass[0m, I-type ADDI, lat =   9
[38;5;121mPattern No.3191 Pass[0m, R-type SLA,  lat =   9
[38;5;121mPattern No.3192 Pass[0m, R-type DIV,  lat =   9
[38;5;121mPattern No.3193 Pass[0m, I-type ORI,  lat =   9
[38;5;121mPattern No.3194 Pass[0m, R-type SRA,  lat =   9
[38;5;121mPattern No.3195 Pass[0m, R-type DIV,  lat =   9
[38;5;121mPattern No.3196 Pass[0m, I-type ORI,  lat =   9
[38;5;121mPattern No.3197 Pass[0m, I-type ORI,  lat =  11
[38;5;121mPattern No.3198 Pass[0m, R-type MULT, lat =  11
[38;5;121mPattern No.3199 Pass[0m, R-type ADD,  lat =  12
[38;5;121mPattern No.3200 Pass[0m, R-type MULT, lat =   9
[38;5;121mPattern No.3201 Pass[0m, R-type DIV,  lat =   9
[38;5;121mPattern No.3202 Pass[0m, Bad Ins.,    lat =   9
[38;5;121mPattern No.3203 Pass[0m, R-type ADD,  lat =   9
[38;5;121mPattern No.3204 Pass[0m, R-type SLA,  lat =   9
[38;5;121mPattern No.3205 Pass[0m, R-type MULT, lat =   9
[38;5;121mPattern No.3206 Pass[0m, R-type SRA,  lat =   9
[38;5;121mPattern No.3207 Pass[0m, R-type SLA,  lat =   9
[38;5;121mPattern No.3208 Pass[0m, I-type ADDI, lat =   9
[38;5;121mPattern No.3209 Pass[0m, R-type MULT, lat =   9
[38;5;121mPattern No.3210 Pass[0m, R-type OR,   lat =   9
[38;5;121mPattern No.3211 Pass[0m, I-type ADDI, lat =   9
[38;5;121mPattern No.3212 Pass[0m, R-type DIV,  lat =   9
[38;5;121mPattern No.3213 Pass[0m, I-type ORI,  lat =   9
[38;5;121mPattern No.3214 Pass[0m, I-type ORI,  lat =   9
[38;5;121mPattern No.3215 Pass[0m, R-type SLA,  lat =   9
[38;5;121mPattern No.3216 Pass[0m, R-type SLA,  lat =   9
[38;5;121mPattern No.3217 Pass[0m, R-type DIV,  lat =   9
[38;5;121mPattern No.3218 Pass[0m, R-type MULT, lat =   9
[38;5;121mPattern No.3219 Pass[0m, R-type MULT, lat =   9
[38;5;121mPattern No.3220 Pass[0m, R-type DIV,  lat =   9
[38;5;121mPattern No.3221 Pass[0m, I-type ADDI, lat =   9
[38;5;121mPattern No.3222 Pass[0m, I-type ADDI, lat =   9
[38;5;121mPattern No.3223 Pass[0m, I-type ORI,  lat =   9
[38;5;121mPattern No.3224 Pass[0m, I-type ADDI, lat =   9
[38;5;121mPattern No.3225 Pass[0m, R-type MULT, lat =   9
[38;5;121mPattern No.3226 Pass[0m, R-type SLA,  lat =   9
[38;5;121mPattern No.3227 Pass[0m, R-type DIV,  lat =   9
[38;5;121mPattern No.3228 Pass[0m, Bad Ins.,    lat =   9
[38;5;121mPattern No.3229 Pass[0m, R-type SLA,  lat =   9
[38;5;121mPattern No.3230 Pass[0m, R-type SLA,  lat =   9
[38;5;121mPattern No.3231 Pass[0m, R-type SRA,  lat =  12
[38;5;121mPattern No.3232 Pass[0m, R-type ADD,  lat =  12
[38;5;121mPattern No.3233 Pass[0m, R-type OR,   lat =  13
[38;5;121mPattern No.3234 Pass[0m, R-type SRA,  lat =   9
[38;5;121mPattern No.3235 Pass[0m, R-type SRA,  lat =   9
[38;5;121mPattern No.3236 Pass[0m, R-type DIV,  lat =   9
[38;5;121mPattern No.3237 Pass[0m, R-type MULT, lat =   9
[38;5;121mPattern No.3238 Pass[0m, I-type ORI,  lat =   9
[38;5;121mPattern No.3239 Pass[0m, R-type SRA,  lat =   9
[38;5;121mPattern No.3240 Pass[0m, I-type ORI,  lat =   9
[38;5;121mPattern No.3241 Pass[0m, R-type SRA,  lat =   9
[38;5;121mPattern No.3242 Pass[0m, R-type SLA,  lat =   9
[38;5;121mPattern No.3243 Pass[0m, I-type ADDI, lat =   9
[38;5;121mPattern No.3244 Pass[0m, R-type SRA,  lat =   9
[38;5;121mPattern No.3245 Pass[0m, R-type MULT, lat =   9
[38;5;121mPattern No.3246 Pass[0m, R-type ADD,  lat =   9
[38;5;121mPattern No.3247 Pass[0m, R-type DIV,  lat =   9
[38;5;121mPattern No.3248 Pass[0m, R-type ADD,  lat =   9
[38;5;121mPattern No.3249 Pass[0m, R-type DIV,  lat =   9
[38;5;121mPattern No.3250 Pass[0m, R-type SLA,  lat =   9
[38;5;121mPattern No.3251 Pass[0m, R-type OR,   lat =   9
[38;5;121mPattern No.3252 Pass[0m, R-type SLA,  lat =   9
[38;5;121mPattern No.3253 Pass[0m, R-type SLA,  lat =  10
[38;5;121mPattern No.3254 Pass[0m, R-type SRA,  lat =  10
[38;5;121mPattern No.3255 Pass[0m, R-type DIV,  lat =  11
[38;5;121mPattern No.3256 Pass[0m, I-type ORI,  lat =   9
[38;5;121mPattern No.3257 Pass[0m, R-type OR,   lat =   9
[38;5;121mPattern No.3258 Pass[0m, I-type ADDI, lat =   9
[38;5;121mPattern No.3259 Pass[0m, I-type ADDI, lat =   9
[38;5;121mPattern No.3260 Pass[0m, I-type ORI,  lat =   9
[38;5;121mPattern No.3261 Pass[0m, R-type SRA,  lat =   9
[38;5;121mPattern No.3262 Pass[0m, R-type ADD,  lat =   9
[38;5;121mPattern No.3264 Pass[0m, I-type ORI,  lat =   9
[38;5;121mPattern No.3265 Pass[0m, I-type ADDI, lat =   9
[38;5;121mPattern No.3266 Pass[0m, R-type ADD,  lat =   9
[38;5;121mPattern No.3267 Pass[0m, I-type ADDI, lat =   9
[38;5;121mPattern No.3268 Pass[0m, Bad Ins.,    lat =   9
[38;5;121mPattern No.3269 Pass[0m, R-type SLA,  lat =   9
[38;5;121mPattern No.3270 Pass[0m, R-type SRA,  lat =   9
[38;5;121mPattern No.3271 Pass[0m, R-type SLA,  lat =   9
[38;5;121mPattern No.3272 Pass[0m, R-type DIV,  lat =   9
[38;5;121mPattern No.3273 Pass[0m, R-type OR,   lat =   9
[38;5;121mPattern No.3274 Pass[0m, R-type SLA,  lat =   9
[38;5;121mPattern No.3275 Pass[0m, Bad Ins.,    lat =   9
[38;5;121mPattern No.3276 Pass[0m, R-type OR,   lat =   9
[38;5;121mPattern No.3277 Pass[0m, R-type OR,   lat =   9
[38;5;121mPattern No.3278 Pass[0m, I-type ADDI, lat =   9
[38;5;121mPattern No.3279 Pass[0m, R-type MULT, lat =   9
[38;5;121mPattern No.3280 Pass[0m, R-type DIV,  lat =   9
[38;5;121mPattern No.3282 Pass[0m, I-type ADDI, lat =   9
[38;5;121mPattern No.3283 Pass[0m, I-type ADDI, lat =   9
[38;5;121mPattern No.3284 Pass[0m, R-type OR,   lat =  12
[38;5;121mPattern No.3285 Pass[0m, R-type SLA,  lat =  12
[38;5;121mPattern No.3286 Pass[0m, I-type ADDI, lat =  13
[38;5;121mPattern No.3287 Pass[0m, R-type MULT, lat =   9
[38;5;121mPattern No.3288 Pass[0m, R-type ADD,  lat =   9
[38;5;121mPattern No.3289 Pass[0m, R-type ADD,  lat =   9
[38;5;121mPattern No.3290 Pass[0m, I-type ADDI, lat =   9
[38;5;121mPattern No.3291 Pass[0m, R-type ADD,  lat =   9
[38;5;121mPattern No.3292 Pass[0m, R-type OR,   lat =   9
[38;5;121mPattern No.3293 Pass[0m, I-type ADDI, lat =   9
[38;5;121mPattern No.3294 Pass[0m, I-type ORI,  lat =   9
[38;5;121mPattern No.3295 Pass[0m, R-type ADD,  lat =   9
[38;5;121mPattern No.3296 Pass[0m, I-type ADDI, lat =   9
[38;5;121mPattern No.3297 Pass[0m, R-type SRA,  lat =   9
[38;5;121mPattern No.3298 Pass[0m, R-type ADD,  lat =   9
[38;5;121mPattern No.3299 Pass[0m, I-type ORI,  lat =   9
[38;5;121mPattern No.3300 Pass[0m, R-type MULT, lat =   9
[38;5;121mPattern No.3301 Pass[0m, R-type SLA,  lat =   9
[38;5;121mPattern No.3302 Pass[0m, I-type ORI,  lat =   9
[38;5;121mPattern No.3303 Pass[0m, R-type ADD,  lat =   9
[38;5;121mPattern No.3304 Pass[0m, R-type SLA,  lat =   9
[38;5;121mPattern No.3305 Pass[0m, R-type SRA,  lat =   9
[38;5;121mPattern No.3306 Pass[0m, R-type OR,   lat =   9
[38;5;121mPattern No.3307 Pass[0m, R-type DIV,  lat =   9
[38;5;121mPattern No.3308 Pass[0m, R-type SLA,  lat =   9
[38;5;121mPattern No.3309 Pass[0m, R-type DIV,  lat =   9
[38;5;121mPattern No.3310 Pass[0m, R-type OR,   lat =   9
[38;5;121mPattern No.3311 Pass[0m, R-type OR,   lat =   9
[38;5;121mPattern No.3312 Pass[0m, R-type ADD,  lat =   9
[38;5;121mPattern No.3313 Pass[0m, R-type DIV,  lat =   9
[38;5;121mPattern No.3314 Pass[0m, I-type ADDI, lat =   9
[38;5;121mPattern No.3315 Pass[0m, I-type ADDI, lat =   9
[38;5;121mPattern No.3316 Pass[0m, R-type SRA,  lat =   9
[38;5;121mPattern No.3317 Pass[0m, R-type SLA,  lat =   9
[38;5;121mPattern No.3318 Pass[0m, R-type DIV,  lat =   9
[38;5;121mPattern No.3319 Pass[0m, R-type SLA,  lat =   9
[38;5;121mPattern No.3320 Pass[0m, R-type SRA,  lat =   9
[38;5;121mPattern No.3321 Pass[0m, R-type SRA,  lat =   9
[38;5;121mPattern No.3322 Pass[0m, I-type ORI,  lat =   9
[38;5;121mPattern No.3323 Pass[0m, R-type MULT, lat =   9
[38;5;121mPattern No.3324 Pass[0m, R-type ADD,  lat =   9
[38;5;121mPattern No.3325 Pass[0m, R-type ADD,  lat =   9
[38;5;121mPattern No.3326 Pass[0m, I-type ADDI, lat =   9
[38;5;121mPattern No.3327 Pass[0m, R-type DIV,  lat =   9
[38;5;121mPattern No.3328 Pass[0m, I-type ORI,  lat =   9
[38;5;121mPattern No.3329 Pass[0m, R-type OR,   lat =   9
[38;5;121mPattern No.3330 Pass[0m, R-type DIV,  lat =   9
[38;5;121mPattern No.3331 Pass[0m, R-type MULT, lat =   9
[38;5;121mPattern No.3332 Pass[0m, Bad Ins.,    lat =   9
[38;5;121mPattern No.3333 Pass[0m, R-type SRA,  lat =   9
[38;5;121mPattern No.3334 Pass[0m, R-type OR,   lat =   9
[38;5;121mPattern No.3335 Pass[0m, R-type DIV,  lat =   9
[38;5;121mPattern No.3336 Pass[0m, R-type MULT, lat =   9
[38;5;121mPattern No.3337 Pass[0m, R-type MULT, lat =   9
[38;5;121mPattern No.3338 Pass[0m, R-type ADD,  lat =   9
[38;5;121mPattern No.3339 Pass[0m, R-type MULT, lat =   9
[38;5;121mPattern No.3340 Pass[0m, I-type ORI,  lat =   9
[38;5;121mPattern No.3341 Pass[0m, I-type ORI,  lat =   9
[38;5;121mPattern No.3342 Pass[0m, R-type SLA,  lat =   9
[38;5;121mPattern No.3343 Pass[0m, R-type ADD,  lat =   9
[38;5;121mPattern No.3344 Pass[0m, R-type SLA,  lat =   9
[38;5;121mPattern No.3345 Pass[0m, R-type SRA,  lat =   9
[38;5;121mPattern No.3346 Pass[0m, R-type MULT, lat =   9
[38;5;121mPattern No.3347 Pass[0m, I-type ADDI, lat =   9
[38;5;121mPattern No.3348 Pass[0m, R-type MULT, lat =   9
[38;5;121mPattern No.3349 Pass[0m, R-type MULT, lat =   9
[38;5;121mPattern No.3350 Pass[0m, I-type ADDI, lat =   9
[38;5;121mPattern No.3351 Pass[0m, R-type DIV,  lat =   9
[38;5;121mPattern No.3352 Pass[0m, Bad Ins.,    lat =   9
[38;5;121mPattern No.3353 Pass[0m, I-type ADDI, lat =   9
[38;5;121mPattern No.3354 Pass[0m, R-type SLA,  lat =   9
[38;5;121mPattern No.3355 Pass[0m, I-type ADDI, lat =   9
[38;5;121mPattern No.3356 Pass[0m, R-type SRA,  lat =   9
[38;5;121mPattern No.3357 Pass[0m, R-type OR,   lat =   9
[38;5;121mPattern No.3358 Pass[0m, R-type OR,   lat =   9
[38;5;121mPattern No.3359 Pass[0m, R-type DIV,  lat =   9
[38;5;121mPattern No.3361 Pass[0m, I-type ADDI, lat =   9
[38;5;121mPattern No.3362 Pass[0m, R-type DIV,  lat =   9
[38;5;121mPattern No.3363 Pass[0m, R-type SRA,  lat =   9
[38;5;121mPattern No.3364 Pass[0m, I-type ADDI, lat =   9
[38;5;121mPattern No.3365 Pass[0m, R-type SRA,  lat =   9
[38;5;121mPattern No.3366 Pass[0m, R-type ADD,  lat =   9
[38;5;121mPattern No.3367 Pass[0m, R-type OR,   lat =   9
[38;5;121mPattern No.3368 Pass[0m, R-type SLA,  lat =   9
[38;5;121mPattern No.3369 Pass[0m, R-type OR,   lat =   9
[38;5;121mPattern No.3370 Pass[0m, R-type SLA,  lat =   9
[38;5;121mPattern No.3371 Pass[0m, R-type SRA,  lat =   9
[38;5;121mPattern No.3372 Pass[0m, R-type ADD,  lat =   9
[38;5;121mPattern No.3373 Pass[0m, R-type DIV,  lat =   9
[38;5;121mPattern No.3374 Pass[0m, R-type DIV,  lat =   9
[38;5;121mPattern No.3375 Pass[0m, R-type SLA,  lat =   9
[38;5;121mPattern No.3376 Pass[0m, R-type OR,   lat =   9
[38;5;121mPattern No.3377 Pass[0m, R-type ADD,  lat =   9
[38;5;121mPattern No.3378 Pass[0m, I-type ORI,  lat =   9
[38;5;121mPattern No.3379 Pass[0m, I-type ADDI, lat =   9
[38;5;121mPattern No.3380 Pass[0m, R-type MULT, lat =   9
[38;5;121mPattern No.3381 Pass[0m, I-type ADDI, lat =   9
[38;5;121mPattern No.3382 Pass[0m, R-type OR,   lat =   9
[38;5;121mPattern No.3383 Pass[0m, I-type ORI,  lat =   9
[38;5;121mPattern No.3384 Pass[0m, R-type SLA,  lat =   9
[38;5;121mPattern No.3385 Pass[0m, R-type DIV,  lat =   9
[38;5;121mPattern No.3386 Pass[0m, R-type SLA,  lat =   9
[38;5;121mPattern No.3388 Pass[0m, R-type SRA,  lat =   9
[38;5;121mPattern No.3389 Pass[0m, R-type DIV,  lat =   9
[38;5;121mPattern No.3390 Pass[0m, I-type ADDI, lat =   9
[38;5;121mPattern No.3391 Pass[0m, R-type OR,   lat =   9
[38;5;121mPattern No.3392 Pass[0m, R-type OR,   lat =   9
[38;5;121mPattern No.3393 Pass[0m, R-type DIV,  lat =   9
[38;5;121mPattern No.3394 Pass[0m, R-type ADD,  lat =   9
[38;5;121mPattern No.3395 Pass[0m, I-type ADDI, lat =   9
[38;5;121mPattern No.3396 Pass[0m, R-type ADD,  lat =   9
[38;5;121mPattern No.3397 Pass[0m, R-type DIV,  lat =   9
[38;5;121mPattern No.3398 Pass[0m, R-type OR,   lat =   9
[38;5;121mPattern No.3399 Pass[0m, I-type ADDI, lat =   9
[38;5;121mPattern No.3400 Pass[0m, R-type SRA,  lat =   9
[38;5;121mPattern No.3401 Pass[0m, R-type ADD,  lat =   9
[38;5;121mPattern No.3402 Pass[0m, I-type ORI,  lat =   9
[38;5;121mPattern No.3403 Pass[0m, R-type SRA,  lat =   9
[38;5;121mPattern No.3404 Pass[0m, I-type ORI,  lat =   9
[38;5;121mPattern No.3405 Pass[0m, R-type SLA,  lat =   9
[38;5;121mPattern No.3406 Pass[0m, I-type ORI,  lat =   9
[38;5;121mPattern No.3407 Pass[0m, I-type ADDI, lat =   9
[38;5;121mPattern No.3408 Pass[0m, R-type ADD,  lat =   9
[38;5;121mPattern No.3409 Pass[0m, R-type SLA,  lat =   9
[38;5;121mPattern No.3410 Pass[0m, R-type DIV,  lat =   9
[38;5;121mPattern No.3411 Pass[0m, R-type SRA,  lat =   9
[38;5;121mPattern No.3412 Pass[0m, R-type SLA,  lat =   9
[38;5;121mPattern No.3413 Pass[0m, I-type ADDI, lat =   9
[38;5;121mPattern No.3414 Pass[0m, R-type MULT, lat =   9
[38;5;121mPattern No.3415 Pass[0m, I-type ADDI, lat =   9
[38;5;121mPattern No.3416 Pass[0m, R-type SRA,  lat =   9
[38;5;121mPattern No.3417 Pass[0m, I-type ORI,  lat =   9
[38;5;121mPattern No.3418 Pass[0m, R-type MULT, lat =   9
[38;5;121mPattern No.3419 Pass[0m, R-type MULT, lat =   9
[38;5;121mPattern No.3420 Pass[0m, R-type SRA,  lat =   9
[38;5;121mPattern No.3421 Pass[0m, I-type ADDI, lat =   9
[38;5;121mPattern No.3422 Pass[0m, I-type ADDI, lat =   9
[38;5;121mPattern No.3423 Pass[0m, R-type SRA,  lat =   9
[38;5;121mPattern No.3424 Pass[0m, R-type SLA,  lat =   9
[38;5;121mPattern No.3425 Pass[0m, R-type ADD,  lat =   9
[38;5;121mPattern No.3426 Pass[0m, R-type OR,   lat =   9
[38;5;121mPattern No.3427 Pass[0m, R-type SLA,  lat =   9
[38;5;121mPattern No.3428 Pass[0m, R-type DIV,  lat =   9
[38;5;121mPattern No.3429 Pass[0m, I-type ORI,  lat =   9
[38;5;121mPattern No.3430 Pass[0m, I-type ADDI, lat =   9
[38;5;121mPattern No.3431 Pass[0m, R-type SRA,  lat =   9
[38;5;121mPattern No.3432 Pass[0m, R-type DIV,  lat =   9
[38;5;121mPattern No.3433 Pass[0m, R-type MULT, lat =   9
[38;5;121mPattern No.3434 Pass[0m, R-type SRA,  lat =   9
[38;5;121mPattern No.3435 Pass[0m, Bad Ins.,    lat =   9
[38;5;121mPattern No.3436 Pass[0m, R-type SLA,  lat =   9
[38;5;121mPattern No.3437 Pass[0m, R-type MULT, lat =  11
[38;5;121mPattern No.3438 Pass[0m, I-type ADDI, lat =  11
[38;5;121mPattern No.3439 Pass[0m, I-type ORI,  lat =  12
[38;5;121mPattern No.3440 Pass[0m, R-type SLA,  lat =   9
[38;5;121mPattern No.3441 Pass[0m, R-type MULT, lat =   9
[38;5;121mPattern No.3442 Pass[0m, R-type ADD,  lat =   9
[38;5;121mPattern No.3443 Pass[0m, I-type ORI,  lat =   9
[38;5;121mPattern No.3444 Pass[0m, I-type ORI,  lat =   9
[38;5;121mPattern No.3445 Pass[0m, R-type SLA,  lat =   9
[38;5;121mPattern No.3446 Pass[0m, R-type OR,   lat =   9
[38;5;121mPattern No.3447 Pass[0m, R-type SLA,  lat =   9
[38;5;121mPattern No.3448 Pass[0m, R-type SRA,  lat =   9
[38;5;121mPattern No.3449 Pass[0m, R-type SLA,  lat =   9
[38;5;121mPattern No.3450 Pass[0m, I-type ADDI, lat =   9
[38;5;121mPattern No.3451 Pass[0m, R-type MULT, lat =   9
[38;5;121mPattern No.3452 Pass[0m, R-type SLA,  lat =   9
[38;5;121mPattern No.3453 Pass[0m, R-type SRA,  lat =   9
[38;5;121mPattern No.3454 Pass[0m, I-type ADDI, lat =   9
[38;5;121mPattern No.3455 Pass[0m, R-type SRA,  lat =   9
[38;5;121mPattern No.3456 Pass[0m, I-type ADDI, lat =   9
[38;5;121mPattern No.3457 Pass[0m, I-type ADDI, lat =   9
[38;5;121mPattern No.3458 Pass[0m, R-type DIV,  lat =   9
[38;5;121mPattern No.3459 Pass[0m, R-type DIV,  lat =   9
[38;5;121mPattern No.3460 Pass[0m, I-type ORI,  lat =   9
[38;5;121mPattern No.3461 Pass[0m, I-type ORI,  lat =   9
[38;5;121mPattern No.3462 Pass[0m, R-type SRA,  lat =   9
[38;5;121mPattern No.3463 Pass[0m, R-type SLA,  lat =   9
[38;5;121mPattern No.3464 Pass[0m, I-type ORI,  lat =   9
[38;5;121mPattern No.3465 Pass[0m, I-type ORI,  lat =   9
[38;5;121mPattern No.3466 Pass[0m, R-type SRA,  lat =   9
[38;5;121mPattern No.3467 Pass[0m, R-type ADD,  lat =   9
[38;5;121mPattern No.3468 Pass[0m, I-type ADDI, lat =   9
[38;5;121mPattern No.3469 Pass[0m, R-type DIV,  lat =   9
[38;5;121mPattern No.3470 Pass[0m, R-type OR,   lat =   9
[38;5;121mPattern No.3471 Pass[0m, R-type DIV,  lat =   9
[38;5;121mPattern No.3472 Pass[0m, R-type SLA,  lat =   9
[38;5;121mPattern No.3473 Pass[0m, Bad Ins.,    lat =   9
[38;5;121mPattern No.3474 Pass[0m, I-type ORI,  lat =   9
[38;5;121mPattern No.3475 Pass[0m, R-type DIV,  lat =   9
[38;5;121mPattern No.3476 Pass[0m, R-type MULT, lat =   9
[38;5;121mPattern No.3477 Pass[0m, R-type SRA,  lat =  10
[38;5;121mPattern No.3478 Pass[0m, R-type SRA,  lat =  10
[38;5;121mPattern No.3479 Pass[0m, R-type SLA,  lat =  11
[38;5;121mPattern No.3480 Pass[0m, I-type ADDI, lat =   9
[38;5;121mPattern No.3481 Pass[0m, I-type ADDI, lat =   9
[38;5;121mPattern No.3482 Pass[0m, R-type DIV,  lat =   9
[38;5;121mPattern No.3483 Pass[0m, R-type SLA,  lat =   9
[38;5;121mPattern No.3484 Pass[0m, R-type SLA,  lat =   9
[38;5;121mPattern No.3485 Pass[0m, R-type DIV,  lat =   9
[38;5;121mPattern No.3486 Pass[0m, R-type ADD,  lat =  12
[38;5;121mPattern No.3487 Pass[0m, R-type SRA,  lat =  12
[38;5;121mPattern No.3488 Pass[0m, R-type SRA,  lat =  13
[38;5;121mPattern No.3489 Pass[0m, R-type OR,   lat =   9
[38;5;121mPattern No.3490 Pass[0m, I-type ORI,  lat =   9
[38;5;121mPattern No.3491 Pass[0m, R-type DIV,  lat =   9
[38;5;121mPattern No.3493 Pass[0m, R-type SLA,  lat =   9
[38;5;121mPattern No.3494 Pass[0m, R-type MULT, lat =   9
[38;5;121mPattern No.3495 Pass[0m, R-type SLA,  lat =   9
[38;5;121mPattern No.3496 Pass[0m, R-type OR,   lat =  11
[38;5;121mPattern No.3497 Pass[0m, R-type ADD,  lat =  11
[38;5;121mPattern No.3499 Pass[0m, R-type ADD,  lat =   9
[38;5;121mPattern No.3500 Pass[0m, R-type OR,   lat =   9
[38;5;121mPattern No.3501 Pass[0m, R-type MULT, lat =   9
[38;5;121mPattern No.3502 Pass[0m, R-type MULT, lat =   9
[38;5;121mPattern No.3503 Pass[0m, R-type ADD,  lat =   9
[38;5;121mPattern No.3504 Pass[0m, R-type SLA,  lat =   9
[38;5;121mPattern No.3505 Pass[0m, I-type ORI,  lat =   9
[38;5;121mPattern No.3506 Pass[0m, R-type DIV,  lat =   9
[38;5;121mPattern No.3507 Pass[0m, R-type MULT, lat =   9
[38;5;121mPattern No.3508 Pass[0m, R-type SLA,  lat =   9
[38;5;121mPattern No.3509 Pass[0m, R-type SLA,  lat =   9
[38;5;121mPattern No.3510 Pass[0m, R-type ADD,  lat =   9
[38;5;121mPattern No.3511 Pass[0m, R-type SRA,  lat =   9
[38;5;121mPattern No.3512 Pass[0m, I-type ADDI, lat =   9
[38;5;121mPattern No.3513 Pass[0m, R-type MULT, lat =   9
[38;5;121mPattern No.3514 Pass[0m, R-type MULT, lat =   9
[38;5;121mPattern No.3515 Pass[0m, R-type SLA,  lat =   9
[38;5;121mPattern No.3516 Pass[0m, I-type ORI,  lat =   9
[38;5;121mPattern No.3517 Pass[0m, R-type MULT, lat =   9
[38;5;121mPattern No.3518 Pass[0m, I-type ADDI, lat =   9
[38;5;121mPattern No.3519 Pass[0m, R-type MULT, lat =   9
[38;5;121mPattern No.3520 Pass[0m, R-type DIV,  lat =   9
[38;5;121mPattern No.3521 Pass[0m, R-type MULT, lat =   9
[38;5;121mPattern No.3522 Pass[0m, R-type ADD,  lat =   9
[38;5;121mPattern No.3523 Pass[0m, R-type SLA,  lat =   9
[38;5;121mPattern No.3524 Pass[0m, I-type ADDI, lat =   9
[38;5;121mPattern No.3525 Pass[0m, R-type ADD,  lat =   9
[38;5;121mPattern No.3526 Pass[0m, R-type OR,   lat =   9
[38;5;121mPattern No.3527 Pass[0m, R-type ADD,  lat =   9
[38;5;121mPattern No.3528 Pass[0m, I-type ADDI, lat =   9
[38;5;121mPattern No.3529 Pass[0m, R-type MULT, lat =   9
[38;5;121mPattern No.3530 Pass[0m, R-type SLA,  lat =   9
[38;5;121mPattern No.3531 Pass[0m, R-type OR,   lat =   9
[38;5;121mPattern No.3533 Pass[0m, I-type ADDI, lat =   9
[38;5;121mPattern No.3534 Pass[0m, I-type ADDI, lat =   9
[38;5;121mPattern No.3535 Pass[0m, I-type ADDI, lat =   9
[38;5;121mPattern No.3536 Pass[0m, R-type OR,   lat =   9
[38;5;121mPattern No.3537 Pass[0m, R-type OR,   lat =   9
[38;5;121mPattern No.3538 Pass[0m, I-type ORI,  lat =   9
[38;5;121mPattern No.3539 Pass[0m, R-type SRA,  lat =   9
[38;5;121mPattern No.3540 Pass[0m, R-type ADD,  lat =   9
[38;5;121mPattern No.3541 Pass[0m, I-type ORI,  lat =   9
[38;5;121mPattern No.3542 Pass[0m, Bad Ins.,    lat =   9
[38;5;121mPattern No.3543 Pass[0m, R-type MULT, lat =   9
[38;5;121mPattern No.3544 Pass[0m, I-type ORI,  lat =   9
[38;5;121mPattern No.3545 Pass[0m, R-type DIV,  lat =   9
[38;5;121mPattern No.3546 Pass[0m, I-type ORI,  lat =   9
[38;5;121mPattern No.3547 Pass[0m, R-type SLA,  lat =   9
[38;5;121mPattern No.3548 Pass[0m, I-type ORI,  lat =   9
[38;5;121mPattern No.3549 Pass[0m, I-type ORI,  lat =   9
[38;5;121mPattern No.3550 Pass[0m, R-type DIV,  lat =   9
[38;5;121mPattern No.3551 Pass[0m, R-type SRA,  lat =   9
[38;5;121mPattern No.3552 Pass[0m, R-type SRA,  lat =   9
[38;5;121mPattern No.3553 Pass[0m, I-type ORI,  lat =   9
[38;5;121mPattern No.3554 Pass[0m, I-type ADDI, lat =   9
[38;5;121mPattern No.3555 Pass[0m, I-type ORI,  lat =   9
[38;5;121mPattern No.3556 Pass[0m, R-type DIV,  lat =   9
[38;5;121mPattern No.3557 Pass[0m, R-type ADD,  lat =   9
[38;5;121mPattern No.3558 Pass[0m, R-type DIV,  lat =   9
[38;5;121mPattern No.3559 Pass[0m, R-type MULT, lat =   9
[38;5;121mPattern No.3560 Pass[0m, R-type MULT, lat =   9
[38;5;121mPattern No.3561 Pass[0m, R-type OR,   lat =   9
[38;5;121mPattern No.3562 Pass[0m, R-type DIV,  lat =   9
[38;5;121mPattern No.3563 Pass[0m, R-type ADD,  lat =  11
[38;5;121mPattern No.3564 Pass[0m, R-type MULT, lat =  11
[38;5;121mPattern No.3565 Pass[0m, R-type SRA,  lat =  12
[38;5;121mPattern No.3566 Pass[0m, R-type SLA,  lat =   9
[38;5;121mPattern No.3567 Pass[0m, R-type MULT, lat =   9
[38;5;121mPattern No.3568 Pass[0m, R-type OR,   lat =   9
[38;5;121mPattern No.3569 Pass[0m, R-type MULT, lat =   9
[38;5;121mPattern No.3570 Pass[0m, R-type SRA,  lat =   9
[38;5;121mPattern No.3571 Pass[0m, I-type ADDI, lat =   9
[38;5;121mPattern No.3572 Pass[0m, R-type OR,   lat =   9
[38;5;121mPattern No.3573 Pass[0m, R-type ADD,  lat =   9
[38;5;121mPattern No.3574 Pass[0m, R-type SRA,  lat =   9
[38;5;121mPattern No.3575 Pass[0m, R-type DIV,  lat =   9
[38;5;121mPattern No.3576 Pass[0m, R-type SLA,  lat =   9
[38;5;121mPattern No.3577 Pass[0m, R-type ADD,  lat =   9
[38;5;121mPattern No.3578 Pass[0m, R-type ADD,  lat =   9
[38;5;121mPattern No.3579 Pass[0m, R-type OR,   lat =   9
[38;5;121mPattern No.3580 Pass[0m, R-type SRA,  lat =   9
[38;5;121mPattern No.3581 Pass[0m, R-type SRA,  lat =   9
[38;5;121mPattern No.3582 Pass[0m, R-type DIV,  lat =   9
[38;5;121mPattern No.3583 Pass[0m, R-type DIV,  lat =   9
[38;5;121mPattern No.3584 Pass[0m, R-type SLA,  lat =   9
[38;5;121mPattern No.3585 Pass[0m, I-type ADDI, lat =   9
[38;5;121mPattern No.3586 Pass[0m, R-type SLA,  lat =   9
[38;5;121mPattern No.3587 Pass[0m, R-type SLA,  lat =  12
[38;5;121mPattern No.3588 Pass[0m, R-type OR,   lat =  12
[38;5;121mPattern No.3589 Pass[0m, R-type ADD,  lat =  13
[38;5;121mPattern No.3590 Pass[0m, R-type DIV,  lat =   9
[38;5;121mPattern No.3591 Pass[0m, R-type SRA,  lat =   9
[38;5;121mPattern No.3592 Pass[0m, R-type SLA,  lat =   9
[38;5;121mPattern No.3593 Pass[0m, R-type SRA,  lat =   9
[38;5;121mPattern No.3594 Pass[0m, R-type DIV,  lat =   9
[38;5;121mPattern No.3595 Pass[0m, R-type OR,   lat =   9
[38;5;121mPattern No.3596 Pass[0m, I-type ORI,  lat =   9
[38;5;121mPattern No.3597 Pass[0m, I-type ADDI, lat =   9
[38;5;121mPattern No.3598 Pass[0m, I-type ORI,  lat =   9
[38;5;121mPattern No.3599 Pass[0m, R-type DIV,  lat =   9
[38;5;121mPattern No.3600 Pass[0m, R-type SRA,  lat =   9
[38;5;121mPattern No.3601 Pass[0m, R-type OR,   lat =   9
[38;5;121mPattern No.3602 Pass[0m, Bad Ins.,    lat =   9
[38;5;121mPattern No.3603 Pass[0m, R-type DIV,  lat =  12
[38;5;121mPattern No.3604 Pass[0m, I-type ADDI, lat =  12
[38;5;121mPattern No.3605 Pass[0m, R-type OR,   lat =  13
[38;5;121mPattern No.3606 Pass[0m, I-type ORI,  lat =   9
[38;5;121mPattern No.3607 Pass[0m, I-type ORI,  lat =   9
[38;5;121mPattern No.3608 Pass[0m, R-type MULT, lat =   9
[38;5;121mPattern No.3609 Pass[0m, I-type ADDI, lat =   9
[38;5;121mPattern No.3610 Pass[0m, R-type SRA,  lat =   9
[38;5;121mPattern No.3611 Pass[0m, R-type SLA,  lat =   9
[38;5;121mPattern No.3612 Pass[0m, R-type SRA,  lat =   9
[38;5;121mPattern No.3613 Pass[0m, R-type ADD,  lat =   9
[38;5;121mPattern No.3614 Pass[0m, R-type SLA,  lat =   9
[38;5;121mPattern No.3615 Pass[0m, I-type ADDI, lat =   9
[38;5;121mPattern No.3616 Pass[0m, I-type ADDI, lat =   9
[38;5;121mPattern No.3617 Pass[0m, R-type SRA,  lat =   9
[38;5;121mPattern No.3618 Pass[0m, I-type ORI,  lat =   9
[38;5;121mPattern No.3619 Pass[0m, R-type OR,   lat =   9
[38;5;121mPattern No.3620 Pass[0m, I-type ADDI, lat =   9
[38;5;121mPattern No.3621 Pass[0m, R-type SLA,  lat =   9
[38;5;121mPattern No.3622 Pass[0m, R-type DIV,  lat =   9
[38;5;121mPattern No.3623 Pass[0m, R-type SLA,  lat =   9
[38;5;121mPattern No.3624 Pass[0m, I-type ORI,  lat =   9
[38;5;121mPattern No.3625 Pass[0m, I-type ADDI, lat =   9
[38;5;121mPattern No.3626 Pass[0m, R-type MULT, lat =   9
[38;5;121mPattern No.3627 Pass[0m, R-type SRA,  lat =   9
[38;5;121mPattern No.3628 Pass[0m, R-type MULT, lat =   9
[38;5;121mPattern No.3629 Pass[0m, R-type ADD,  lat =   9
[38;5;121mPattern No.3630 Pass[0m, R-type OR,   lat =   9
[38;5;121mPattern No.3631 Pass[0m, R-type SRA,  lat =   9
[38;5;121mPattern No.3632 Pass[0m, R-type DIV,  lat =   9
[38;5;121mPattern No.3633 Pass[0m, I-type ADDI, lat =   9
[38;5;121mPattern No.3634 Pass[0m, I-type ADDI, lat =   9
[38;5;121mPattern No.3635 Pass[0m, R-type OR,   lat =   9
[38;5;121mPattern No.3636 Pass[0m, R-type OR,   lat =   9
[38;5;121mPattern No.3637 Pass[0m, R-type SRA,  lat =   9
[38;5;121mPattern No.3638 Pass[0m, R-type DIV,  lat =   9
[38;5;121mPattern No.3639 Pass[0m, R-type OR,   lat =   9
[38;5;121mPattern No.3640 Pass[0m, R-type OR,   lat =   9
[38;5;121mPattern No.3641 Pass[0m, R-type MULT, lat =   9
[38;5;121mPattern No.3642 Pass[0m, I-type ADDI, lat =   9
[38;5;121mPattern No.3643 Pass[0m, R-type ADD,  lat =   9
[38;5;121mPattern No.3644 Pass[0m, I-type ADDI, lat =   9
[38;5;121mPattern No.3645 Pass[0m, R-type SRA,  lat =   9
[38;5;121mPattern No.3646 Pass[0m, I-type ADDI, lat =   9
[38;5;121mPattern No.3647 Pass[0m, R-type ADD,  lat =   9
[38;5;121mPattern No.3648 Pass[0m, R-type SLA,  lat =   9
[38;5;121mPattern No.3649 Pass[0m, R-type OR,   lat =   9
[38;5;121mPattern No.3650 Pass[0m, R-type SRA,  lat =   9
[38;5;121mPattern No.3651 Pass[0m, R-type ADD,  lat =   9
[38;5;121mPattern No.3652 Pass[0m, I-type ADDI, lat =   9
[38;5;121mPattern No.3653 Pass[0m, R-type OR,   lat =   9
[38;5;121mPattern No.3654 Pass[0m, I-type ADDI, lat =   9
[38;5;121mPattern No.3655 Pass[0m, R-type SLA,  lat =   9
[38;5;121mPattern No.3656 Pass[0m, R-type SRA,  lat =   9
[38;5;121mPattern No.3657 Pass[0m, I-type ORI,  lat =   9
[38;5;121mPattern No.3658 Pass[0m, R-type MULT, lat =   9
[38;5;121mPattern No.3659 Pass[0m, I-type ADDI, lat =   9
[38;5;121mPattern No.3660 Pass[0m, I-type ORI,  lat =   9
[38;5;121mPattern No.3661 Pass[0m, I-type ADDI, lat =   9
[38;5;121mPattern No.3662 Pass[0m, I-type ORI,  lat =   9
[38;5;121mPattern No.3663 Pass[0m, I-type ADDI, lat =   9
[38;5;121mPattern No.3664 Pass[0m, R-type DIV,  lat =   9
[38;5;121mPattern No.3665 Pass[0m, R-type SRA,  lat =   9
[38;5;121mPattern No.3666 Pass[0m, R-type ADD,  lat =   9
[38;5;121mPattern No.3667 Pass[0m, I-type ORI,  lat =   9
[38;5;121mPattern No.3668 Pass[0m, R-type SRA,  lat =   9
[38;5;121mPattern No.3669 Pass[0m, R-type SRA,  lat =   9
[38;5;121mPattern No.3670 Pass[0m, R-type MULT, lat =   9
[38;5;121mPattern No.3671 Pass[0m, R-type OR,   lat =   9
[38;5;121mPattern No.3672 Pass[0m, R-type DIV,  lat =   9
[38;5;121mPattern No.3673 Pass[0m, I-type ORI,  lat =   9
[38;5;121mPattern No.3674 Pass[0m, R-type DIV,  lat =   9
[38;5;121mPattern No.3675 Pass[0m, R-type SLA,  lat =   9
[38;5;121mPattern No.3676 Pass[0m, R-type SLA,  lat =   9
[38;5;121mPattern No.3677 Pass[0m, R-type SLA,  lat =   9
[38;5;121mPattern No.3678 Pass[0m, R-type DIV,  lat =   9
[38;5;121mPattern No.3679 Pass[0m, R-type MULT, lat =   9
[38;5;121mPattern No.3680 Pass[0m, I-type ORI,  lat =   9
[38;5;121mPattern No.3681 Pass[0m, R-type DIV,  lat =   9
[38;5;121mPattern No.3682 Pass[0m, R-type SRA,  lat =   9
[38;5;121mPattern No.3683 Pass[0m, R-type SRA,  lat =   9
[38;5;121mPattern No.3684 Pass[0m, R-type ADD,  lat =   9
[38;5;121mPattern No.3685 Pass[0m, R-type DIV,  lat =   9
[38;5;121mPattern No.3686 Pass[0m, I-type ORI,  lat =   9
[38;5;121mPattern No.3687 Pass[0m, R-type SLA,  lat =   9
[38;5;121mPattern No.3688 Pass[0m, R-type DIV,  lat =   9
[38;5;121mPattern No.3689 Pass[0m, R-type SLA,  lat =  12
[38;5;121mPattern No.3690 Pass[0m, I-type ADDI, lat =  12
[38;5;121mPattern No.3691 Pass[0m, R-type SLA,  lat =  13
[38;5;121mPattern No.3692 Pass[0m, I-type ORI,  lat =   9
[38;5;121mPattern No.3693 Pass[0m, R-type DIV,  lat =   9
[38;5;121mPattern No.3694 Pass[0m, R-type SRA,  lat =   9
[38;5;121mPattern No.3695 Pass[0m, R-type OR,   lat =   9
[38;5;121mPattern No.3696 Pass[0m, R-type OR,   lat =   9
[38;5;121mPattern No.3697 Pass[0m, I-type ORI,  lat =   9
[38;5;121mPattern No.3698 Pass[0m, R-type SLA,  lat =   9
[38;5;121mPattern No.3699 Pass[0m, R-type OR,   lat =   9
[38;5;121mPattern No.3700 Pass[0m, I-type ORI,  lat =   9
[38;5;121mPattern No.3701 Pass[0m, Bad Ins.,    lat =   9
[38;5;121mPattern No.3702 Pass[0m, R-type DIV,  lat =   9
[38;5;121mPattern No.3703 Pass[0m, I-type ADDI, lat =   9
[38;5;121mPattern No.3704 Pass[0m, R-type DIV,  lat =   9
[38;5;121mPattern No.3705 Pass[0m, R-type MULT, lat =   9
[38;5;121mPattern No.3706 Pass[0m, R-type SLA,  lat =   9
[38;5;121mPattern No.3707 Pass[0m, R-type DIV,  lat =   9
[38;5;121mPattern No.3708 Pass[0m, R-type ADD,  lat =   9
[38;5;121mPattern No.3709 Pass[0m, R-type SRA,  lat =   9
[38;5;121mPattern No.3710 Pass[0m, R-type DIV,  lat =   9
[38;5;121mPattern No.3711 Pass[0m, R-type SLA,  lat =   9
[38;5;121mPattern No.3712 Pass[0m, R-type MULT, lat =   9
[38;5;121mPattern No.3713 Pass[0m, R-type SLA,  lat =   9
[38;5;121mPattern No.3714 Pass[0m, R-type SRA,  lat =   9
[38;5;121mPattern No.3715 Pass[0m, R-type SLA,  lat =  11
[38;5;121mPattern No.3716 Pass[0m, I-type ORI,  lat =  11
[38;5;121mPattern No.3717 Pass[0m, I-type ORI,  lat =  12
[38;5;121mPattern No.3718 Pass[0m, R-type ADD,  lat =   9
[38;5;121mPattern No.3719 Pass[0m, R-type OR,   lat =   9
[38;5;121mPattern No.3720 Pass[0m, R-type DIV,  lat =   9
[38;5;121mPattern No.3721 Pass[0m, R-type DIV,  lat =   9
[38;5;121mPattern No.3722 Pass[0m, R-type OR,   lat =   9
[38;5;121mPattern No.3723 Pass[0m, I-type ORI,  lat =   9
[38;5;121mPattern No.3724 Pass[0m, R-type ADD,  lat =   9
[38;5;121mPattern No.3725 Pass[0m, R-type SLA,  lat =   9
[38;5;121mPattern No.3726 Pass[0m, I-type ADDI, lat =   9
[38;5;121mPattern No.3727 Pass[0m, I-type ORI,  lat =  10
[38;5;121mPattern No.3728 Pass[0m, R-type MULT, lat =  10
[38;5;121mPattern No.3729 Pass[0m, R-type ADD,  lat =  11
[38;5;121mPattern No.3730 Pass[0m, Bad Ins.,    lat =   9
[38;5;121mPattern No.3731 Pass[0m, R-type SLA,  lat =   9
[38;5;121mPattern No.3732 Pass[0m, R-type MULT, lat =   9
[38;5;121mPattern No.3733 Pass[0m, R-type DIV,  lat =   9
[38;5;121mPattern No.3734 Pass[0m, R-type MULT, lat =   9
[38;5;121mPattern No.3735 Pass[0m, R-type DIV,  lat =   9
[38;5;121mPattern No.3736 Pass[0m, I-type ORI,  lat =   9
[38;5;121mPattern No.3737 Pass[0m, I-type ADDI, lat =   9
[38;5;121mPattern No.3738 Pass[0m, R-type SLA,  lat =   9
[38;5;121mPattern No.3739 Pass[0m, R-type ADD,  lat =   9
[38;5;121mPattern No.3740 Pass[0m, R-type SRA,  lat =   9
[38;5;121mPattern No.3741 Pass[0m, R-type MULT, lat =   9
[38;5;121mPattern No.3742 Pass[0m, R-type OR,   lat =   9
[38;5;121mPattern No.3743 Pass[0m, R-type SLA,  lat =   9
[38;5;121mPattern No.3744 Pass[0m, R-type SLA,  lat =   9
[38;5;121mPattern No.3745 Pass[0m, R-type ADD,  lat =   9
[38;5;121mPattern No.3746 Pass[0m, R-type DIV,  lat =   9
[38;5;121mPattern No.3747 Pass[0m, R-type OR,   lat =   9
[38;5;121mPattern No.3748 Pass[0m, R-type OR,   lat =   9
[38;5;121mPattern No.3749 Pass[0m, R-type SRA,  lat =   9
[38;5;121mPattern No.3750 Pass[0m, I-type ORI,  lat =   9
[38;5;121mPattern No.3751 Pass[0m, R-type ADD,  lat =   9
[38;5;121mPattern No.3752 Pass[0m, R-type OR,   lat =   9
[38;5;121mPattern No.3753 Pass[0m, I-type ORI,  lat =   9
[38;5;121mPattern No.3754 Pass[0m, R-type DIV,  lat =   9
[38;5;121mPattern No.3755 Pass[0m, R-type ADD,  lat =   9
[38;5;121mPattern No.3756 Pass[0m, I-type ORI,  lat =   9
[38;5;121mPattern No.3757 Pass[0m, R-type DIV,  lat =   9
[38;5;121mPattern No.3758 Pass[0m, R-type SRA,  lat =   9
[38;5;121mPattern No.3759 Pass[0m, I-type ADDI, lat =   9
[38;5;121mPattern No.3760 Pass[0m, R-type MULT, lat =   9
[38;5;121mPattern No.3761 Pass[0m, R-type OR,   lat =   9
[38;5;121mPattern No.3762 Pass[0m, R-type OR,   lat =   9
[38;5;121mPattern No.3763 Pass[0m, R-type SLA,  lat =   9
[38;5;121mPattern No.3764 Pass[0m, R-type DIV,  lat =   9
[38;5;121mPattern No.3765 Pass[0m, I-type ORI,  lat =   9
[38;5;121mPattern No.3766 Pass[0m, R-type SRA,  lat =   9
[38;5;121mPattern No.3767 Pass[0m, R-type SRA,  lat =   9
[38;5;121mPattern No.3768 Pass[0m, R-type SLA,  lat =   9
[38;5;121mPattern No.3769 Pass[0m, R-type DIV,  lat =   9
[38;5;121mPattern No.3770 Pass[0m, R-type SLA,  lat =   9
[38;5;121mPattern No.3771 Pass[0m, R-type ADD,  lat =   9
[38;5;121mPattern No.3772 Pass[0m, R-type ADD,  lat =   9
[38;5;121mPattern No.3773 Pass[0m, I-type ORI,  lat =   9
[38;5;121mPattern No.3774 Pass[0m, I-type ADDI, lat =   9
[38;5;121mPattern No.3775 Pass[0m, R-type OR,   lat =   9
[38;5;121mPattern No.3776 Pass[0m, R-type MULT, lat =   9
[38;5;121mPattern No.3777 Pass[0m, R-type SLA,  lat =   9
[38;5;121mPattern No.3778 Pass[0m, R-type SRA,  lat =   9
[38;5;121mPattern No.3779 Pass[0m, R-type SLA,  lat =   9
[38;5;121mPattern No.3780 Pass[0m, R-type SLA,  lat =   9
[38;5;121mPattern No.3781 Pass[0m, R-type SRA,  lat =   9
[38;5;121mPattern No.3782 Pass[0m, R-type ADD,  lat =   9
[38;5;121mPattern No.3783 Pass[0m, R-type OR,   lat =   9
[38;5;121mPattern No.3784 Pass[0m, R-type MULT, lat =   9
[38;5;121mPattern No.3785 Pass[0m, R-type DIV,  lat =   9
[38;5;121mPattern No.3786 Pass[0m, I-type ADDI, lat =   9
[38;5;121mPattern No.3787 Pass[0m, R-type SLA,  lat =   9
[38;5;121mPattern No.3788 Pass[0m, R-type DIV,  lat =   9
[38;5;121mPattern No.3789 Pass[0m, R-type SRA,  lat =   9
[38;5;121mPattern No.3791 Pass[0m, Bad Ins.,    lat =   9
[38;5;121mPattern No.3792 Pass[0m, I-type ADDI, lat =   9
[38;5;121mPattern No.3793 Pass[0m, I-type ORI,  lat =  11
[38;5;121mPattern No.3794 Pass[0m, I-type ADDI, lat =  11
[38;5;121mPattern No.3795 Pass[0m, R-type SLA,  lat =  12
[38;5;121mPattern No.3796 Pass[0m, I-type ORI,  lat =   9
[38;5;121mPattern No.3797 Pass[0m, I-type ORI,  lat =   9
[38;5;121mPattern No.3798 Pass[0m, R-type MULT, lat =   9
[38;5;121mPattern No.3799 Pass[0m, R-type MULT, lat =   9
[38;5;121mPattern No.3800 Pass[0m, I-type ADDI, lat =   9
[38;5;121mPattern No.3801 Pass[0m, R-type MULT, lat =   9
[38;5;121mPattern No.3802 Pass[0m, R-type SLA,  lat =   9
[38;5;121mPattern No.3803 Pass[0m, R-type SRA,  lat =   9
[38;5;121mPattern No.3804 Pass[0m, R-type SLA,  lat =   9
[38;5;121mPattern No.3805 Pass[0m, R-type SLA,  lat =   9
[38;5;121mPattern No.3806 Pass[0m, R-type SLA,  lat =   9
[38;5;121mPattern No.3807 Pass[0m, R-type OR,   lat =   9
[38;5;121mPattern No.3808 Pass[0m, R-type DIV,  lat =   9
[38;5;121mPattern No.3809 Pass[0m, R-type SLA,  lat =   9
[38;5;121mPattern No.3810 Pass[0m, R-type MULT, lat =   9
[38;5;121mPattern No.3811 Pass[0m, I-type ADDI, lat =   9
[38;5;121mPattern No.3812 Pass[0m, R-type MULT, lat =   9
[38;5;121mPattern No.3813 Pass[0m, I-type ADDI, lat =   9
[38;5;121mPattern No.3814 Pass[0m, R-type SLA,  lat =   9
[38;5;121mPattern No.3815 Pass[0m, R-type DIV,  lat =   9
[38;5;121mPattern No.3816 Pass[0m, R-type DIV,  lat =   9
[38;5;121mPattern No.3817 Pass[0m, I-type ORI,  lat =   9
[38;5;121mPattern No.3818 Pass[0m, I-type ADDI, lat =   9
[38;5;121mPattern No.3819 Pass[0m, R-type SLA,  lat =   9
[38;5;121mPattern No.3820 Pass[0m, R-type DIV,  lat =   9
[38;5;121mPattern No.3821 Pass[0m, R-type SLA,  lat =   9
[38;5;121mPattern No.3822 Pass[0m, R-type OR,   lat =   9
[38;5;121mPattern No.3823 Pass[0m, I-type ADDI, lat =   9
[38;5;121mPattern No.3824 Pass[0m, R-type MULT, lat =   9
[38;5;121mPattern No.3825 Pass[0m, I-type ADDI, lat =   9
[38;5;121mPattern No.3826 Pass[0m, I-type ORI,  lat =   9
[38;5;121mPattern No.3827 Pass[0m, R-type SLA,  lat =   9
[38;5;121mPattern No.3828 Pass[0m, R-type MULT, lat =   9
[38;5;121mPattern No.3829 Pass[0m, I-type ADDI, lat =   9
[38;5;121mPattern No.3830 Pass[0m, R-type DIV,  lat =   9
[38;5;121mPattern No.3831 Pass[0m, R-type OR,   lat =   9
[38;5;121mPattern No.3832 Pass[0m, R-type DIV,  lat =   9
[38;5;121mPattern No.3833 Pass[0m, R-type SRA,  lat =   9
[38;5;121mPattern No.3834 Pass[0m, R-type SRA,  lat =  12
[38;5;121mPattern No.3835 Pass[0m, R-type SLA,  lat =  12
[38;5;121mPattern No.3836 Pass[0m, R-type MULT, lat =  13
[38;5;121mPattern No.3837 Pass[0m, R-type DIV,  lat =   9
[38;5;121mPattern No.3838 Pass[0m, I-type ADDI, lat =   9
[38;5;121mPattern No.3839 Pass[0m, I-type ADDI, lat =   9
[38;5;121mPattern No.3840 Pass[0m, R-type MULT, lat =   9
[38;5;121mPattern No.3841 Pass[0m, R-type SLA,  lat =   9
[38;5;121mPattern No.3843 Pass[0m, R-type SRA,  lat =   9
[38;5;121mPattern No.3844 Pass[0m, R-type DIV,  lat =   9
[38;5;121mPattern No.3845 Pass[0m, R-type SRA,  lat =   9
[38;5;121mPattern No.3846 Pass[0m, R-type ADD,  lat =   9
[38;5;121mPattern No.3847 Pass[0m, R-type SLA,  lat =   9
[38;5;121mPattern No.3848 Pass[0m, R-type MULT, lat =   9
[38;5;121mPattern No.3849 Pass[0m, R-type OR,   lat =   9
[38;5;121mPattern No.3850 Pass[0m, R-type ADD,  lat =   9
[38;5;121mPattern No.3851 Pass[0m, R-type SLA,  lat =   9
[38;5;121mPattern No.3852 Pass[0m, R-type OR,   lat =   9
[38;5;121mPattern No.3853 Pass[0m, R-type DIV,  lat =   9
[38;5;121mPattern No.3855 Pass[0m, R-type ADD,  lat =   9
[38;5;121mPattern No.3856 Pass[0m, R-type ADD,  lat =   9
[38;5;121mPattern No.3857 Pass[0m, I-type ADDI, lat =   9
[38;5;121mPattern No.3859 Pass[0m, I-type ORI,  lat =   9
[38;5;121mPattern No.3860 Pass[0m, I-type ORI,  lat =   9
[38;5;121mPattern No.3861 Pass[0m, R-type OR,   lat =   9
[38;5;121mPattern No.3862 Pass[0m, R-type DIV,  lat =   9
[38;5;121mPattern No.3863 Pass[0m, R-type MULT, lat =   9
[38;5;121mPattern No.3864 Pass[0m, R-type DIV,  lat =   9
[38;5;121mPattern No.3865 Pass[0m, R-type SRA,  lat =   9
[38;5;121mPattern No.3866 Pass[0m, R-type ADD,  lat =   9
[38;5;121mPattern No.3867 Pass[0m, R-type DIV,  lat =   9
[38;5;121mPattern No.3868 Pass[0m, I-type ADDI, lat =   9
[38;5;121mPattern No.3869 Pass[0m, R-type MULT, lat =   9
[38;5;121mPattern No.3870 Pass[0m, I-type ADDI, lat =   9
[38;5;121mPattern No.3871 Pass[0m, I-type ORI,  lat =   9
[38;5;121mPattern No.3872 Pass[0m, R-type ADD,  lat =   9
[38;5;121mPattern No.3873 Pass[0m, R-type SRA,  lat =   9
[38;5;121mPattern No.3874 Pass[0m, R-type ADD,  lat =   9
[38;5;121mPattern No.3875 Pass[0m, I-type ORI,  lat =   9
[38;5;121mPattern No.3876 Pass[0m, R-type SRA,  lat =   9
[38;5;121mPattern No.3877 Pass[0m, R-type SRA,  lat =   9
[38;5;121mPattern No.3878 Pass[0m, R-type ADD,  lat =   9
[38;5;121mPattern No.3879 Pass[0m, R-type SRA,  lat =   9
[38;5;121mPattern No.3880 Pass[0m, R-type DIV,  lat =   9
[38;5;121mPattern No.3881 Pass[0m, I-type ORI,  lat =   9
[38;5;121mPattern No.3882 Pass[0m, R-type MULT, lat =   9
[38;5;121mPattern No.3883 Pass[0m, R-type OR,   lat =   9
[38;5;121mPattern No.3884 Pass[0m, R-type OR,   lat =   9
[38;5;121mPattern No.3885 Pass[0m, R-type SLA,  lat =  11
[38;5;121mPattern No.3886 Pass[0m, Bad Ins.,    lat =  11
[38;5;121mPattern No.3887 Pass[0m, R-type OR,   lat =  12
[38;5;121mPattern No.3888 Pass[0m, R-type OR,   lat =   9
[38;5;121mPattern No.3889 Pass[0m, I-type ADDI, lat =   9
[38;5;121mPattern No.3890 Pass[0m, I-type ADDI, lat =   9
[38;5;121mPattern No.3891 Pass[0m, R-type SRA,  lat =   9
[38;5;121mPattern No.3892 Pass[0m, R-type SRA,  lat =   9
[38;5;121mPattern No.3893 Pass[0m, I-type ADDI, lat =   9
[38;5;121mPattern No.3894 Pass[0m, I-type ADDI, lat =   9
[38;5;121mPattern No.3895 Pass[0m, R-type ADD,  lat =   9
[38;5;121mPattern No.3896 Pass[0m, R-type MULT, lat =   9
[38;5;121mPattern No.3897 Pass[0m, R-type SLA,  lat =   9
[38;5;121mPattern No.3898 Pass[0m, R-type SLA,  lat =   9
[38;5;121mPattern No.3899 Pass[0m, R-type SLA,  lat =   9
[38;5;121mPattern No.3900 Pass[0m, R-type DIV,  lat =   9
[38;5;121mPattern No.3901 Pass[0m, R-type DIV,  lat =   9
[38;5;121mPattern No.3902 Pass[0m, I-type ORI,  lat =   9
[38;5;121mPattern No.3903 Pass[0m, R-type SLA,  lat =   9
[38;5;121mPattern No.3904 Pass[0m, R-type OR,   lat =   9
[38;5;121mPattern No.3905 Pass[0m, R-type MULT, lat =  11
[38;5;121mPattern No.3906 Pass[0m, R-type OR,   lat =  11
[38;5;121mPattern No.3907 Pass[0m, I-type ORI,  lat =  12
[38;5;121mPattern No.3908 Pass[0m, R-type MULT, lat =   9
[38;5;121mPattern No.3909 Pass[0m, R-type OR,   lat =   9
[38;5;121mPattern No.3910 Pass[0m, I-type ADDI, lat =   9
[38;5;121mPattern No.3911 Pass[0m, R-type DIV,  lat =   9
[38;5;121mPattern No.3912 Pass[0m, I-type ORI,  lat =   9
[38;5;121mPattern No.3914 Pass[0m, I-type ADDI, lat =   9
[38;5;121mPattern No.3915 Pass[0m, R-type ADD,  lat =   9
[38;5;121mPattern No.3916 Pass[0m, R-type SLA,  lat =   9
[38;5;121mPattern No.3917 Pass[0m, R-type OR,   lat =   9
[38;5;121mPattern No.3918 Pass[0m, R-type SLA,  lat =   9
[38;5;121mPattern No.3919 Pass[0m, R-type SLA,  lat =   9
[38;5;121mPattern No.3920 Pass[0m, R-type OR,   lat =   9
[38;5;121mPattern No.3921 Pass[0m, R-type SLA,  lat =   9
[38;5;121mPattern No.3922 Pass[0m, R-type DIV,  lat =   9
[38;5;121mPattern No.3923 Pass[0m, R-type OR,   lat =   9
[38;5;121mPattern No.3924 Pass[0m, I-type ORI,  lat =   9
[38;5;121mPattern No.3925 Pass[0m, R-type SRA,  lat =   9
[38;5;121mPattern No.3926 Pass[0m, R-type ADD,  lat =   9
[38;5;121mPattern No.3927 Pass[0m, R-type SRA,  lat =   9
[38;5;121mPattern No.3928 Pass[0m, I-type ORI,  lat =   9
[38;5;121mPattern No.3929 Pass[0m, I-type ADDI, lat =   9
[38;5;121mPattern No.3930 Pass[0m, R-type SLA,  lat =   9
[38;5;121mPattern No.3932 Pass[0m, I-type ORI,  lat =   9
[38;5;121mPattern No.3933 Pass[0m, R-type SLA,  lat =   9
[38;5;121mPattern No.3934 Pass[0m, I-type ORI,  lat =   9
[38;5;121mPattern No.3935 Pass[0m, R-type SLA,  lat =   9
[38;5;121mPattern No.3936 Pass[0m, R-type SLA,  lat =   9
[38;5;121mPattern No.3937 Pass[0m, I-type ADDI, lat =   9
[38;5;121mPattern No.3938 Pass[0m, R-type DIV,  lat =   9
[38;5;121mPattern No.3939 Pass[0m, R-type OR,   lat =   9
[38;5;121mPattern No.3940 Pass[0m, R-type OR,   lat =   9
[38;5;121mPattern No.3941 Pass[0m, I-type ADDI, lat =   9
[38;5;121mPattern No.3942 Pass[0m, I-type ORI,  lat =   9
[38;5;121mPattern No.3943 Pass[0m, R-type ADD,  lat =   9
[38;5;121mPattern No.3944 Pass[0m, R-type SRA,  lat =   9
[38;5;121mPattern No.3945 Pass[0m, R-type MULT, lat =   9
[38;5;121mPattern No.3946 Pass[0m, I-type ORI,  lat =   9
[38;5;121mPattern No.3947 Pass[0m, R-type SRA,  lat =   9
[38;5;121mPattern No.3948 Pass[0m, I-type ORI,  lat =   9
[38;5;121mPattern No.3949 Pass[0m, R-type OR,   lat =   9
[38;5;121mPattern No.3950 Pass[0m, I-type ORI,  lat =   9
[38;5;121mPattern No.3951 Pass[0m, I-type ORI,  lat =   9
[38;5;121mPattern No.3952 Pass[0m, R-type SLA,  lat =   9
[38;5;121mPattern No.3953 Pass[0m, R-type DIV,  lat =   9
[38;5;121mPattern No.3954 Pass[0m, R-type SLA,  lat =   9
[38;5;121mPattern No.3955 Pass[0m, R-type SLA,  lat =   9
[38;5;121mPattern No.3956 Pass[0m, R-type SLA,  lat =   9
[38;5;121mPattern No.3957 Pass[0m, R-type OR,   lat =   9
[38;5;121mPattern No.3958 Pass[0m, R-type ADD,  lat =   9
[38;5;121mPattern No.3959 Pass[0m, R-type DIV,  lat =   9
[38;5;121mPattern No.3960 Pass[0m, I-type ORI,  lat =   9
[38;5;121mPattern No.3961 Pass[0m, R-type ADD,  lat =   9
[38;5;121mPattern No.3962 Pass[0m, R-type SRA,  lat =   9
[38;5;121mPattern No.3963 Pass[0m, R-type SRA,  lat =   9
[38;5;121mPattern No.3964 Pass[0m, I-type ORI,  lat =   9
[38;5;121mPattern No.3965 Pass[0m, R-type SLA,  lat =   9
[38;5;121mPattern No.3966 Pass[0m, I-type ADDI, lat =   9
[38;5;121mPattern No.3967 Pass[0m, R-type ADD,  lat =   9
[38;5;121mPattern No.3968 Pass[0m, R-type DIV,  lat =   9
[38;5;121mPattern No.3969 Pass[0m, R-type OR,   lat =   9
[38;5;121mPattern No.3970 Pass[0m, R-type MULT, lat =   9
[38;5;121mPattern No.3971 Pass[0m, I-type ADDI, lat =   9
[38;5;121mPattern No.3972 Pass[0m, R-type DIV,  lat =   9
[38;5;121mPattern No.3973 Pass[0m, R-type OR,   lat =   9
[38;5;121mPattern No.3974 Pass[0m, I-type ORI,  lat =   9
[38;5;121mPattern No.3975 Pass[0m, R-type OR,   lat =   9
[38;5;121mPattern No.3976 Pass[0m, R-type ADD,  lat =   9
[38;5;121mPattern No.3977 Pass[0m, R-type ADD,  lat =   9
[38;5;121mPattern No.3978 Pass[0m, R-type DIV,  lat =   9
[38;5;121mPattern No.3979 Pass[0m, R-type ADD,  lat =   9
[38;5;121mPattern No.3980 Pass[0m, I-type ORI,  lat =   9
[38;5;121mPattern No.3981 Pass[0m, R-type SRA,  lat =   9
[38;5;121mPattern No.3982 Pass[0m, Bad Ins.,    lat =   9
[38;5;121mPattern No.3983 Pass[0m, R-type MULT, lat =   9
[38;5;121mPattern No.3984 Pass[0m, R-type ADD,  lat =   9
[38;5;121mPattern No.3985 Pass[0m, R-type SLA,  lat =   9
[38;5;121mPattern No.3986 Pass[0m, I-type ORI,  lat =   9
[38;5;121mPattern No.3987 Pass[0m, R-type SLA,  lat =   9
[38;5;121mPattern No.3988 Pass[0m, R-type SLA,  lat =   9
[38;5;121mPattern No.3989 Pass[0m, R-type DIV,  lat =   9
[38;5;121mPattern No.3990 Pass[0m, R-type OR,   lat =   9
[38;5;121mPattern No.3991 Pass[0m, R-type OR,   lat =   9
[38;5;121mPattern No.3992 Pass[0m, R-type SRA,  lat =   9
[38;5;121mPattern No.3993 Pass[0m, R-type SRA,  lat =   9
[38;5;121mPattern No.3994 Pass[0m, R-type SRA,  lat =   9
[38;5;121mPattern No.3995 Pass[0m, R-type ADD,  lat =   9
[38;5;121mPattern No.3996 Pass[0m, R-type SRA,  lat =   9
[38;5;121mPattern No.3997 Pass[0m, I-type ADDI, lat =   9
[38;5;121mPattern No.3998 Pass[0m, R-type DIV,  lat =   9
[38;5;121mPattern No.3999 Pass[0m, I-type ADDI, lat =   9
[38;5;121mPattern No.4000 Pass[0m, R-type DIV,  lat =   9
[38;5;121mPattern No.4001 Pass[0m, R-type DIV,  lat =   9
[38;5;121mPattern No.4002 Pass[0m, I-type ADDI, lat =   9
[38;5;121mPattern No.4003 Pass[0m, I-type ORI,  lat =   9
[38;5;121mPattern No.4004 Pass[0m, R-type SRA,  lat =   9
[38;5;121mPattern No.4005 Pass[0m, R-type DIV,  lat =   9
[38;5;121mPattern No.4006 Pass[0m, R-type MULT, lat =   9
[38;5;121mPattern No.4007 Pass[0m, R-type SLA,  lat =   9
[38;5;121mPattern No.4008 Pass[0m, R-type MULT, lat =   9
[38;5;121mPattern No.4009 Pass[0m, I-type ORI,  lat =   9
[38;5;121mPattern No.4010 Pass[0m, I-type ORI,  lat =   9
[38;5;121mPattern No.4011 Pass[0m, I-type ORI,  lat =   9
[38;5;121mPattern No.4012 Pass[0m, R-type ADD,  lat =   9
[38;5;121mPattern No.4013 Pass[0m, I-type ORI,  lat =   9
[38;5;121mPattern No.4014 Pass[0m, R-type OR,   lat =   9
[38;5;121mPattern No.4015 Pass[0m, R-type SRA,  lat =   9
[38;5;121mPattern No.4016 Pass[0m, I-type ADDI, lat =   9
[38;5;121mPattern No.4017 Pass[0m, R-type OR,   lat =   9
[38;5;121mPattern No.4018 Pass[0m, R-type ADD,  lat =   9
[38;5;121mPattern No.4019 Pass[0m, R-type SLA,  lat =   9
[38;5;121mPattern No.4020 Pass[0m, R-type MULT, lat =   9
[38;5;121mPattern No.4021 Pass[0m, R-type MULT, lat =   9
[38;5;121mPattern No.4022 Pass[0m, R-type SLA,  lat =   9
[38;5;121mPattern No.4023 Pass[0m, I-type ADDI, lat =   9
[38;5;121mPattern No.4024 Pass[0m, I-type ORI,  lat =   9
[38;5;121mPattern No.4025 Pass[0m, R-type OR,   lat =   9
[38;5;121mPattern No.4026 Pass[0m, I-type ADDI, lat =   9
[38;5;121mPattern No.4027 Pass[0m, R-type DIV,  lat =   9
[38;5;121mPattern No.4028 Pass[0m, I-type ADDI, lat =   9
[38;5;121mPattern No.4029 Pass[0m, I-type ADDI, lat =   9
[38;5;121mPattern No.4030 Pass[0m, R-type OR,   lat =   9
[38;5;121mPattern No.4031 Pass[0m, R-type OR,   lat =  12
[38;5;121mPattern No.4032 Pass[0m, I-type ADDI, lat =  12
[38;5;121mPattern No.4033 Pass[0m, R-type DIV,  lat =  13
[38;5;121mPattern No.4034 Pass[0m, R-type SRA,  lat =   9
[38;5;121mPattern No.4035 Pass[0m, I-type ORI,  lat =   9
[38;5;121mPattern No.4036 Pass[0m, I-type ADDI, lat =   9
[38;5;121mPattern No.4037 Pass[0m, I-type ADDI, lat =   9
[38;5;121mPattern No.4038 Pass[0m, R-type DIV,  lat =   9
[38;5;121mPattern No.4039 Pass[0m, I-type ORI,  lat =   9
[38;5;121mPattern No.4040 Pass[0m, R-type ADD,  lat =   9
[38;5;121mPattern No.4041 Pass[0m, R-type MULT, lat =   9
[38;5;121mPattern No.4042 Pass[0m, I-type ADDI, lat =   9
[38;5;121mPattern No.4043 Pass[0m, R-type DIV,  lat =   9
[38;5;121mPattern No.4044 Pass[0m, R-type DIV,  lat =   9
[38;5;121mPattern No.4045 Pass[0m, I-type ADDI, lat =   9
[38;5;121mPattern No.4046 Pass[0m, R-type SLA,  lat =   9
[38;5;121mPattern No.4047 Pass[0m, R-type MULT, lat =  12
[38;5;121mPattern No.4048 Pass[0m, R-type DIV,  lat =  12
[38;5;121mPattern No.4049 Pass[0m, R-type DIV,  lat =  13
[38;5;121mPattern No.4050 Pass[0m, I-type ORI,  lat =   9
[38;5;121mPattern No.4051 Pass[0m, R-type SLA,  lat =   9
[38;5;121mPattern No.4052 Pass[0m, R-type ADD,  lat =  11
[38;5;121mPattern No.4053 Pass[0m, R-type ADD,  lat =  12
[38;5;121mPattern No.4054 Pass[0m, R-type ADD,  lat =  13
[38;5;121mPattern No.4055 Pass[0m, R-type ADD,  lat =   9
[38;5;121mPattern No.4056 Pass[0m, I-type ADDI, lat =   9
[38;5;121mPattern No.4057 Pass[0m, R-type ADD,  lat =   9
[38;5;121mPattern No.4058 Pass[0m, R-type ADD,  lat =   9
[38;5;121mPattern No.4059 Pass[0m, I-type ORI,  lat =   9
[38;5;121mPattern No.4060 Pass[0m, R-type SLA,  lat =   9
[38;5;121mPattern No.4061 Pass[0m, R-type OR,   lat =   9
[38;5;121mPattern No.4062 Pass[0m, R-type MULT, lat =   9
[38;5;121mPattern No.4063 Pass[0m, R-type OR,   lat =   9
[38;5;121mPattern No.4064 Pass[0m, R-type SRA,  lat =   9
[38;5;121mPattern No.4065 Pass[0m, R-type ADD,  lat =   9
[38;5;121mPattern No.4066 Pass[0m, R-type SRA,  lat =   9
[38;5;121mPattern No.4067 Pass[0m, R-type OR,   lat =   9
[38;5;121mPattern No.4068 Pass[0m, R-type MULT, lat =   9
[38;5;121mPattern No.4069 Pass[0m, R-type DIV,  lat =   9
[38;5;121mPattern No.4070 Pass[0m, I-type ORI,  lat =   9
[38;5;121mPattern No.4071 Pass[0m, I-type ORI,  lat =   9
[38;5;121mPattern No.4072 Pass[0m, R-type MULT, lat =   9
[38;5;121mPattern No.4073 Pass[0m, R-type MULT, lat =   9
[38;5;121mPattern No.4074 Pass[0m, I-type ADDI, lat =   9
[38;5;121mPattern No.4075 Pass[0m, I-type ADDI, lat =   9
[38;5;121mPattern No.4076 Pass[0m, R-type ADD,  lat =   9
[38;5;121mPattern No.4077 Pass[0m, R-type MULT, lat =   9
[38;5;121mPattern No.4078 Pass[0m, I-type ADDI, lat =   9
[38;5;121mPattern No.4079 Pass[0m, R-type DIV,  lat =   9
[38;5;121mPattern No.4080 Pass[0m, R-type DIV,  lat =   9
[38;5;121mPattern No.4081 Pass[0m, R-type SRA,  lat =   9
[38;5;121mPattern No.4082 Pass[0m, R-type SLA,  lat =   9
[38;5;121mPattern No.4083 Pass[0m, R-type SLA,  lat =   9
[38;5;121mPattern No.4084 Pass[0m, R-type SRA,  lat =   9
[38;5;121mPattern No.4085 Pass[0m, I-type ADDI, lat =  11
[38;5;121mPattern No.4086 Pass[0m, R-type SRA,  lat =  11
[38;5;121mPattern No.4087 Pass[0m, R-type SLA,  lat =  12
[38;5;121mPattern No.4088 Pass[0m, R-type MULT, lat =   9
[38;5;121mPattern No.4089 Pass[0m, R-type SRA,  lat =   9
[38;5;121mPattern No.4090 Pass[0m, R-type DIV,  lat =   9
[38;5;121mPattern No.4091 Pass[0m, R-type ADD,  lat =   9
[38;5;121mPattern No.4092 Pass[0m, R-type MULT, lat =   9
[38;5;121mPattern No.4093 Pass[0m, R-type ADD,  lat =   9
[38;5;121mPattern No.4094 Pass[0m, R-type ADD,  lat =   9
[38;5;121mPattern No.4095 Pass[0m, I-type ORI,  lat =   9
[38;5;121mPattern No.4096 Pass[0m, I-type ADDI, lat =   9
[38;5;121mPattern No.4097 Pass[0m, I-type ADDI, lat =   9
[38;5;121mPattern No.4098 Pass[0m, R-type OR,   lat =   9
[38;5;121mPattern No.4099 Pass[0m, I-type ADDI, lat =   9
[38;5;121mPattern No.4100 Pass[0m, R-type MULT, lat =   9
[38;5;121mPattern No.4101 Pass[0m, R-type DIV,  lat =   9
[38;5;121mPattern No.4102 Pass[0m, R-type MULT, lat =   9
[38;5;121mPattern No.4103 Pass[0m, R-type OR,   lat =   9
[38;5;121mPattern No.4104 Pass[0m, R-type OR,   lat =   9
[38;5;121mPattern No.4105 Pass[0m, R-type SLA,  lat =   9
[38;5;121mPattern No.4106 Pass[0m, R-type SRA,  lat =   9
[38;5;121mPattern No.4107 Pass[0m, I-type ADDI, lat =   9
[38;5;121mPattern No.4108 Pass[0m, R-type ADD,  lat =   9
[38;5;121mPattern No.4109 Pass[0m, R-type ADD,  lat =   9
[38;5;121mPattern No.4110 Pass[0m, R-type MULT, lat =   9
[38;5;121mPattern No.4111 Pass[0m, I-type ORI,  lat =   9
[38;5;121mPattern No.4112 Pass[0m, R-type SLA,  lat =   9
[38;5;121mPattern No.4113 Pass[0m, Bad Ins.,    lat =   9
[38;5;121mPattern No.4114 Pass[0m, R-type ADD,  lat =   9
[38;5;121mPattern No.4116 Pass[0m, R-type SLA,  lat =   9
[38;5;121mPattern No.4117 Pass[0m, Bad Ins.,    lat =   9
[38;5;121mPattern No.4118 Pass[0m, I-type ADDI, lat =   9
[38;5;121mPattern No.4119 Pass[0m, R-type OR,   lat =   9
[38;5;121mPattern No.4120 Pass[0m, R-type OR,   lat =   9
[38;5;121mPattern No.4121 Pass[0m, R-type DIV,  lat =   9
[38;5;121mPattern No.4122 Pass[0m, R-type ADD,  lat =   9
[38;5;121mPattern No.4123 Pass[0m, I-type ADDI, lat =   9
[38;5;121mPattern No.4124 Pass[0m, R-type DIV,  lat =   9
[38;5;121mPattern No.4125 Pass[0m, I-type ORI,  lat =   9
[38;5;121mPattern No.4126 Pass[0m, I-type ORI,  lat =  11
[38;5;121mPattern No.4127 Pass[0m, R-type DIV,  lat =  11
[38;5;121mPattern No.4128 Pass[0m, R-type DIV,  lat =  12
[38;5;121mPattern No.4129 Pass[0m, R-type ADD,  lat =   9
[38;5;121mPattern No.4130 Pass[0m, R-type DIV,  lat =   9
[38;5;121mPattern No.4131 Pass[0m, R-type SLA,  lat =  11
[38;5;121mPattern No.4132 Pass[0m, R-type ADD,  lat =  11
[38;5;121mPattern No.4133 Pass[0m, R-type SLA,  lat =  12
[38;5;121mPattern No.4134 Pass[0m, I-type ADDI, lat =   9
[38;5;121mPattern No.4135 Pass[0m, R-type SLA,  lat =   9
[38;5;121mPattern No.4136 Pass[0m, R-type SRA,  lat =   9
[38;5;121mPattern No.4137 Pass[0m, R-type MULT, lat =   9
[38;5;121mPattern No.4138 Pass[0m, R-type MULT, lat =   9
[38;5;121mPattern No.4139 Pass[0m, R-type DIV,  lat =   9
[38;5;121mPattern No.4140 Pass[0m, R-type MULT, lat =   9
[38;5;121mPattern No.4141 Pass[0m, I-type ORI,  lat =   9
[38;5;121mPattern No.4142 Pass[0m, I-type ORI,  lat =   9
[38;5;121mPattern No.4143 Pass[0m, R-type OR,   lat =   9
[38;5;121mPattern No.4144 Pass[0m, R-type SLA,  lat =   9
[38;5;121mPattern No.4145 Pass[0m, I-type ADDI, lat =   9
[38;5;121mPattern No.4146 Pass[0m, I-type ORI,  lat =   9
[38;5;121mPattern No.4147 Pass[0m, R-type SLA,  lat =   9
[38;5;121mPattern No.4148 Pass[0m, R-type ADD,  lat =   9
[38;5;121mPattern No.4149 Pass[0m, R-type SLA,  lat =   9
[38;5;121mPattern No.4150 Pass[0m, R-type SRA,  lat =   9
[38;5;121mPattern No.4151 Pass[0m, R-type DIV,  lat =   9
[38;5;121mPattern No.4152 Pass[0m, R-type OR,   lat =   9
[38;5;121mPattern No.4153 Pass[0m, R-type SLA,  lat =   9
[38;5;121mPattern No.4154 Pass[0m, R-type ADD,  lat =   9
[38;5;121mPattern No.4155 Pass[0m, I-type ORI,  lat =   9
[38;5;121mPattern No.4156 Pass[0m, I-type ORI,  lat =   9
[38;5;121mPattern No.4157 Pass[0m, R-type MULT, lat =   9
[38;5;121mPattern No.4158 Pass[0m, R-type OR,   lat =   9
[38;5;121mPattern No.4159 Pass[0m, R-type SRA,  lat =   9
[38;5;121mPattern No.4160 Pass[0m, R-type MULT, lat =   9
[38;5;121mPattern No.4161 Pass[0m, R-type SRA,  lat =   9
[38;5;121mPattern No.4162 Pass[0m, R-type SLA,  lat =   9
[38;5;121mPattern No.4163 Pass[0m, I-type ADDI, lat =   9
[38;5;121mPattern No.4164 Pass[0m, R-type OR,   lat =   9
[38;5;121mPattern No.4165 Pass[0m, I-type ADDI, lat =   9
[38;5;121mPattern No.4166 Pass[0m, R-type MULT, lat =   9
[38;5;121mPattern No.4167 Pass[0m, R-type DIV,  lat =   9
[38;5;121mPattern No.4168 Pass[0m, R-type SLA,  lat =   9
[38;5;121mPattern No.4169 Pass[0m, I-type ORI,  lat =   9
[38;5;121mPattern No.4170 Pass[0m, R-type SRA,  lat =   9
[38;5;121mPattern No.4171 Pass[0m, I-type ADDI, lat =   9
[38;5;121mPattern No.4172 Pass[0m, R-type MULT, lat =   9
[38;5;121mPattern No.4173 Pass[0m, R-type OR,   lat =   9
[38;5;121mPattern No.4174 Pass[0m, I-type ADDI, lat =   9
[38;5;121mPattern No.4175 Pass[0m, R-type MULT, lat =   9
[38;5;121mPattern No.4176 Pass[0m, R-type DIV,  lat =   9
[38;5;121mPattern No.4177 Pass[0m, R-type MULT, lat =   9
[38;5;121mPattern No.4178 Pass[0m, R-type MULT, lat =   9
[38;5;121mPattern No.4179 Pass[0m, R-type SLA,  lat =   9
[38;5;121mPattern No.4180 Pass[0m, R-type MULT, lat =   9
[38;5;121mPattern No.4181 Pass[0m, R-type MULT, lat =   9
[38;5;121mPattern No.4182 Pass[0m, R-type DIV,  lat =   9
[38;5;121mPattern No.4183 Pass[0m, Bad Ins.,    lat =   9
[38;5;121mPattern No.4184 Pass[0m, R-type SLA,  lat =   9
[38;5;121mPattern No.4185 Pass[0m, R-type DIV,  lat =   9
[38;5;121mPattern No.4186 Pass[0m, Bad Ins.,    lat =   9
[38;5;121mPattern No.4187 Pass[0m, R-type SLA,  lat =   9
[38;5;121mPattern No.4188 Pass[0m, R-type SLA,  lat =   9
[38;5;121mPattern No.4189 Pass[0m, R-type SRA,  lat =   9
[38;5;121mPattern No.4190 Pass[0m, R-type OR,   lat =   9
[38;5;121mPattern No.4191 Pass[0m, R-type SRA,  lat =   9
[38;5;121mPattern No.4192 Pass[0m, I-type ADDI, lat =   9
[38;5;121mPattern No.4193 Pass[0m, R-type SLA,  lat =   9
[38;5;121mPattern No.4194 Pass[0m, R-type MULT, lat =   9
[38;5;121mPattern No.4195 Pass[0m, R-type ADD,  lat =   9
[38;5;121mPattern No.4196 Pass[0m, I-type ORI,  lat =   9
[38;5;121mPattern No.4197 Pass[0m, I-type ORI,  lat =   9
[38;5;121mPattern No.4198 Pass[0m, I-type ORI,  lat =   9
[38;5;121mPattern No.4199 Pass[0m, R-type OR,   lat =   9
[38;5;121mPattern No.4200 Pass[0m, R-type SLA,  lat =   9
[38;5;121mPattern No.4201 Pass[0m, R-type DIV,  lat =   9
[38;5;121mPattern No.4202 Pass[0m, R-type OR,   lat =   9
[38;5;121mPattern No.4203 Pass[0m, R-type OR,   lat =   9
[38;5;121mPattern No.4204 Pass[0m, R-type ADD,  lat =   9
[38;5;121mPattern No.4205 Pass[0m, R-type DIV,  lat =   9
[38;5;121mPattern No.4206 Pass[0m, R-type MULT, lat =   9
[38;5;121mPattern No.4207 Pass[0m, I-type ADDI, lat =   9
[38;5;121mPattern No.4208 Pass[0m, R-type DIV,  lat =   9
[38;5;121mPattern No.4209 Pass[0m, R-type MULT, lat =   9
[38;5;121mPattern No.4210 Pass[0m, R-type MULT, lat =   9
[38;5;121mPattern No.4211 Pass[0m, R-type DIV,  lat =   9
[38;5;121mPattern No.4212 Pass[0m, R-type OR,   lat =   9
[38;5;121mPattern No.4213 Pass[0m, I-type ADDI, lat =   9
[38;5;121mPattern No.4214 Pass[0m, R-type SRA,  lat =   9
[38;5;121mPattern No.4215 Pass[0m, R-type SRA,  lat =   9
[38;5;121mPattern No.4216 Pass[0m, R-type SLA,  lat =   9
[38;5;121mPattern No.4217 Pass[0m, R-type SLA,  lat =   9
[38;5;121mPattern No.4218 Pass[0m, R-type SLA,  lat =   9
[38;5;121mPattern No.4219 Pass[0m, R-type MULT, lat =   9
[38;5;121mPattern No.4220 Pass[0m, I-type ORI,  lat =   9
[38;5;121mPattern No.4221 Pass[0m, R-type ADD,  lat =   9
[38;5;121mPattern No.4222 Pass[0m, R-type ADD,  lat =   9
[38;5;121mPattern No.4223 Pass[0m, R-type DIV,  lat =   9
[38;5;121mPattern No.4224 Pass[0m, R-type SLA,  lat =   9
[38;5;121mPattern No.4226 Pass[0m, R-type ADD,  lat =   9
[38;5;121mPattern No.4227 Pass[0m, I-type ORI,  lat =   9
[38;5;121mPattern No.4228 Pass[0m, I-type ORI,  lat =   9
[38;5;121mPattern No.4229 Pass[0m, R-type SLA,  lat =   9
[38;5;121mPattern No.4230 Pass[0m, R-type MULT, lat =   9
[38;5;121mPattern No.4231 Pass[0m, I-type ORI,  lat =   9
[38;5;121mPattern No.4232 Pass[0m, R-type SLA,  lat =   9
[38;5;121mPattern No.4233 Pass[0m, R-type DIV,  lat =   9
[38;5;121mPattern No.4234 Pass[0m, R-type SLA,  lat =   9
[38;5;121mPattern No.4235 Pass[0m, I-type ADDI, lat =   9
[38;5;121mPattern No.4236 Pass[0m, R-type OR,   lat =   9
[38;5;121mPattern No.4237 Pass[0m, R-type SLA,  lat =   9
[38;5;121mPattern No.4238 Pass[0m, R-type SLA,  lat =   9
[38;5;121mPattern No.4239 Pass[0m, I-type ORI,  lat =   9
[38;5;121mPattern No.4240 Pass[0m, R-type MULT, lat =   9
[38;5;121mPattern No.4241 Pass[0m, I-type ORI,  lat =   9
[38;5;121mPattern No.4242 Pass[0m, R-type SLA,  lat =   9
[38;5;121mPattern No.4243 Pass[0m, R-type MULT, lat =   9
[38;5;121mPattern No.4244 Pass[0m, R-type SRA,  lat =   9
[38;5;121mPattern No.4245 Pass[0m, R-type MULT, lat =   9
[38;5;121mPattern No.4246 Pass[0m, R-type DIV,  lat =   9
[38;5;121mPattern No.4247 Pass[0m, R-type OR,   lat =   9
[38;5;121mPattern No.4248 Pass[0m, R-type ADD,  lat =   9
[38;5;121mPattern No.4249 Pass[0m, R-type ADD,  lat =   9
[38;5;121mPattern No.4250 Pass[0m, I-type ADDI, lat =   9
[38;5;121mPattern No.4251 Pass[0m, R-type SLA,  lat =   9
[38;5;121mPattern No.4252 Pass[0m, I-type ADDI, lat =   9
[38;5;121mPattern No.4253 Pass[0m, R-type ADD,  lat =   9
[38;5;121mPattern No.4254 Pass[0m, R-type MULT, lat =   9
[38;5;121mPattern No.4255 Pass[0m, I-type ADDI, lat =   9
[38;5;121mPattern No.4256 Pass[0m, R-type MULT, lat =   9
[38;5;121mPattern No.4257 Pass[0m, R-type SRA,  lat =   9
[38;5;121mPattern No.4258 Pass[0m, R-type ADD,  lat =   9
[38;5;121mPattern No.4259 Pass[0m, R-type DIV,  lat =   9
[38;5;121mPattern No.4260 Pass[0m, I-type ORI,  lat =   9
[38;5;121mPattern No.4261 Pass[0m, R-type ADD,  lat =   9
[38;5;121mPattern No.4262 Pass[0m, R-type ADD,  lat =   9
[38;5;121mPattern No.4263 Pass[0m, R-type SRA,  lat =   9
[38;5;121mPattern No.4264 Pass[0m, I-type ORI,  lat =   9
[38;5;121mPattern No.4265 Pass[0m, I-type ADDI, lat =  10
[38;5;121mPattern No.4266 Pass[0m, R-type OR,   lat =  10
[38;5;121mPattern No.4267 Pass[0m, I-type ADDI, lat =  11
[38;5;121mPattern No.4268 Pass[0m, R-type ADD,  lat =   9
[38;5;121mPattern No.4269 Pass[0m, R-type OR,   lat =   9
[38;5;121mPattern No.4270 Pass[0m, R-type DIV,  lat =   9
[38;5;121mPattern No.4271 Pass[0m, R-type OR,   lat =   9
[38;5;121mPattern No.4272 Pass[0m, I-type ORI,  lat =   9
[38;5;121mPattern No.4273 Pass[0m, R-type OR,   lat =   9
[38;5;121mPattern No.4274 Pass[0m, R-type SLA,  lat =   9
[38;5;121mPattern No.4275 Pass[0m, R-type SLA,  lat =   9
[38;5;121mPattern No.4276 Pass[0m, R-type MULT, lat =   9
[38;5;121mPattern No.4277 Pass[0m, R-type SRA,  lat =   9
[38;5;121mPattern No.4278 Pass[0m, R-type DIV,  lat =   9
[38;5;121mPattern No.4279 Pass[0m, I-type ADDI, lat =   9
[38;5;121mPattern No.4280 Pass[0m, R-type DIV,  lat =   9
[38;5;121mPattern No.4281 Pass[0m, R-type SRA,  lat =   9
[38;5;121mPattern No.4282 Pass[0m, R-type DIV,  lat =   9
[38;5;121mPattern No.4283 Pass[0m, R-type SRA,  lat =   9
[38;5;121mPattern No.4284 Pass[0m, R-type OR,   lat =   9
[38;5;121mPattern No.4285 Pass[0m, R-type MULT, lat =   9
[38;5;121mPattern No.4286 Pass[0m, I-type ADDI, lat =   9
[38;5;121mPattern No.4287 Pass[0m, R-type MULT, lat =   9
[38;5;121mPattern No.4288 Pass[0m, R-type SRA,  lat =   9
[38;5;121mPattern No.4289 Pass[0m, R-type DIV,  lat =   9
[38;5;121mPattern No.4290 Pass[0m, R-type MULT, lat =   9
[38;5;121mPattern No.4291 Pass[0m, I-type ADDI, lat =   9
[38;5;121mPattern No.4292 Pass[0m, I-type ADDI, lat =   9
[38;5;121mPattern No.4293 Pass[0m, R-type SLA,  lat =   9
[38;5;121mPattern No.4294 Pass[0m, R-type MULT, lat =  11
[38;5;121mPattern No.4295 Pass[0m, R-type ADD,  lat =  11
[38;5;121mPattern No.4296 Pass[0m, R-type ADD,  lat =  12
[38;5;121mPattern No.4297 Pass[0m, R-type SLA,  lat =   9
[38;5;121mPattern No.4298 Pass[0m, I-type ORI,  lat =   9
[38;5;121mPattern No.4299 Pass[0m, R-type ADD,  lat =   9
[38;5;121mPattern No.4300 Pass[0m, R-type SRA,  lat =   9
[38;5;121mPattern No.4301 Pass[0m, R-type ADD,  lat =   9
[38;5;121mPattern No.4302 Pass[0m, I-type ORI,  lat =   9
[38;5;121mPattern No.4303 Pass[0m, R-type ADD,  lat =   9
[38;5;121mPattern No.4304 Pass[0m, I-type ORI,  lat =   9
[38;5;121mPattern No.4305 Pass[0m, R-type SLA,  lat =   9
[38;5;121mPattern No.4306 Pass[0m, R-type MULT, lat =   9
[38;5;121mPattern No.4307 Pass[0m, I-type ADDI, lat =   9
[38;5;121mPattern No.4308 Pass[0m, R-type SRA,  lat =   9
[38;5;121mPattern No.4309 Pass[0m, R-type ADD,  lat =   9
[38;5;121mPattern No.4310 Pass[0m, R-type MULT, lat =   9
[38;5;121mPattern No.4311 Pass[0m, R-type MULT, lat =   9
[38;5;121mPattern No.4312 Pass[0m, I-type ORI,  lat =   9
[38;5;121mPattern No.4313 Pass[0m, I-type ORI,  lat =   9
[38;5;121mPattern No.4314 Pass[0m, R-type OR,   lat =   9
[38;5;121mPattern No.4315 Pass[0m, R-type SRA,  lat =   9
[38;5;121mPattern No.4316 Pass[0m, R-type SRA,  lat =   9
[38;5;121mPattern No.4317 Pass[0m, R-type OR,   lat =   9
[38;5;121mPattern No.4318 Pass[0m, R-type SRA,  lat =   9
[38;5;121mPattern No.4319 Pass[0m, R-type OR,   lat =   9
[38;5;121mPattern No.4320 Pass[0m, R-type OR,   lat =   9
[38;5;121mPattern No.4321 Pass[0m, R-type SLA,  lat =   9
[38;5;121mPattern No.4322 Pass[0m, I-type ORI,  lat =   9
[38;5;121mPattern No.4323 Pass[0m, R-type ADD,  lat =   9
[38;5;121mPattern No.4324 Pass[0m, R-type SRA,  lat =   9
[38;5;121mPattern No.4325 Pass[0m, R-type SRA,  lat =   9
[38;5;121mPattern No.4326 Pass[0m, R-type ADD,  lat =   9
[38;5;121mPattern No.4327 Pass[0m, R-type OR,   lat =   9
[38;5;121mPattern No.4328 Pass[0m, R-type SRA,  lat =   9
[38;5;121mPattern No.4329 Pass[0m, I-type ADDI, lat =   9
[38;5;121mPattern No.4330 Pass[0m, R-type SLA,  lat =   9
[38;5;121mPattern No.4331 Pass[0m, R-type SRA,  lat =   9
[38;5;121mPattern No.4332 Pass[0m, R-type OR,   lat =   9
[38;5;121mPattern No.4333 Pass[0m, R-type MULT, lat =   9
[38;5;121mPattern No.4334 Pass[0m, R-type SLA,  lat =   9
[38;5;121mPattern No.4335 Pass[0m, R-type DIV,  lat =   9
[38;5;121mPattern No.4336 Pass[0m, R-type SLA,  lat =   9
[38;5;121mPattern No.4337 Pass[0m, R-type SLA,  lat =   9
[38;5;121mPattern No.4338 Pass[0m, R-type OR,   lat =   9
[38;5;121mPattern No.4339 Pass[0m, I-type ADDI, lat =   9
[38;5;121mPattern No.4340 Pass[0m, I-type ADDI, lat =   9
[38;5;121mPattern No.4341 Pass[0m, I-type ADDI, lat =   9
[38;5;121mPattern No.4342 Pass[0m, R-type SLA,  lat =   9
[38;5;121mPattern No.4343 Pass[0m, R-type OR,   lat =   9
[38;5;121mPattern No.4344 Pass[0m, R-type SLA,  lat =   9
[38;5;121mPattern No.4345 Pass[0m, R-type MULT, lat =   9
[38;5;121mPattern No.4346 Pass[0m, I-type ADDI, lat =   9
[38;5;121mPattern No.4347 Pass[0m, R-type SRA,  lat =   9
[38;5;121mPattern No.4348 Pass[0m, R-type ADD,  lat =   9
[38;5;121mPattern No.4349 Pass[0m, R-type DIV,  lat =   9
[38;5;121mPattern No.4350 Pass[0m, R-type MULT, lat =   9
[38;5;121mPattern No.4351 Pass[0m, I-type ORI,  lat =   9
[38;5;121mPattern No.4352 Pass[0m, I-type ORI,  lat =   9
[38;5;121mPattern No.4353 Pass[0m, I-type ORI,  lat =   9
[38;5;121mPattern No.4354 Pass[0m, R-type MULT, lat =   9
[38;5;121mPattern No.4355 Pass[0m, I-type ADDI, lat =   9
[38;5;121mPattern No.4356 Pass[0m, R-type SRA,  lat =   9
[38;5;121mPattern No.4357 Pass[0m, R-type ADD,  lat =   9
[38;5;121mPattern No.4358 Pass[0m, I-type ADDI, lat =   9
[38;5;121mPattern No.4359 Pass[0m, R-type DIV,  lat =   9
[38;5;121mPattern No.4360 Pass[0m, I-type ADDI, lat =   9
[38;5;121mPattern No.4361 Pass[0m, R-type DIV,  lat =   9
[38;5;121mPattern No.4362 Pass[0m, R-type MULT, lat =   9
[38;5;121mPattern No.4363 Pass[0m, R-type SLA,  lat =   9
[38;5;121mPattern No.4364 Pass[0m, R-type SRA,  lat =   9
[38;5;121mPattern No.4365 Pass[0m, I-type ADDI, lat =   9
[38;5;121mPattern No.4366 Pass[0m, I-type ADDI, lat =   9
[38;5;121mPattern No.4367 Pass[0m, I-type ADDI, lat =   9
[38;5;121mPattern No.4368 Pass[0m, R-type SRA,  lat =   9
[38;5;121mPattern No.4369 Pass[0m, R-type ADD,  lat =   9
[38;5;121mPattern No.4370 Pass[0m, R-type SRA,  lat =   9
[38;5;121mPattern No.4371 Pass[0m, R-type SLA,  lat =   9
[38;5;121mPattern No.4372 Pass[0m, I-type ADDI, lat =   9
[38;5;121mPattern No.4373 Pass[0m, R-type MULT, lat =   9
[38;5;121mPattern No.4374 Pass[0m, R-type SLA,  lat =   9
[38;5;121mPattern No.4375 Pass[0m, I-type ADDI, lat =   9
[38;5;121mPattern No.4376 Pass[0m, R-type OR,   lat =   9
[38;5;121mPattern No.4377 Pass[0m, R-type MULT, lat =   9
[38;5;121mPattern No.4378 Pass[0m, R-type SLA,  lat =   9
[38;5;121mPattern No.4379 Pass[0m, R-type DIV,  lat =   9
[38;5;121mPattern No.4380 Pass[0m, I-type ADDI, lat =   9
[38;5;121mPattern No.4381 Pass[0m, R-type DIV,  lat =   9
[38;5;121mPattern No.4382 Pass[0m, R-type SLA,  lat =   9
[38;5;121mPattern No.4383 Pass[0m, R-type MULT, lat =   9
[38;5;121mPattern No.4384 Pass[0m, R-type ADD,  lat =   9
[38;5;121mPattern No.4385 Pass[0m, R-type MULT, lat =  12
[38;5;121mPattern No.4386 Pass[0m, R-type DIV,  lat =  12
[38;5;121mPattern No.4387 Pass[0m, Bad Ins.,    lat =  13
[38;5;121mPattern No.4388 Pass[0m, I-type ADDI, lat =   9
[38;5;121mPattern No.4389 Pass[0m, R-type ADD,  lat =   9
[38;5;121mPattern No.4390 Pass[0m, I-type ORI,  lat =   9
[38;5;121mPattern No.4391 Pass[0m, I-type ADDI, lat =   9
[38;5;121mPattern No.4392 Pass[0m, R-type MULT, lat =   9
[38;5;121mPattern No.4393 Pass[0m, R-type ADD,  lat =   9
[38;5;121mPattern No.4394 Pass[0m, I-type ORI,  lat =   9
[38;5;121mPattern No.4395 Pass[0m, R-type OR,   lat =   9
[38;5;121mPattern No.4396 Pass[0m, R-type ADD,  lat =   9
[38;5;121mPattern No.4397 Pass[0m, R-type MULT, lat =   9
[38;5;121mPattern No.4399 Pass[0m, R-type DIV,  lat =   9
[38;5;121mPattern No.4400 Pass[0m, I-type ADDI, lat =   9
[38;5;121mPattern No.4401 Pass[0m, R-type OR,   lat =   9
[38;5;121mPattern No.4402 Pass[0m, R-type OR,   lat =   9
[38;5;121mPattern No.4403 Pass[0m, R-type MULT, lat =   9
[38;5;121mPattern No.4404 Pass[0m, R-type SLA,  lat =   9
[38;5;121mPattern No.4405 Pass[0m, R-type OR,   lat =   9
[38;5;121mPattern No.4406 Pass[0m, I-type ADDI, lat =   9
[38;5;121mPattern No.4407 Pass[0m, R-type MULT, lat =   9
[38;5;121mPattern No.4408 Pass[0m, R-type OR,   lat =   9
[38;5;121mPattern No.4409 Pass[0m, R-type SLA,  lat =   9
[38;5;121mPattern No.4410 Pass[0m, R-type ADD,  lat =   9
[38;5;121mPattern No.4411 Pass[0m, R-type MULT, lat =   9
[38;5;121mPattern No.4412 Pass[0m, R-type DIV,  lat =   9
[38;5;121mPattern No.4413 Pass[0m, R-type SRA,  lat =   9
[38;5;121mPattern No.4414 Pass[0m, R-type ADD,  lat =   9
[38;5;121mPattern No.4415 Pass[0m, R-type DIV,  lat =   9
[38;5;121mPattern No.4416 Pass[0m, I-type ORI,  lat =   9
[38;5;121mPattern No.4417 Pass[0m, I-type ADDI, lat =   9
[38;5;121mPattern No.4418 Pass[0m, R-type MULT, lat =   9
[38;5;121mPattern No.4419 Pass[0m, R-type OR,   lat =   9
[38;5;121mPattern No.4420 Pass[0m, R-type ADD,  lat =   9
[38;5;121mPattern No.4421 Pass[0m, R-type SRA,  lat =   9
[38;5;121mPattern No.4422 Pass[0m, R-type OR,   lat =   9
[38;5;121mPattern No.4423 Pass[0m, R-type SLA,  lat =   9
[38;5;121mPattern No.4424 Pass[0m, R-type SLA,  lat =   9
[38;5;121mPattern No.4425 Pass[0m, I-type ORI,  lat =   9
[38;5;121mPattern No.4426 Pass[0m, R-type DIV,  lat =   9
[38;5;121mPattern No.4427 Pass[0m, R-type MULT, lat =   9
[38;5;121mPattern No.4428 Pass[0m, R-type SLA,  lat =   9
[38;5;121mPattern No.4429 Pass[0m, R-type SLA,  lat =   9
[38;5;121mPattern No.4430 Pass[0m, R-type SLA,  lat =   9
[38;5;121mPattern No.4431 Pass[0m, R-type SLA,  lat =  11
[38;5;121mPattern No.4432 Pass[0m, I-type ADDI, lat =  11
[38;5;121mPattern No.4433 Pass[0m, R-type MULT, lat =  12
[38;5;121mPattern No.4434 Pass[0m, R-type ADD,  lat =   9
[38;5;121mPattern No.4435 Pass[0m, I-type ORI,  lat =   9
[38;5;121mPattern No.4436 Pass[0m, R-type SLA,  lat =   9
[38;5;121mPattern No.4437 Pass[0m, R-type SRA,  lat =   9
[38;5;121mPattern No.4438 Pass[0m, R-type SRA,  lat =   9
[38;5;121mPattern No.4439 Pass[0m, R-type SLA,  lat =   9
[38;5;121mPattern No.4440 Pass[0m, Bad Ins.,    lat =   9
[38;5;121mPattern No.4441 Pass[0m, I-type ORI,  lat =   9
[38;5;121mPattern No.4442 Pass[0m, R-type SLA,  lat =   9
[38;5;121mPattern No.4443 Pass[0m, R-type MULT, lat =   9
[38;5;121mPattern No.4444 Pass[0m, R-type OR,   lat =   9
[38;5;121mPattern No.4445 Pass[0m, R-type ADD,  lat =   9
[38;5;121mPattern No.4446 Pass[0m, R-type MULT, lat =   9
[38;5;121mPattern No.4447 Pass[0m, R-type MULT, lat =   9
[38;5;121mPattern No.4448 Pass[0m, R-type SLA,  lat =   9
[38;5;121mPattern No.4449 Pass[0m, R-type SLA,  lat =   9
[38;5;121mPattern No.4450 Pass[0m, I-type ADDI, lat =   9
[38;5;121mPattern No.4451 Pass[0m, I-type ADDI, lat =   9
[38;5;121mPattern No.4452 Pass[0m, R-type SRA,  lat =   9
[38;5;121mPattern No.4453 Pass[0m, R-type MULT, lat =   9
[38;5;121mPattern No.4454 Pass[0m, R-type OR,   lat =   9
[38;5;121mPattern No.4455 Pass[0m, I-type ADDI, lat =   9
[38;5;121mPattern No.4456 Pass[0m, R-type MULT, lat =   9
[38;5;121mPattern No.4457 Pass[0m, R-type DIV,  lat =   9
[38;5;121mPattern No.4458 Pass[0m, R-type OR,   lat =   9
[38;5;121mPattern No.4459 Pass[0m, R-type SRA,  lat =   9
[38;5;121mPattern No.4460 Pass[0m, I-type ORI,  lat =   9
[38;5;121mPattern No.4461 Pass[0m, R-type DIV,  lat =   9
[38;5;121mPattern No.4462 Pass[0m, R-type SLA,  lat =   9
[38;5;121mPattern No.4463 Pass[0m, R-type MULT, lat =   9
[38;5;121mPattern No.4464 Pass[0m, R-type SLA,  lat =   9
[38;5;121mPattern No.4465 Pass[0m, R-type SLA,  lat =  12
[38;5;121mPattern No.4466 Pass[0m, R-type MULT, lat =  12
[38;5;121mPattern No.4467 Pass[0m, R-type OR,   lat =  13
[38;5;121mPattern No.4468 Pass[0m, R-type SLA,  lat =   9
[38;5;121mPattern No.4469 Pass[0m, R-type MULT, lat =   9
[38;5;121mPattern No.4470 Pass[0m, R-type DIV,  lat =   9
[38;5;121mPattern No.4471 Pass[0m, R-type DIV,  lat =   9
[38;5;121mPattern No.4472 Pass[0m, R-type MULT, lat =   9
[38;5;121mPattern No.4473 Pass[0m, I-type ADDI, lat =   9
[38;5;121mPattern No.4474 Pass[0m, R-type DIV,  lat =  12
[38;5;121mPattern No.4475 Pass[0m, I-type ORI,  lat =  12
[38;5;121mPattern No.4476 Pass[0m, R-type DIV,  lat =  13
[38;5;121mPattern No.4477 Pass[0m, R-type MULT, lat =   9
[38;5;121mPattern No.4478 Pass[0m, R-type MULT, lat =   9
[38;5;121mPattern No.4479 Pass[0m, I-type ADDI, lat =  10
[38;5;121mPattern No.4480 Pass[0m, R-type SLA,  lat =  10
[38;5;121mPattern No.4481 Pass[0m, R-type DIV,  lat =  11
[38;5;121mPattern No.4482 Pass[0m, R-type ADD,  lat =   9
[38;5;121mPattern No.4483 Pass[0m, R-type MULT, lat =   9
[38;5;121mPattern No.4484 Pass[0m, R-type MULT, lat =   9
[38;5;121mPattern No.4485 Pass[0m, R-type SLA,  lat =   9
[38;5;121mPattern No.4486 Pass[0m, R-type SLA,  lat =   9
[38;5;121mPattern No.4487 Pass[0m, R-type OR,   lat =   9
[38;5;121mPattern No.4488 Pass[0m, R-type MULT, lat =   9
[38;5;121mPattern No.4489 Pass[0m, R-type SRA,  lat =   9
[38;5;121mPattern No.4490 Pass[0m, I-type ORI,  lat =   9
[38;5;121mPattern No.4491 Pass[0m, R-type SRA,  lat =   9
[38;5;121mPattern No.4492 Pass[0m, I-type ADDI, lat =   9
[38;5;121mPattern No.4493 Pass[0m, I-type ADDI, lat =   9
[38;5;121mPattern No.4494 Pass[0m, R-type ADD,  lat =   9
[38;5;121mPattern No.4495 Pass[0m, R-type SLA,  lat =   9
[38;5;121mPattern No.4496 Pass[0m, R-type DIV,  lat =   9
[38;5;121mPattern No.4497 Pass[0m, R-type SRA,  lat =   9
[38;5;121mPattern No.4498 Pass[0m, R-type SRA,  lat =   9
[38;5;121mPattern No.4499 Pass[0m, R-type SLA,  lat =   9
[38;5;121mPattern No.4500 Pass[0m, R-type DIV,  lat =   9
[38;5;121mPattern No.4501 Pass[0m, I-type ORI,  lat =   9
[38;5;121mPattern No.4502 Pass[0m, R-type MULT, lat =   9
[38;5;121mPattern No.4503 Pass[0m, R-type OR,   lat =   9
[38;5;121mPattern No.4504 Pass[0m, R-type SLA,  lat =   9
[38;5;121mPattern No.4505 Pass[0m, R-type ADD,  lat =   9
[38;5;121mPattern No.4506 Pass[0m, R-type SRA,  lat =   9
[38;5;121mPattern No.4507 Pass[0m, R-type DIV,  lat =   9
[38;5;121mPattern No.4508 Pass[0m, R-type ADD,  lat =   9
[38;5;121mPattern No.4509 Pass[0m, R-type MULT, lat =   9
[38;5;121mPattern No.4510 Pass[0m, R-type SLA,  lat =   9
[38;5;121mPattern No.4511 Pass[0m, R-type ADD,  lat =   9
[38;5;121mPattern No.4512 Pass[0m, I-type ORI,  lat =   9
[38;5;121mPattern No.4513 Pass[0m, I-type ADDI, lat =   9
[38;5;121mPattern No.4514 Pass[0m, R-type SLA,  lat =   9
[38;5;121mPattern No.4515 Pass[0m, I-type ORI,  lat =   9
[38;5;121mPattern No.4516 Pass[0m, R-type SLA,  lat =   9
[38;5;121mPattern No.4517 Pass[0m, R-type ADD,  lat =   9
[38;5;121mPattern No.4518 Pass[0m, I-type ADDI, lat =   9
[38;5;121mPattern No.4519 Pass[0m, R-type SRA,  lat =   9
[38;5;121mPattern No.4520 Pass[0m, R-type ADD,  lat =   9
[38;5;121mPattern No.4521 Pass[0m, I-type ADDI, lat =   9
[38;5;121mPattern No.4522 Pass[0m, R-type OR,   lat =   9
[38;5;121mPattern No.4523 Pass[0m, R-type SLA,  lat =   9
[38;5;121mPattern No.4524 Pass[0m, R-type DIV,  lat =   9
[38;5;121mPattern No.4525 Pass[0m, R-type MULT, lat =   9
[38;5;121mPattern No.4526 Pass[0m, R-type DIV,  lat =   9
[38;5;121mPattern No.4527 Pass[0m, I-type ORI,  lat =   9
[38;5;121mPattern No.4528 Pass[0m, I-type ORI,  lat =   9
[38;5;121mPattern No.4529 Pass[0m, I-type ORI,  lat =   9
[38;5;121mPattern No.4530 Pass[0m, R-type DIV,  lat =   9
[38;5;121mPattern No.4531 Pass[0m, R-type ADD,  lat =   9
[38;5;121mPattern No.4532 Pass[0m, R-type SRA,  lat =   9
[38;5;121mPattern No.4533 Pass[0m, R-type SLA,  lat =   9
[38;5;121mPattern No.4534 Pass[0m, R-type ADD,  lat =   9
[38;5;121mPattern No.4535 Pass[0m, I-type ORI,  lat =   9
[38;5;121mPattern No.4536 Pass[0m, R-type SRA,  lat =   9
[38;5;121mPattern No.4537 Pass[0m, I-type ADDI, lat =   9
[38;5;121mPattern No.4538 Pass[0m, R-type ADD,  lat =   9
[38;5;121mPattern No.4539 Pass[0m, I-type ADDI, lat =   9
[38;5;121mPattern No.4540 Pass[0m, R-type MULT, lat =   9
[38;5;121mPattern No.4541 Pass[0m, I-type ORI,  lat =   9
[38;5;121mPattern No.4542 Pass[0m, I-type ADDI, lat =   9
[38;5;121mPattern No.4543 Pass[0m, R-type MULT, lat =   9
[38;5;121mPattern No.4544 Pass[0m, I-type ORI,  lat =   9
[38;5;121mPattern No.4545 Pass[0m, R-type SRA,  lat =   9
[38;5;121mPattern No.4546 Pass[0m, I-type ADDI, lat =   9
[38;5;121mPattern No.4547 Pass[0m, I-type ADDI, lat =   9
[38;5;121mPattern No.4548 Pass[0m, R-type SRA,  lat =   9
[38;5;121mPattern No.4549 Pass[0m, R-type DIV,  lat =   9
[38;5;121mPattern No.4550 Pass[0m, R-type SLA,  lat =   9
[38;5;121mPattern No.4551 Pass[0m, R-type SRA,  lat =   9
[38;5;121mPattern No.4552 Pass[0m, R-type MULT, lat =   9
[38;5;121mPattern No.4553 Pass[0m, R-type OR,   lat =   9
[38;5;121mPattern No.4554 Pass[0m, I-type ORI,  lat =   9
[38;5;121mPattern No.4555 Pass[0m, R-type ADD,  lat =   9
[38;5;121mPattern No.4556 Pass[0m, Bad Ins.,    lat =   9
[38;5;121mPattern No.4557 Pass[0m, I-type ADDI, lat =   9
[38;5;121mPattern No.4559 Pass[0m, R-type DIV,  lat =   9
[38;5;121mPattern No.4560 Pass[0m, R-type DIV,  lat =   9
[38;5;121mPattern No.4561 Pass[0m, R-type SRA,  lat =   9
[38;5;121mPattern No.4562 Pass[0m, Bad Ins.,    lat =   9
[38;5;121mPattern No.4563 Pass[0m, R-type SRA,  lat =   9
[38;5;121mPattern No.4564 Pass[0m, R-type DIV,  lat =   9
[38;5;121mPattern No.4565 Pass[0m, R-type SLA,  lat =   9
[38;5;121mPattern No.4566 Pass[0m, I-type ADDI, lat =   9
[38;5;121mPattern No.4567 Pass[0m, I-type ORI,  lat =   9
[38;5;121mPattern No.4568 Pass[0m, I-type ADDI, lat =   9
[38;5;121mPattern No.4569 Pass[0m, R-type SRA,  lat =  11
[38;5;121mPattern No.4570 Pass[0m, R-type OR,   lat =  11
[38;5;121mPattern No.4571 Pass[0m, I-type ADDI, lat =  12
[38;5;121mPattern No.4572 Pass[0m, R-type ADD,  lat =   9
[38;5;121mPattern No.4573 Pass[0m, R-type DIV,  lat =   9
[38;5;121mPattern No.4574 Pass[0m, R-type OR,   lat =   9
[38;5;121mPattern No.4576 Pass[0m, R-type DIV,  lat =   9
[38;5;121mPattern No.4578 Pass[0m, R-type MULT, lat =  11
[38;5;121mPattern No.4579 Pass[0m, R-type ADD,  lat =  11
[38;5;121mPattern No.4580 Pass[0m, R-type SLA,  lat =  12
[38;5;121mPattern No.4581 Pass[0m, R-type DIV,  lat =   9
[38;5;121mPattern No.4582 Pass[0m, R-type OR,   lat =   9
[38;5;121mPattern No.4583 Pass[0m, R-type MULT, lat =   9
[38;5;121mPattern No.4584 Pass[0m, Bad Ins.,    lat =   9
[38;5;121mPattern No.4585 Pass[0m, R-type SLA,  lat =   9
[38;5;121mPattern No.4586 Pass[0m, I-type ADDI, lat =   9
[38;5;121mPattern No.4587 Pass[0m, R-type DIV,  lat =   9
[38;5;121mPattern No.4588 Pass[0m, R-type OR,   lat =   9
[38;5;121mPattern No.4589 Pass[0m, R-type ADD,  lat =   9
[38;5;121mPattern No.4590 Pass[0m, R-type DIV,  lat =   9
[38;5;121mPattern No.4591 Pass[0m, I-type ORI,  lat =   9
[38;5;121mPattern No.4592 Pass[0m, R-type SLA,  lat =   9
[38;5;121mPattern No.4593 Pass[0m, R-type MULT, lat =   9
[38;5;121mPattern No.4594 Pass[0m, R-type DIV,  lat =   9
[38;5;121mPattern No.4595 Pass[0m, I-type ADDI, lat =   9
[38;5;121mPattern No.4596 Pass[0m, I-type ADDI, lat =   9
[38;5;121mPattern No.4597 Pass[0m, R-type OR,   lat =   9
[38;5;121mPattern No.4598 Pass[0m, I-type ORI,  lat =   9
[38;5;121mPattern No.4599 Pass[0m, R-type ADD,  lat =   9
[38;5;121mPattern No.4600 Pass[0m, I-type ADDI, lat =   9
[38;5;121mPattern No.4601 Pass[0m, R-type ADD,  lat =   9
[38;5;121mPattern No.4602 Pass[0m, R-type SLA,  lat =   9
[38;5;121mPattern No.4603 Pass[0m, R-type MULT, lat =   9
[38;5;121mPattern No.4604 Pass[0m, R-type OR,   lat =   9
[38;5;121mPattern No.4605 Pass[0m, R-type SRA,  lat =   9
[38;5;121mPattern No.4606 Pass[0m, R-type SLA,  lat =   9
[38;5;121mPattern No.4607 Pass[0m, I-type ORI,  lat =   9
[38;5;121mPattern No.4608 Pass[0m, R-type ADD,  lat =   9
[38;5;121mPattern No.4609 Pass[0m, I-type ADDI, lat =   9
[38;5;121mPattern No.4610 Pass[0m, R-type SLA,  lat =   9
[38;5;121mPattern No.4611 Pass[0m, I-type ADDI, lat =   9
[38;5;121mPattern No.4612 Pass[0m, R-type MULT, lat =   9
[38;5;121mPattern No.4613 Pass[0m, R-type DIV,  lat =   9
[38;5;121mPattern No.4614 Pass[0m, R-type ADD,  lat =   9
[38;5;121mPattern No.4615 Pass[0m, I-type ORI,  lat =   9
[38;5;121mPattern No.4616 Pass[0m, R-type MULT, lat =   9
[38;5;121mPattern No.4617 Pass[0m, R-type SLA,  lat =   9
[38;5;121mPattern No.4618 Pass[0m, I-type ADDI, lat =   9
[38;5;121mPattern No.4619 Pass[0m, Bad Ins.,    lat =   9
[38;5;121mPattern No.4620 Pass[0m, R-type SRA,  lat =   9
[38;5;121mPattern No.4621 Pass[0m, R-type DIV,  lat =   9
[38;5;121mPattern No.4622 Pass[0m, R-type ADD,  lat =   9
[38;5;121mPattern No.4623 Pass[0m, R-type DIV,  lat =   9
[38;5;121mPattern No.4624 Pass[0m, R-type OR,   lat =   9
[38;5;121mPattern No.4625 Pass[0m, I-type ORI,  lat =   9
[38;5;121mPattern No.4626 Pass[0m, R-type ADD,  lat =   9
[38;5;121mPattern No.4627 Pass[0m, R-type OR,   lat =   9
[38;5;121mPattern No.4628 Pass[0m, R-type ADD,  lat =   9
[38;5;121mPattern No.4629 Pass[0m, R-type SLA,  lat =   9
[38;5;121mPattern No.4630 Pass[0m, I-type ADDI, lat =   9
[38;5;121mPattern No.4631 Pass[0m, R-type MULT, lat =   9
[38;5;121mPattern No.4632 Pass[0m, I-type ORI,  lat =   9
[38;5;121mPattern No.4633 Pass[0m, R-type SLA,  lat =   9
[38;5;121mPattern No.4634 Pass[0m, I-type ORI,  lat =   9
[38;5;121mPattern No.4635 Pass[0m, I-type ORI,  lat =   9
[38;5;121mPattern No.4636 Pass[0m, I-type ORI,  lat =   9
[38;5;121mPattern No.4637 Pass[0m, I-type ORI,  lat =   9
[38;5;121mPattern No.4638 Pass[0m, R-type MULT, lat =   9
[38;5;121mPattern No.4639 Pass[0m, I-type ADDI, lat =   9
[38;5;121mPattern No.4640 Pass[0m, R-type DIV,  lat =   9
[38;5;121mPattern No.4641 Pass[0m, R-type MULT, lat =   9
[38;5;121mPattern No.4642 Pass[0m, R-type DIV,  lat =   9
[38;5;121mPattern No.4643 Pass[0m, R-type ADD,  lat =   9
[38;5;121mPattern No.4644 Pass[0m, I-type ORI,  lat =  12
[38;5;121mPattern No.4645 Pass[0m, I-type ADDI, lat =  12
[38;5;121mPattern No.4646 Pass[0m, I-type ORI,  lat =  13
[38;5;121mPattern No.4647 Pass[0m, I-type ORI,  lat =   9
[38;5;121mPattern No.4648 Pass[0m, R-type MULT, lat =   9
[38;5;121mPattern No.4649 Pass[0m, R-type SRA,  lat =   9
[38;5;121mPattern No.4650 Pass[0m, R-type MULT, lat =   9
[38;5;121mPattern No.4651 Pass[0m, R-type SRA,  lat =   9
[38;5;121mPattern No.4652 Pass[0m, R-type MULT, lat =   9
[38;5;121mPattern No.4653 Pass[0m, R-type MULT, lat =   9
[38;5;121mPattern No.4654 Pass[0m, R-type DIV,  lat =   9
[38;5;121mPattern No.4655 Pass[0m, R-type SLA,  lat =   9
[38;5;121mPattern No.4656 Pass[0m, R-type OR,   lat =   9
[38;5;121mPattern No.4657 Pass[0m, R-type MULT, lat =   9
[38;5;121mPattern No.4658 Pass[0m, R-type SRA,  lat =   9
[38;5;121mPattern No.4659 Pass[0m, R-type OR,   lat =  11
[38;5;121mPattern No.4660 Pass[0m, R-type DIV,  lat =  11
[38;5;121mPattern No.4661 Pass[0m, R-type MULT, lat =  12
[38;5;121mPattern No.4662 Pass[0m, R-type OR,   lat =   9
[38;5;121mPattern No.4663 Pass[0m, R-type ADD,  lat =   9
[38;5;121mPattern No.4664 Pass[0m, R-type OR,   lat =   9
[38;5;121mPattern No.4665 Pass[0m, R-type ADD,  lat =   9
[38;5;121mPattern No.4666 Pass[0m, R-type MULT, lat =   9
[38;5;121mPattern No.4667 Pass[0m, R-type SLA,  lat =   9
[38;5;121mPattern No.4668 Pass[0m, I-type ORI,  lat =   9
[38;5;121mPattern No.4669 Pass[0m, I-type ADDI, lat =   9
[38;5;121mPattern No.4670 Pass[0m, R-type OR,   lat =   9
[38;5;121mPattern No.4671 Pass[0m, R-type DIV,  lat =   9
[38;5;121mPattern No.4672 Pass[0m, R-type SRA,  lat =   9
[38;5;121mPattern No.4673 Pass[0m, R-type DIV,  lat =   9
[38;5;121mPattern No.4674 Pass[0m, I-type ADDI, lat =   9
[38;5;121mPattern No.4675 Pass[0m, R-type SLA,  lat =   9
[38;5;121mPattern No.4676 Pass[0m, R-type DIV,  lat =  11
[38;5;121mPattern No.4677 Pass[0m, R-type MULT, lat =  11
[38;5;121mPattern No.4678 Pass[0m, R-type SLA,  lat =  12
[38;5;121mPattern No.4679 Pass[0m, R-type OR,   lat =   9
[38;5;121mPattern No.4680 Pass[0m, R-type ADD,  lat =   9
[38;5;121mPattern No.4681 Pass[0m, R-type SLA,  lat =   9
[38;5;121mPattern No.4682 Pass[0m, R-type SRA,  lat =   9
[38;5;121mPattern No.4684 Pass[0m, Bad Ins.,    lat =   9
[38;5;121mPattern No.4685 Pass[0m, I-type ORI,  lat =   9
[38;5;121mPattern No.4686 Pass[0m, R-type MULT, lat =   9
[38;5;121mPattern No.4687 Pass[0m, R-type ADD,  lat =   9
[38;5;121mPattern No.4688 Pass[0m, R-type SLA,  lat =   9
[38;5;121mPattern No.4689 Pass[0m, I-type ORI,  lat =   9
[38;5;121mPattern No.4690 Pass[0m, I-type ADDI, lat =   9
[38;5;121mPattern No.4691 Pass[0m, R-type DIV,  lat =   9
[38;5;121mPattern No.4692 Pass[0m, R-type ADD,  lat =   9
[38;5;121mPattern No.4693 Pass[0m, I-type ORI,  lat =   9
[38;5;121mPattern No.4694 Pass[0m, R-type ADD,  lat =   9
[38;5;121mPattern No.4695 Pass[0m, R-type MULT, lat =   9
[38;5;121mPattern No.4696 Pass[0m, R-type ADD,  lat =   9
[38;5;121mPattern No.4697 Pass[0m, I-type ORI,  lat =   9
[38;5;121mPattern No.4698 Pass[0m, R-type OR,   lat =   9
[38;5;121mPattern No.4699 Pass[0m, R-type OR,   lat =   9
[38;5;121mPattern No.4700 Pass[0m, R-type ADD,  lat =   9
[38;5;121mPattern No.4701 Pass[0m, R-type SRA,  lat =   9
[38;5;121mPattern No.4702 Pass[0m, R-type MULT, lat =   9
[38;5;121mPattern No.4703 Pass[0m, R-type ADD,  lat =   9
[38;5;121mPattern No.4704 Pass[0m, R-type SRA,  lat =   9
[38;5;121mPattern No.4705 Pass[0m, R-type OR,   lat =   9
[38;5;121mPattern No.4706 Pass[0m, R-type MULT, lat =   9
[38;5;121mPattern No.4707 Pass[0m, R-type ADD,  lat =   9
[38;5;121mPattern No.4708 Pass[0m, I-type ADDI, lat =   9
[38;5;121mPattern No.4709 Pass[0m, R-type OR,   lat =   9
[38;5;121mPattern No.4710 Pass[0m, R-type ADD,  lat =   9
[38;5;121mPattern No.4711 Pass[0m, R-type OR,   lat =   9
[38;5;121mPattern No.4712 Pass[0m, R-type SRA,  lat =   9
[38;5;121mPattern No.4713 Pass[0m, R-type SLA,  lat =   9
[38;5;121mPattern No.4714 Pass[0m, R-type SLA,  lat =   9
[38;5;121mPattern No.4715 Pass[0m, R-type MULT, lat =   9
[38;5;121mPattern No.4716 Pass[0m, R-type MULT, lat =   9
[38;5;121mPattern No.4717 Pass[0m, R-type SLA,  lat =   9
[38;5;121mPattern No.4718 Pass[0m, R-type ADD,  lat =   9
[38;5;121mPattern No.4719 Pass[0m, I-type ORI,  lat =   9
[38;5;121mPattern No.4720 Pass[0m, I-type ORI,  lat =   9
[38;5;121mPattern No.4721 Pass[0m, R-type SLA,  lat =   9
[38;5;121mPattern No.4722 Pass[0m, I-type ADDI, lat =   9
[38;5;121mPattern No.4723 Pass[0m, I-type ADDI, lat =   9
[38;5;121mPattern No.4724 Pass[0m, I-type ORI,  lat =   9
[38;5;121mPattern No.4725 Pass[0m, R-type SRA,  lat =   9
[38;5;121mPattern No.4726 Pass[0m, R-type SLA,  lat =   9
[38;5;121mPattern No.4727 Pass[0m, R-type SLA,  lat =   9
[38;5;121mPattern No.4728 Pass[0m, R-type SLA,  lat =   9
[38;5;121mPattern No.4729 Pass[0m, R-type MULT, lat =   9
[38;5;121mPattern No.4730 Pass[0m, I-type ADDI, lat =   9
[38;5;121mPattern No.4731 Pass[0m, R-type SLA,  lat =   9
[38;5;121mPattern No.4732 Pass[0m, Bad Ins.,    lat =   9
[38;5;121mPattern No.4733 Pass[0m, R-type DIV,  lat =   9
[38;5;121mPattern No.4734 Pass[0m, I-type ADDI, lat =   9
[38;5;121mPattern No.4735 Pass[0m, R-type DIV,  lat =   9
[38;5;121mPattern No.4736 Pass[0m, R-type SRA,  lat =   9
[38;5;121mPattern No.4737 Pass[0m, R-type SLA,  lat =   9
[38;5;121mPattern No.4738 Pass[0m, R-type SRA,  lat =   9
[38;5;121mPattern No.4739 Pass[0m, I-type ADDI, lat =   9
[38;5;121mPattern No.4740 Pass[0m, I-type ORI,  lat =   9
[38;5;121mPattern No.4741 Pass[0m, I-type ORI,  lat =   9
[38;5;121mPattern No.4743 Pass[0m, R-type DIV,  lat =   9
[38;5;121mPattern No.4744 Pass[0m, R-type DIV,  lat =   9
[38;5;121mPattern No.4745 Pass[0m, R-type SRA,  lat =   9
[38;5;121mPattern No.4746 Pass[0m, R-type SRA,  lat =   9
[38;5;121mPattern No.4747 Pass[0m, I-type ORI,  lat =   9
[38;5;121mPattern No.4748 Pass[0m, R-type DIV,  lat =  11
[38;5;121mPattern No.4749 Pass[0m, R-type SRA,  lat =  11
[38;5;121mPattern No.4750 Pass[0m, R-type ADD,  lat =  12
[38;5;121mPattern No.4751 Pass[0m, R-type ADD,  lat =   9
[38;5;121mPattern No.4752 Pass[0m, I-type ADDI, lat =   9
[38;5;121mPattern No.4753 Pass[0m, R-type SLA,  lat =   9
[38;5;121mPattern No.4754 Pass[0m, R-type SLA,  lat =   9
[38;5;121mPattern No.4755 Pass[0m, R-type SLA,  lat =   9
[38;5;121mPattern No.4756 Pass[0m, R-type SLA,  lat =   9
[38;5;121mPattern No.4757 Pass[0m, I-type ORI,  lat =   9
[38;5;121mPattern No.4758 Pass[0m, R-type SRA,  lat =   9
[38;5;121mPattern No.4759 Pass[0m, R-type DIV,  lat =   9
[38;5;121mPattern No.4760 Pass[0m, R-type MULT, lat =   9
[38;5;121mPattern No.4761 Pass[0m, R-type SRA,  lat =   9
[38;5;121mPattern No.4762 Pass[0m, R-type ADD,  lat =   9
[38;5;121mPattern No.4763 Pass[0m, I-type ADDI, lat =   9
[38;5;121mPattern No.4764 Pass[0m, R-type MULT, lat =   9
[38;5;121mPattern No.4765 Pass[0m, R-type DIV,  lat =   9
[38;5;121mPattern No.4766 Pass[0m, R-type MULT, lat =   9
[38;5;121mPattern No.4767 Pass[0m, R-type ADD,  lat =   9
[38;5;121mPattern No.4768 Pass[0m, R-type DIV,  lat =   9
[38;5;121mPattern No.4769 Pass[0m, R-type ADD,  lat =   9
[38;5;121mPattern No.4770 Pass[0m, R-type ADD,  lat =   9
[38;5;121mPattern No.4771 Pass[0m, I-type ORI,  lat =   9
[38;5;121mPattern No.4772 Pass[0m, Bad Ins.,    lat =   9
[38;5;121mPattern No.4773 Pass[0m, I-type ADDI, lat =   9
[38;5;121mPattern No.4774 Pass[0m, R-type OR,   lat =   9
[38;5;121mPattern No.4775 Pass[0m, R-type DIV,  lat =   9
[38;5;121mPattern No.4776 Pass[0m, R-type DIV,  lat =   9
[38;5;121mPattern No.4777 Pass[0m, I-type ORI,  lat =   9
[38;5;121mPattern No.4778 Pass[0m, R-type MULT, lat =   9
[38;5;121mPattern No.4779 Pass[0m, R-type SRA,  lat =   9
[38;5;121mPattern No.4780 Pass[0m, I-type ADDI, lat =   9
[38;5;121mPattern No.4781 Pass[0m, R-type ADD,  lat =   9
[38;5;121mPattern No.4782 Pass[0m, R-type ADD,  lat =   9
[38;5;121mPattern No.4783 Pass[0m, R-type SRA,  lat =   9
[38;5;121mPattern No.4784 Pass[0m, R-type DIV,  lat =   9
[38;5;121mPattern No.4785 Pass[0m, I-type ADDI, lat =   9
[38;5;121mPattern No.4786 Pass[0m, R-type DIV,  lat =   9
[38;5;121mPattern No.4787 Pass[0m, R-type SRA,  lat =   9
[38;5;121mPattern No.4788 Pass[0m, R-type SLA,  lat =   9
[38;5;121mPattern No.4789 Pass[0m, R-type SLA,  lat =   9
[38;5;121mPattern No.4790 Pass[0m, R-type OR,   lat =   9
[38;5;121mPattern No.4791 Pass[0m, R-type SLA,  lat =   9
[38;5;121mPattern No.4792 Pass[0m, I-type ORI,  lat =   9
[38;5;121mPattern No.4793 Pass[0m, R-type OR,   lat =   9
[38;5;121mPattern No.4794 Pass[0m, R-type ADD,  lat =   9
[38;5;121mPattern No.4795 Pass[0m, R-type ADD,  lat =   9
[38;5;121mPattern No.4796 Pass[0m, R-type OR,   lat =   9
[38;5;121mPattern No.4797 Pass[0m, R-type SRA,  lat =   9
[38;5;121mPattern No.4798 Pass[0m, R-type OR,   lat =   9
[38;5;121mPattern No.4799 Pass[0m, R-type OR,   lat =   9
[38;5;121mPattern No.4800 Pass[0m, R-type ADD,  lat =   9
[38;5;121mPattern No.4802 Pass[0m, R-type SLA,  lat =   9
[38;5;121mPattern No.4803 Pass[0m, R-type SLA,  lat =   9
[38;5;121mPattern No.4804 Pass[0m, I-type ORI,  lat =   9
[38;5;121mPattern No.4805 Pass[0m, R-type SRA,  lat =   9
[38;5;121mPattern No.4806 Pass[0m, R-type OR,   lat =   9
[38;5;121mPattern No.4807 Pass[0m, R-type MULT, lat =   9
[38;5;121mPattern No.4808 Pass[0m, R-type OR,   lat =   9
[38;5;121mPattern No.4809 Pass[0m, R-type SLA,  lat =   9
[38;5;121mPattern No.4810 Pass[0m, R-type OR,   lat =   9
[38;5;121mPattern No.4811 Pass[0m, I-type ORI,  lat =   9
[38;5;121mPattern No.4812 Pass[0m, R-type SLA,  lat =   9
[38;5;121mPattern No.4813 Pass[0m, R-type ADD,  lat =   9
[38;5;121mPattern No.4814 Pass[0m, R-type MULT, lat =   9
[38;5;121mPattern No.4815 Pass[0m, R-type MULT, lat =   9
[38;5;121mPattern No.4816 Pass[0m, R-type MULT, lat =   9
[38;5;121mPattern No.4817 Pass[0m, R-type OR,   lat =   9
[38;5;121mPattern No.4819 Pass[0m, R-type ADD,  lat =   9
[38;5;121mPattern No.4820 Pass[0m, R-type MULT, lat =   9
[38;5;121mPattern No.4821 Pass[0m, I-type ADDI, lat =   9
[38;5;121mPattern No.4822 Pass[0m, I-type ORI,  lat =   9
[38;5;121mPattern No.4823 Pass[0m, R-type SLA,  lat =   9
[38;5;121mPattern No.4824 Pass[0m, R-type DIV,  lat =   9
[38;5;121mPattern No.4825 Pass[0m, I-type ORI,  lat =   9
[38;5;121mPattern No.4826 Pass[0m, R-type ADD,  lat =   9
[38;5;121mPattern No.4827 Pass[0m, I-type ADDI, lat =   9
[38;5;121mPattern No.4828 Pass[0m, R-type MULT, lat =   9
[38;5;121mPattern No.4829 Pass[0m, I-type ADDI, lat =   9
[38;5;121mPattern No.4830 Pass[0m, R-type DIV,  lat =   9
[38;5;121mPattern No.4831 Pass[0m, R-type OR,   lat =   9
[38;5;121mPattern No.4832 Pass[0m, I-type ADDI, lat =   9
[38;5;121mPattern No.4833 Pass[0m, R-type ADD,  lat =   9
[38;5;121mPattern No.4834 Pass[0m, I-type ORI,  lat =   9
[38;5;121mPattern No.4835 Pass[0m, I-type ADDI, lat =  11
[38;5;121mPattern No.4836 Pass[0m, R-type OR,   lat =  11
[38;5;121mPattern No.4837 Pass[0m, R-type MULT, lat =  12
[38;5;121mPattern No.4838 Pass[0m, R-type DIV,  lat =   9
[38;5;121mPattern No.4839 Pass[0m, I-type ADDI, lat =   9
[38;5;121mPattern No.4840 Pass[0m, R-type SRA,  lat =   9
[38;5;121mPattern No.4841 Pass[0m, R-type SRA,  lat =   9
[38;5;121mPattern No.4842 Pass[0m, I-type ADDI, lat =   9
[38;5;121mPattern No.4843 Pass[0m, R-type SLA,  lat =   9
[38;5;121mPattern No.4844 Pass[0m, R-type SLA,  lat =   9
[38;5;121mPattern No.4845 Pass[0m, R-type ADD,  lat =   9
[38;5;121mPattern No.4846 Pass[0m, I-type ORI,  lat =   9
[38;5;121mPattern No.4847 Pass[0m, R-type SRA,  lat =   9
[38;5;121mPattern No.4848 Pass[0m, I-type ADDI, lat =   9
[38;5;121mPattern No.4849 Pass[0m, I-type ADDI, lat =   9
[38;5;121mPattern No.4850 Pass[0m, R-type SLA,  lat =   9
[38;5;121mPattern No.4851 Pass[0m, R-type ADD,  lat =   9
[38;5;121mPattern No.4852 Pass[0m, R-type OR,   lat =   9
[38;5;121mPattern No.4853 Pass[0m, R-type MULT, lat =   9
[38;5;121mPattern No.4854 Pass[0m, R-type ADD,  lat =   9
[38;5;121mPattern No.4855 Pass[0m, R-type MULT, lat =   9
[38;5;121mPattern No.4856 Pass[0m, R-type SRA,  lat =   9
[38;5;121mPattern No.4857 Pass[0m, R-type OR,   lat =   9
[38;5;121mPattern No.4858 Pass[0m, I-type ORI,  lat =   9
[38;5;121mPattern No.4859 Pass[0m, R-type DIV,  lat =   9
[38;5;121mPattern No.4860 Pass[0m, I-type ADDI, lat =   9
[38;5;121mPattern No.4861 Pass[0m, I-type ADDI, lat =   9
[38;5;121mPattern No.4862 Pass[0m, I-type ORI,  lat =   9
[38;5;121mPattern No.4863 Pass[0m, R-type OR,   lat =  12
[38;5;121mPattern No.4864 Pass[0m, I-type ADDI, lat =  12
[38;5;121mPattern No.4865 Pass[0m, I-type ADDI, lat =  13
[38;5;121mPattern No.4866 Pass[0m, R-type DIV,  lat =   9
[38;5;121mPattern No.4867 Pass[0m, I-type ORI,  lat =   9
[38;5;121mPattern No.4868 Pass[0m, R-type MULT, lat =   9
[38;5;121mPattern No.4869 Pass[0m, R-type DIV,  lat =   9
[38;5;121mPattern No.4870 Pass[0m, I-type ADDI, lat =   9
[38;5;121mPattern No.4871 Pass[0m, R-type ADD,  lat =   9
[38;5;121mPattern No.4872 Pass[0m, R-type DIV,  lat =   9
[38;5;121mPattern No.4873 Pass[0m, R-type ADD,  lat =   9
[38;5;121mPattern No.4874 Pass[0m, I-type ORI,  lat =   9
[38;5;121mPattern No.4875 Pass[0m, R-type OR,   lat =   9
[38;5;121mPattern No.4876 Pass[0m, R-type SRA,  lat =   9
[38;5;121mPattern No.4877 Pass[0m, R-type MULT, lat =   9
[38;5;121mPattern No.4878 Pass[0m, R-type SRA,  lat =   9
[38;5;121mPattern No.4879 Pass[0m, I-type ADDI, lat =   9
[38;5;121mPattern No.4880 Pass[0m, R-type SRA,  lat =   9
[38;5;121mPattern No.4881 Pass[0m, R-type OR,   lat =   9
[38;5;121mPattern No.4882 Pass[0m, I-type ADDI, lat =   9
[38;5;121mPattern No.4883 Pass[0m, R-type MULT, lat =   9
[38;5;121mPattern No.4884 Pass[0m, R-type SRA,  lat =   9
[38;5;121mPattern No.4885 Pass[0m, R-type ADD,  lat =   9
[38;5;121mPattern No.4886 Pass[0m, R-type SRA,  lat =   9
[38;5;121mPattern No.4887 Pass[0m, R-type OR,   lat =   9
[38;5;121mPattern No.4888 Pass[0m, I-type ORI,  lat =   9
[38;5;121mPattern No.4889 Pass[0m, I-type ADDI, lat =   9
[38;5;121mPattern No.4890 Pass[0m, R-type OR,   lat =   9
[38;5;121mPattern No.4891 Pass[0m, R-type OR,   lat =   9
[38;5;121mPattern No.4892 Pass[0m, R-type DIV,  lat =   9
[38;5;121mPattern No.4893 Pass[0m, R-type SRA,  lat =   9
[38;5;121mPattern No.4894 Pass[0m, R-type OR,   lat =   9
[38;5;121mPattern No.4895 Pass[0m, R-type OR,   lat =   9
[38;5;121mPattern No.4896 Pass[0m, R-type OR,   lat =   9
[38;5;121mPattern No.4897 Pass[0m, R-type OR,   lat =   9
[38;5;121mPattern No.4898 Pass[0m, I-type ORI,  lat =   9
[38;5;121mPattern No.4899 Pass[0m, R-type DIV,  lat =   9
[38;5;121mPattern No.4900 Pass[0m, R-type SLA,  lat =   9
[38;5;121mPattern No.4901 Pass[0m, R-type SLA,  lat =   9
[38;5;121mPattern No.4902 Pass[0m, R-type ADD,  lat =   9
[38;5;121mPattern No.4903 Pass[0m, I-type ORI,  lat =   9
[38;5;121mPattern No.4904 Pass[0m, R-type ADD,  lat =   9
[38;5;121mPattern No.4905 Pass[0m, I-type ORI,  lat =  10
[38;5;121mPattern No.4906 Pass[0m, I-type ORI,  lat =  10
[38;5;121mPattern No.4907 Pass[0m, I-type ORI,  lat =  11
[38;5;121mPattern No.4908 Pass[0m, R-type SLA,  lat =   9
[38;5;121mPattern No.4909 Pass[0m, I-type ADDI, lat =   9
[38;5;121mPattern No.4910 Pass[0m, R-type SLA,  lat =   9
[38;5;121mPattern No.4911 Pass[0m, I-type ADDI, lat =   9
[38;5;121mPattern No.4912 Pass[0m, R-type MULT, lat =   9
[38;5;121mPattern No.4913 Pass[0m, R-type SLA,  lat =   9
[38;5;121mPattern No.4914 Pass[0m, R-type ADD,  lat =   9
[38;5;121mPattern No.4915 Pass[0m, I-type ORI,  lat =   9
[38;5;121mPattern No.4916 Pass[0m, I-type ORI,  lat =   9
[38;5;121mPattern No.4917 Pass[0m, R-type DIV,  lat =   9
[38;5;121mPattern No.4918 Pass[0m, R-type ADD,  lat =   9
[38;5;121mPattern No.4919 Pass[0m, R-type DIV,  lat =   9
[38;5;121mPattern No.4920 Pass[0m, I-type ORI,  lat =   9
[38;5;121mPattern No.4921 Pass[0m, R-type SLA,  lat =   9
[38;5;121mPattern No.4922 Pass[0m, R-type ADD,  lat =   9
[38;5;121mPattern No.4923 Pass[0m, R-type SRA,  lat =  12
[38;5;121mPattern No.4924 Pass[0m, R-type MULT, lat =  12
[38;5;121mPattern No.4925 Pass[0m, I-type ORI,  lat =  13
[38;5;121mPattern No.4926 Pass[0m, R-type DIV,  lat =   9
[38;5;121mPattern No.4927 Pass[0m, R-type OR,   lat =   9
[38;5;121mPattern No.4928 Pass[0m, R-type ADD,  lat =   9
[38;5;121mPattern No.4929 Pass[0m, R-type SLA,  lat =   9
[38;5;121mPattern No.4930 Pass[0m, R-type DIV,  lat =   9
[38;5;121mPattern No.4931 Pass[0m, R-type ADD,  lat =   9
[38;5;121mPattern No.4932 Pass[0m, I-type ADDI, lat =   9
[38;5;121mPattern No.4933 Pass[0m, R-type SLA,  lat =   9
[38;5;121mPattern No.4934 Pass[0m, I-type ORI,  lat =   9
[38;5;121mPattern No.4935 Pass[0m, R-type DIV,  lat =   9
[38;5;121mPattern No.4936 Pass[0m, R-type ADD,  lat =   9
[38;5;121mPattern No.4937 Pass[0m, I-type ORI,  lat =   9
[38;5;121mPattern No.4938 Pass[0m, R-type ADD,  lat =   9
[38;5;121mPattern No.4939 Pass[0m, R-type ADD,  lat =   9
[38;5;121mPattern No.4940 Pass[0m, I-type ADDI, lat =   9
[38;5;121mPattern No.4941 Pass[0m, R-type MULT, lat =   9
[38;5;121mPattern No.4942 Pass[0m, R-type SLA,  lat =   9
[38;5;121mPattern No.4943 Pass[0m, I-type ADDI, lat =   9
[38;5;121mPattern No.4944 Pass[0m, R-type ADD,  lat =   9
[38;5;121mPattern No.4945 Pass[0m, I-type ORI,  lat =   9
[38;5;121mPattern No.4946 Pass[0m, I-type ADDI, lat =   9
[38;5;121mPattern No.4947 Pass[0m, R-type OR,   lat =   9
[38;5;121mPattern No.4948 Pass[0m, R-type OR,   lat =   9
[38;5;121mPattern No.4949 Pass[0m, R-type SLA,  lat =   9
[38;5;121mPattern No.4950 Pass[0m, R-type SRA,  lat =   9
[38;5;121mPattern No.4951 Pass[0m, I-type ADDI, lat =   9
[38;5;121mPattern No.4952 Pass[0m, R-type OR,   lat =   9
[38;5;121mPattern No.4953 Pass[0m, R-type SLA,  lat =   9
[38;5;121mPattern No.4954 Pass[0m, R-type SRA,  lat =   9
[38;5;121mPattern No.4955 Pass[0m, R-type DIV,  lat =   9
[38;5;121mPattern No.4956 Pass[0m, R-type ADD,  lat =   9
[38;5;121mPattern No.4957 Pass[0m, R-type SRA,  lat =   9
[38;5;121mPattern No.4958 Pass[0m, R-type OR,   lat =   9
[38;5;121mPattern No.4959 Pass[0m, R-type MULT, lat =   9
[38;5;121mPattern No.4960 Pass[0m, R-type MULT, lat =   9
[38;5;121mPattern No.4961 Pass[0m, R-type DIV,  lat =   9
[38;5;121mPattern No.4962 Pass[0m, R-type DIV,  lat =   9
[38;5;121mPattern No.4963 Pass[0m, R-type SLA,  lat =   9
[38;5;121mPattern No.4964 Pass[0m, R-type SLA,  lat =   9
[38;5;121mPattern No.4965 Pass[0m, R-type MULT, lat =   9
[38;5;121mPattern No.4966 Pass[0m, R-type SLA,  lat =   9
[38;5;121mPattern No.4967 Pass[0m, R-type DIV,  lat =   9
[38;5;121mPattern No.4968 Pass[0m, I-type ADDI, lat =   9
[38;5;121mPattern No.4969 Pass[0m, I-type ADDI, lat =   9
[38;5;121mPattern No.4970 Pass[0m, R-type MULT, lat =   9
[38;5;121mPattern No.4971 Pass[0m, I-type ORI,  lat =   9
[38;5;121mPattern No.4972 Pass[0m, I-type ORI,  lat =   9
[38;5;121mPattern No.4973 Pass[0m, I-type ADDI, lat =   9
[38;5;121mPattern No.4974 Pass[0m, R-type SLA,  lat =   9
[38;5;121mPattern No.4975 Pass[0m, R-type DIV,  lat =   9
[38;5;121mPattern No.4976 Pass[0m, R-type OR,   lat =   9
[38;5;121mPattern No.4977 Pass[0m, R-type ADD,  lat =   9
[38;5;121mPattern No.4978 Pass[0m, I-type ADDI, lat =   9
[38;5;121mPattern No.4979 Pass[0m, R-type MULT, lat =   9
[38;5;121mPattern No.4980 Pass[0m, R-type OR,   lat =   9
[38;5;121mPattern No.4981 Pass[0m, I-type ORI,  lat =   9
[38;5;121mPattern No.4982 Pass[0m, R-type SLA,  lat =   9
[38;5;121mPattern No.4983 Pass[0m, I-type ORI,  lat =   9
[38;5;121mPattern No.4984 Pass[0m, R-type ADD,  lat =   9
[38;5;121mPattern No.4985 Pass[0m, I-type ORI,  lat =   9
[38;5;121mPattern No.4986 Pass[0m, I-type ORI,  lat =   9
[38;5;121mPattern No.4987 Pass[0m, R-type MULT, lat =   9
[38;5;121mPattern No.4988 Pass[0m, R-type SLA,  lat =   9
[38;5;121mPattern No.4989 Pass[0m, I-type ORI,  lat =   9
[38;5;121mPattern No.4990 Pass[0m, R-type SRA,  lat =   9
[38;5;121mPattern No.4991 Pass[0m, R-type MULT, lat =   9
[38;5;121mPattern No.4992 Pass[0m, R-type ADD,  lat =   9
[38;5;121mPattern No.4993 Pass[0m, R-type DIV,  lat =   9
[38;5;121mPattern No.4994 Pass[0m, R-type SLA,  lat =   9
[38;5;121mPattern No.4995 Pass[0m, R-type SLA,  lat =   9
[38;5;121mPattern No.4996 Pass[0m, R-type MULT, lat =   9
[38;5;121mPattern No.4997 Pass[0m, R-type ADD,  lat =   9
[38;5;121mPattern No.4998 Pass[0m, R-type ADD,  lat =   9
[38;5;121mPattern No.4999 Pass[0m, I-type ORI,  lat =   9
[0m       [38;2;159;128;128mC[38;2;153;132;126mC[0m
      [38;2;165;153;125mQ[38;2;162;136;118mC[38;2;126;102;82mu[38;2;113;90;78mx[0m                                             [38;2;0;255;0mj[0m             [38;2;0;255;0mjjjjjjj[0m
     [38;2;172;150;120mQ[38;2;163;148;116mL[38;2;158;133;105mU[38;2;122;102;75mn[38;2;119;102;76mn[38;2;122;112;82mu[0m                                        [38;2;0;255;0mjjjjjj[0m          [38;2;0;255;0mjjjjjjjjjjjj[0m
     [38;2;159;143;96mU[38;2;169;145;108mC[38;2;139;119;83mc[38;2;124;102;71mn[38;2;124;100;73mn[38;2;122;96;75mx[38;2;123;101;76mn[0m                                       [38;2;0;255;0mjjjjjjj[0m        [38;2;0;255;0mjjjj[0m      [38;2;0;255;0mjjjj[0m
    [38;2;153;132;91mY[38;2;167;148;105mC[38;2;165;149;104mC[38;2;123;105;70mn[38;2;124;105;72mn[38;2;124;100;73mnn[38;2;123;103;72mn[38;2;139;118;89mz[0m                       [38;2;0;255;0mjjjj[0m           [38;2;0;255;0mjjj[0m [38;2;0;255;0mjjjj[0m       [38;2;0;255;0mjjjjj[0m       [38;2;0;255;0mjj[0m       [38;2;0;255;0mjjjjjjjj[0m
    [38;2;145;131;91mX[38;2;162;142;101mJ[38;2;162;138;101mJ[38;2;126;103;69mn[38;2;126;105;70mn[38;2;126;102;70mn[38;2;126;100;71mn[38;2;124;97;73mn[38;2;125;101;72mn[38;2;121;103;74mn[0m                  [38;2;0;255;0mjjjjjjjjjjj[0m       [38;2;0;255;0mjjjj[0m  [38;2;0;255;0mjjjj[0m       [38;2;0;255;0mjjjjjjj[0m            [38;2;0;255;0mjjjjjjjjjjj[0m
    [38;2;154;134;97mU[38;2;164;137;96mU[38;2;160;135;94mU[38;2;128;102;67mn[38;2;129;103;68mn[38;2;130;107;70mu[38;2;131;108;71mu[38;2;131;102;73mu[38;2;129;104;75mu[38;2;128;113;79mv[0m                [38;2;0;255;0mjjjjj[0m    [38;2;0;255;0mjjjjj[0m      [38;2;0;255;0mjjj[0m    [38;2;0;255;0mjjj[0m          [38;2;0;255;0mjjjjjjjj[0m       [38;2;0;255;0mjjjjj[0m    [38;2;0;255;0mjjjj[0m
    [38;2;160;142;107mJ[38;2;164;137;96mU[38;2;159;134;93mU[38;2;127;101;66mn[38;2;130;104;69mn[38;2;132;108;73muu[38;2;133;106;73mu[38;2;132;106;73mu[38;2;129;112;77mv[38;2;129;115;82mv[0m              [38;2;0;255;0mjjjj[0m       [38;2;0;255;0mjjjj[0m     [38;2;0;255;0mjjjj[0m    [38;2;0;255;0mjjjj[0m             [38;2;0;255;0mjjjjj[0m       [38;2;0;255;0mjjjjj[0m    [38;2;0;255;0mjjjj[0m
    [38;2;163;147;110mC[38;2;164;138;95mU[38;2;162;135;94mU[38;2;129;107;68mn[38;2;131;109;70mu[38;2;132;112;72mu[38;2;133;110;73mu[38;2;135;108;72mu[38;2;135;106;71mu[38;2;132;106;74mu[38;2;124;103;77mn[0m               [38;2;0;255;0mjjjj[0m      [38;2;0;255;0mjjjj[0m     [38;2;0;255;0mjjjjjjjjjjjjj[0m   [38;2;0;255;0mjjjj[0m       [38;2;0;255;0mjjjj[0m       [38;2;0;255;0mjjjjj[0m     [38;2;0;255;0mj[0m
    [38;2;170;150;115mL[38;2;164;137;96mU[38;2;162;137;94mU[38;2;131;109;70mu[38;2;131;108;71mu[38;2;133;110;73mu[38;2;135;111;73mv[38;2;136;106;73mu[38;2;137;108;73mv[38;2;133;106;76mu[38;2;129;108;79mu[38;2;126;104;76mu[0m               [38;2;0;255;0mjjjj[0m  [38;2;0;255;0mjjjjjj[0m      [38;2;0;255;0mjjjjj[0m     [38;2;0;255;0mjjjj[0m  [38;2;0;255;0mjjjjj[0m     [38;2;0;255;0mjjjj[0m   [38;2;0;255;0mjj[0m     [38;2;0;255;0mjjjjj[0m                       [38;2;154;131;114mJ[38;2;151;138;74mX[38;2;154;134;71mz[38;2;88;78;32m-[38;2;105;94;46mf[0m
    [38;2;170;153;118mQ[38;2;166;141;97mJ[38;2;166;140;99mJ[38;2;139;116;76mv[38;2;137;113;75mv[38;2;137;107;74mvv[38;2;138;105;75mvv[38;2;136;106;78mv[38;2;135;101;78mu[38;2;139;109;87mc[0m                [38;2;0;255;0mjjjjjjjj[0m        [38;2;0;255;0mjjjj[0m    [38;2;198;172;132mm[38;2;200;165;127mm[38;2;192;150;100mQ[38;2;194;143;101mQ[38;2;0;255;0mjjjj[38;2;191;117;75mY[38;2;189;111;72mY[38;2;187;111;68mX[38;2;0;255;0mjjjjjjjjjjjj[0m  [38;2;0;255;0mjjjj[0m      [38;2;0;255;0mjjjj[0m                    [38;2;177;163;105mQ[38;2;146;125;70mc[38;2;177;148;84mJ[38;2;102;77;29m?[38;2;86;64;20m+[38;2;113;85;33mt[38;2;103;73;27m?[38;2;100;77;34m?[38;2;108;88;46mf[0m
    [38;2;174;152;118mQ[38;2;167;141;98mJ[38;2;167;141;100mJ[38;2;143;119;78mc[38;2;138;114;75mv[38;2;138;112;75mv[38;2;138;108;75mv[38;2;140;100;74mu[38;2;138;100;76mu[38;2;137;101;79mu[38;2;139;101;77mu[38;2;132;106;79mu[38;2;130;107;79mu[0m                [38;2;0;255;0mjjjjj[0m          [38;2;0;255;0mjjjj[38;2;204;162;117mZ[38;2;195;147;100mQ[38;2;193;131;81mJ[38;2;191;123;70mU[38;2;194;118;68mY[38;2;191;110;68mX[38;2;191;109;63mX[38;2;189;107;60mz[38;2;183;99;56mc[38;2;179;95;53mv[38;2;177;95;53mv[38;2;176;98;52mv[38;2;179;100;52mv[38;2;172;95;46mu[38;2;170;94;45mu[38;2;169;96;43mu[38;2;167;97;43mu[38;2;174;99;47mv[38;2;179;102;52mc[38;2;0;255;0mjjjjj[38;2;189;133;86mJ[38;2;199;152;108m0[38;2;204;173;125mm[0m   [38;2;0;255;0mjjjj[0m      [38;2;0;255;0mjjjj[0m                 [38;2;154;140;83mY[38;2;144;128;73mz[38;2;179;150;87mC[38;2;99;75;29m?[38;2;97;72;26m-[38;2;96;70;25m-[38;2;77;57;16m~[38;2;40;29;1m,[38;2;82;62;19m+[38;2;110;83;35mt[38;2;105;85;33m1[38;2;106;89;45mf[38;2;136;114;80mv[0m
    [38;2;179;164;129mO[38;2;172;147;108mL[38;2;171;146;107mC[38;2;163;136;95mU[38;2;137;113;75mv[38;2;137;114;74mv[38;2;138;107;76mv[38;2;139;108;77mv[38;2;140;106;78mv[38;2;139;105;77mv[38;2;137;108;76mv[38;2;136;111;78mv[38;2;131;115;81mv[0m                 [38;2;0;255;0mjjjjj[0m         [38;2;205;167;110mZ[38;2;195;147;93mL[38;2;193;129;76mU[38;2;194;123;66mY[38;2;194;122;63mY[38;2;189;117;61mX[38;2;182;109;57mz[38;2;174;103;51mv[38;2;170;97;47mu[38;2;168;92;47mu[38;2;163;91;43mn[38;2;158;84;39mx[38;2;157;82;39mr[38;2;163;85;41mx[38;2;164;87;41mx[38;2;166;87;42mn[38;2;164;86;41mx[38;2;163;86;40mx[38;2;163;88;40mx[38;2;163;89;40mx[38;2;162;87;39mx[38;2;163;89;41mx[38;2;164;89;42mn[38;2;164;91;43mn[38;2;172;97;49mv[38;2;178;107;52mc[38;2;179;109;55mc[38;2;183;107;56mz[38;2;185;109;58mz[38;2;190;111;61mX[38;2;193;114;63mX[38;2;193;121;66mY[38;2;191;128;77mU[38;2;191;139;84mC[38;2;200;151;106m0[38;2;0;255;0mjjjjjj[0m [38;2;0;255;0mjjjjj[0m               [38;2;153;125;84mX[38;2;162;137;78mY[38;2;179;151;90mC[38;2;100;78;29m?[38;2;104;81;31m1[38;2;102;77;29m?[38;2;102;76;28m?[38;2;80;56;18m~[38;2;54;39;8mI[38;2;59;47;12ml[38;2;70;58;19m~[38;2;64;50;17m![38;2;47;34;6m;[38;2;93;71;31m-[38;2;119;93;49mj[38;2;123;97;53mr[38;2;128;108;59mn[38;2;121;112;64mn[38;2;127;122;77mv[0m
    [38;2;173;163;132mO[38;2;178;156;117mQ[38;2;172;146;109mL[38;2;170;144;104mC[38;2;136;109;73mv[38;2;136;115;74mv[38;2;139;109;76mv[38;2;143;107;79mv[38;2;144;108;80mv[38;2;141;109;78mv[38;2;139;107;78mv[38;2;140;102;78mv[38;2;139;109;84mv[0m                  [38;2;0;255;0mjjjjj[0m      [38;2;191;152;98mQ[38;2;190;141;74mJ[38;2;183;111;57mz[38;2;182;111;56mz[38;2;177;104;56mc[38;2;178;104;53mc[38;2;169;98;47mu[38;2;159;91;40mx[38;2;152;82;34mr[38;2;151;81;34mj[38;2;151;80;32mj[38;2;145;76;30mf[38;2;145;78;30mj[38;2;149;79;32mj[38;2;153;78;34mj[38;2;154;78;34mj[38;2;159;82;37mr[38;2;158;81;36mr[38;2;159;82;37mr[38;2;160;82;38mx[38;2;162;84;40mx[38;2;161;85;39mx[38;2;162;87;39mx[38;2;165;90;41mn[38;2;170;97;44mu[38;2;171;98;45mu[38;2;175;100;48mv[38;2;179;104;51mc[38;2;182;105;54mc[38;2;181;106;53mc[38;2;182;106;55mc[38;2;180;106;53mc[38;2;176;103;52mv[38;2;169;100;48mu[38;2;171;99;49mv[38;2;176;104;51mv[38;2;180;108;54mc[38;2;183;113;60mz[38;2;187;122;68mY[38;2;0;255;0mjjjjjjjjj[0m           [38;2;159;159;95mC[38;2;141;126;72mc[38;2;166;154;90mJ[38;2;190;163;104m0[38;2;123;96;41mj[38;2;116;88;35mt[38;2;108;81;31m1[38;2;107;81;30m1[38;2;101;80;28m?[38;2;105;86;33m1[38;2;63;48;12m![38;2;57;42;10ml[38;2;59;43;12ml[38;2;57;43;11ml[38;2;55;47;14ml[38;2;67;58;21mi[38;2;66;54;20mi[38;2;69;56;22m~[38;2;80;64;30m_[38;2;76;59;26m+[38;2;80;62;27m+[38;2;132;116;65mu[38;2;119;112;67mn[38;2;183;179;135mm[0m
     [38;2;192;161;141mm[38;2;173;140;110mC[38;2;174;146;110mL[38;2;143;118;79mc[38;2;138;110;76mv[38;2;144;109;80mc[38;2;145;113;81mc[38;2;146;114;82mc[38;2;143;111;81mc[38;2;141;109;80mv[38;2;141;110;79mv[38;2;137;109;81mv[38;2;133;113;84mv[0m                   [38;2;0;255;0mjjjj[0m  [38;2;206;153;127mZ[38;2;199;133;95mL[38;2;192;124;68mU[38;2;176;116;55mz[38;2;171;104;52mv[38;2;172;99;48mv[38;2;173;96;47mu[38;2;170;96;46mu[38;2;165;92;43mn[38;2;160;88;38mx[38;2;157;86;36mx[38;2;153;84;33mr[38;2;152;83;32mr[38;2;151;81;31mj[38;2;152;80;32mj[38;2;149;77;30mjj[38;2;151;79;31mj[38;2;149;78;31mj[38;2;146;76;29mf[38;2;145;74;29mf[38;2;152;80;32mj[38;2;152;80;34mj[38;2;158;84;37mx[38;2;167;92;42mn[38;2;181;104;50mc[38;2;194;114;58mX[38;2;196;119;61mY[38;2;197;121;64mY[38;2;195;120;60mY[38;2;188;115;55mz[38;2;184;114;54mz[38;2;184;113;55mzzz[38;2;178;108;51mc[38;2;173;102;49mv[38;2;172;100;47mv[38;2;168;99;45mu[38;2;165;97;44mu[38;2;168;101;44mu[38;2;168;101;47mu[38;2;170;103;51mv[38;2;181;113;57mz[38;2;193;124;74mU[38;2;206;151;111mO[0m                [38;2;71;59;33m+[38;2;104;85;40mt[38;2;142;116;60mv[38;2;128;96;46mr[38;2;114;87;37mt[38;2;120;94;40mj[38;2;116;89;40mf[38;2;58;42;10ml[38;2;56;43;11ml[38;2;60;45;13ml[38;2;63;47;16m![38;2;64;50;17m![38;2;62;51;17m![38;2;54;44;13ml[38;2;57;46;15ml[38;2;68;55;22mi[38;2;64;53;20mi[38;2;68;55;22mi[38;2;80;62;30m+[38;2;97;74;41m?[38;2;107;85;47mt[38;2;112;96;53mj[38;2;68;64;32m+[38;2;134;127;82mc[0m
     [38;2;183;150;129m0[38;2;177;147;119mQ[38;2;175;150;111mL[38;2;159;133;92mU[38;2;143;118;79mc[38;2;147;113;82mc[38;2;145;119;85mz[38;2;145;116;83mc[38;2;142;116;82mc[38;2;143;111;82mc[38;2;144;110;79mc[38;2;140;110;80mv[38;2;140;119;87mz[0m                       [38;2;204;156;112mO[38;2;194;137;88mC[38;2;189;123;68mY[38;2;192;122;64mY[38;2;189;116;60mX[38;2;177;109;52mc[38;2;176;107;50mc[38;2;177;102;49mv[38;2;179;100;48mv[38;2;174;95;43mu[38;2;170;95;44muu[38;2;165;92;40mn[38;2;161;89;37mx[38;2;160;87;36mx[38;2;152;83;32mr[38;2;152;82;31mj[38;2;153;82;33mr[38;2;153;83;32mrr[38;2;152;80;31mj[38;2;150;78;29mj[38;2;151;79;30mj[38;2;151;81;31mj[38;2;159;86;35mx[38;2;166;92;40mn[38;2;176;98;45mv[38;2;176;102;47mv[38;2;182;108;49mc[38;2;179;106;48mc[38;2;171;101;44mu[38;2;163;100;41mn[38;2;163;101;42mu[38;2;166;105;44mu[38;2;172;110;49mv[38;2;174;107;49mv[38;2;179;110;53mc[38;2;177;106;52mc[38;2;176;104;50mv[38;2;171;99;46muu[38;2;172;101;46mv[38;2;172;102;46mv[38;2;172;103;48mv[38;2;171;101;48mv[38;2;170;103;50mv[38;2;175;108;51mc[38;2;183;112;58mz[38;2;192;122;68mY[38;2;198;153;100mQ[0m              [38;2;70;59;32m+[38;2;98;79;33m?[38;2;133;103;50mx[38;2;121;91;41mj[38;2;71;54;16mi[38;2;68;52;15mi[38;2;68;53;18mi[38;2;68;52;18mi[38;2;67;50;19mi[38;2;65;48;18m![38;2;64;48;19m![38;2;64;50;19m![38;2;57;49;15m![38;2;55;48;15ml[38;2;53;45;14ml[38;2;73;59;24m~[38;2;67;50;19mi[38;2;71;53;23m~[38;2;84;62;33m_[38;2;100;76;46m1[38;2;108;86;52mf[38;2;113;95;55mj[38;2;86;75;41m?[38;2;127;127;63mu[0m
     [38;2;198;181;155mp[38;2;180;166;127mO[38;2;175;150;115mQ[38;2;177;149;114mQ[38;2;144;117;80mc[38;2;145;119;82mz[38;2;147;117;84mzz[38;2;145;115;82mc[38;2;145;109;81mc[38;2;145;110;81mc[38;2;140;108;79mv[38;2;139;109;82mv[38;2;137;112;87mc[0m                    [38;2;200;163;109mO[38;2;192;149;86mL[38;2;186;128;64mY[38;2;189;127;63mY[38;2;192;125;63mY[38;2;192;124;61mY[38;2;193;124;60mY[38;2;192;124;60mY[38;2;198;129;65mU[38;2;193;123;58mY[38;2;186;117;53mz[38;2;182;116;50mz[38;2;183;115;51mz[38;2;181;112;49mc[38;2;169;104;43mu[38;2;164;95;37mn[38;2;158;89;35mx[38;2;159;85;34mr[38;2;156;84;33mr[38;2;156;86;34mr[38;2;156;84;33mr[38;2;156;85;33mr[38;2;156;85;31mr[38;2;156;86;32mr[38;2;157;86;32mr[38;2;159;89;33mx[38;2;161;90;35mx[38;2;162;91;35mx[38;2;162;93;35mx[38;2;162;94;38mn[38;2;162;95;39mn[38;2;162;97;39mn[38;2;161;97;39mn[38;2;161;96;39mn[38;2;158;96;38mx[38;2;157;95;38mx[38;2;158;97;40mn[38;2;164;101;43mu[38;2;168;103;45mu[38;2;173;106;48mv[38;2;180;107;51mc[38;2;182;110;52mc[38;2;180;106;51mc[38;2;180;106;52mc[38;2;180;107;52mc[38;2;178;106;52mc[38;2;176;104;50mv[38;2;171;100;48mv[38;2;172;101;49mv[38;2;173;102;49mv[38;2;174;103;49mv[38;2;179;106;55mc[38;2;194;124;75mU[38;2;203;152;100m0[0m            [38;2;83;65;36m_[38;2;94;74;28m-[38;2;121;98;43mj[38;2;114;87;40mf[38;2;62;44;12ml[38;2;69;53;18mi[38;2;70;52;21mi[38;2;70;54;22mi[38;2;69;52;23mi[38;2;67;51;22mi[38;2;63;50;20m![38;2;61;50;19m![38;2;54;44;14ml[38;2;55;45;15ml[38;2;58;46;16m![38;2;77;59;26m+[38;2;70;51;22mi[38;2;76;55;26m~[38;2;88;67;35m-[38;2;104;80;47mt[38;2;108;86;51mf[38;2;115;94;57mj[38;2;104;89;55mf[38;2;127;127;63mu[0m
      [38;2;198;185;153mp[38;2;181;157;122m0[38;2;180;152;118mQ[38;2;156;131;90mY[38;2;144;117;83mc[38;2;147;117;84mz[38;2;151;120;88mz[38;2;147;117;84mz[38;2;147;111;83mc[38;2;146;112;82mc[38;2;139;107;78mv[38;2;143;112;84mc[38;2;137;115;87mc[0m                   [38;2;186;151;100mL[38;2;170;131;65mX[38;2;177;121;56mz[38;2;182;119;56mz[38;2;184;120;55mz[38;2;191;123;59mY[38;2;199;132;69mJ[38;2;201;137;73mC[38;2;200;134;69mJ[38;2;200;134;67mJ[38;2;196;129;59mU[38;2;193;127;57mY[38;2;189;126;54mX[38;2;185;121;53mz[38;2;181;117;49mz[38;2;174;109;45mv[38;2;169;103;41mu[38;2;170;102;40mu[38;2;167;96;39mn[38;2;164;90;38mx[38;2;163;89;37mx[38;2;163;90;37mx[38;2;162;89;36mx[38;2;163;90;35mx[38;2;161;91;34mx[38;2;160;88;33mx[38;2;160;89;34mx[38;2;160;91;33mx[38;2;159;91;33mx[38;2;159;93;33mx[38;2;157;94;36mx[38;2;155;92;35mx[38;2;153;90;34mr[38;2;153;88;34mr[38;2;154;89;36mx[38;2;156;91;36mx[38;2;155;96;36mx[38;2;151;93;36mx[38;2;150;92;35mr[38;2;154;94;37mx[38;2;159;97;41mn[38;2;168;103;45mu[38;2;175;108;49mv[38;2;178;110;51mc[38;2;184;112;55mz[38;2;186;112;56mz[38;2;185;111;55mz[38;2;183;109;54mz[38;2;179;104;52mc[38;2;177;102;50mv[38;2;175;101;49mv[38;2;176;101;49mv[38;2;174;102;50mv[38;2;172;103;52mv[38;2;193;124;70mU[38;2;201;167;105mO[0m           [38;2;73;57;30m+[38;2;101;80;32m1[38;2;114;92;38mf[38;2;115;90;41mf[38;2;57;41;11ml[38;2;70;51;19mi[38;2;69;52;22mi[38;2;71;53;22mi[38;2;70;54;23m~[38;2;67;53;23mi[38;2;66;52;21mi[38;2;64;52;20mi[38;2;57;48;16m![38;2;57;46;15ml[38;2;59;48;16m![38;2;92;72;36m-[38;2;71;53;23m~[38;2;75;58;26m+[38;2;90;70;35m-[38;2;104;81;45mt[38;2;112;92;56mj[38;2;108;89;53mf[38;2;122;105;67mn[0m
      [38;2;187;175;145mw[38;2;184;162;132mZ[38;2;182;157;124m0[38;2;180;152;119mQ[38;2;145;116;82mc[38;2;152;126;86mX[38;2;150;124;87mXX[38;2;151;123;84mz[38;2;148;121;80mz[38;2;144;117;79mc[38;2;142;117;81mc[38;2;155;130;93mY[0m                  [38;2;189;157;113m0[38;2;175;126;65mX[38;2;171;121;57mz[38;2;177;119;53mz[38;2;179;116;51mz[38;2;195;131;61mU[38;2;208;150;82mQ[38;2;205;147;76mL[38;2;202;143;67mC[38;2;200;141;63mJ[38;2;198;141;58mU[38;2;194;135;54mY[38;2;193;134;53mY[38;2;193;134;51mY[38;2;188;128;48mX[38;2;185;126;47mz[38;2;181;123;45mz[38;2;180;121;43mc[38;2;178;116;43mc[38;2;178;112;43mc[38;2;176;105;44mv[38;2;178;105;45mv[38;2;179;105;45mv[38;2;180;103;45mv[38;2;178;103;43mv[38;2;169;96;38mn[38;2;164;93;35mx[38;2;161;91;34mx[38;2;156;90;31mr[38;2;157;91;32mxx[38;2;159;91;35mx[38;2;157;90;35mx[38;2;156;90;35mx[38;2;156;90;36mxx[38;2;156;92;36mx[38;2;154;93;36mx[38;2;151;93;34mr[38;2;144;89;33mj[38;2;140;86;32mj[38;2;138;86;31mj[38;2;135;81;30mf[38;2;141;87;33mj[38;2;158;99;41mn[38;2;175;107;51mc[38;2;175;106;49mv[38;2;177;105;51mc[38;2;181;108;53mc[38;2;184;108;54mz[38;2;181;107;52mc[38;2;177;105;50mvv[38;2;181;111;55mz[38;2;185;115;60mX[38;2;194;130;72mU[38;2;196;143;82mC[38;2;213;165;120mm[0m          [38;2;77;58;32m+[38;2;114;86;38mt[38;2;119;91;40mf[38;2;120;90;44mj[38;2;58;41;11ml[38;2;72;52;20mi[38;2;72;53;21mi[38;2;70;54;23m~[38;2;68;55;22mi[38;2;66;56;21mi[38;2;66;54;21mi[38;2;64;51;18m![38;2;62;47;16m![38;2;66;46;15m![38;2;108;84;38mt[38;2;98;73;31m?[38;2;70;52;17mi[38;2;80;58;23m+[38;2;88;67;32m-[38;2;107;84;48mt[38;2;121;97;62mx[38;2;99;77;47m1[38;2;139;112;82mc[0m
       [38;2;197;174;148mq[38;2;182;158;126mO[38;2;182;155;122m0[38;2;151;121;87mz[38;2;147;117;84mz[38;2;151;121;87mz[38;2;153;126;87mX[38;2;153;133;85mX[38;2;150;130;82mX[38;2;145;125;79mz[38;2;144;126;80mz[38;2;146;133;81mX[38;2;134;138;85mz[0m                 [38;2;193;157;101mQ[38;2;184;125;59mX[38;2;176;118;50mc[38;2;179;117;51mz[38;2;202;138;70mJ[38;2;205;145;76mL[38;2;201;141;70mC[38;2;201;143;68mC[38;2;199;147;65mC[38;2;197;145;58mJ[38;2;197;141;56mU[38;2;197;136;54mU[38;2;193;130;52mY[38;2;190;130;51mX[38;2;186;127;49mX[38;2;185;128;48mXX[38;2;186;123;49mz[38;2;185;121;47mz[38;2;188;121;49mz[38;2;190;120;51mX[38;2;186;116;49mz[38;2;185;113;47mz[38;2;186;112;47mz[38;2;187;111;46mc[38;2;179;105;42mv[38;2;174;101;39mu[38;2;165;95;35mn[38;2;157;91;30mr[38;2;155;90;31mr[38;2;156;90;31mr[38;2;157;89;33mx[38;2;158;90;34mx[38;2;157;90;35mx[38;2;155;87;34mr[38;2;152;84;33mr[38;2;148;83;31mj[38;2;146;85;30mj[38;2;144;87;31mj[38;2;140;85;30mj[38;2;125;76;25m1[38;2;120;72;22m1[38;2;113;67;19m-[38;2;122;75;23m1[38;2;142;89;33mj[38;2;161;99;44mn[38;2;167;100;46mu[38;2;169;100;47mu[38;2;176;104;50mv[38;2;178;105;50mc[38;2;180;109;51mc[38;2;183;111;52mz[38;2;185;115;54mz[38;2;187;115;57mz[38;2;184;115;56mz[38;2;184;117;57mz[38;2;191;126;62mY[38;2;195;135;80mJ[38;2;210;171;132mw[0m         [38;2;80;52;31m+[38;2;128;94;47mr[38;2;114;84;39mt[38;2;117;88;41mf[38;2;60;42;11ml[38;2;72;51;20mi[38;2;72;53;21mi[38;2;71;55;23m~[38;2;66;52;20mi[38;2;63;54;20mi[38;2;67;56;20mi[38;2;53;40;9mI[38;2;69;51;14m![38;2;119;92;37mf[38;2;84;66;18m++[38;2;86;64;19m+[38;2;103;73;30m?[38;2;111;87;46mf[38;2;117;91;52mj[38;2;125;101;62mx[38;2;80;58;32m+[38;2;148;117;88mz[0m
       [38;2;183;170;136mZ[38;2;186;156;134mO[38;2;183;145;124mQ[38;2;164;130;98mU[38;2;146;118;82mz[38;2;149;125;85mz[38;2;151;127;85mX[38;2;154;130;83mXX[38;2;155;130;85mX[38;2;155;131;84mX[38;2;152;128;84mX[38;2;146;136;88mX[0m                [38;2;202;159;103m0[38;2;189;130;63mY[38;2;175;115;47mc[38;2;171;113;46mv[38;2;195;132;60mU[38;2;159;105;41mn[38;2;157;103;40mn[38;2;162;110;43mu[38;2;165;118;41mv[38;2;169;126;43mc[38;2;186;137;50mY[38;2;194;137;53mU[38;2;194;132;52mY[38;2;193;129;50mY[38;2;192;126;49mX[38;2;187;126;46mz[38;2;187;127;47mX[38;2;188;125;47mX[38;2;190;124;48mX[38;2;196;126;52mY[38;2;194;126;51mX[38;2;189;125;51mX[38;2;184;121;48mz[38;2;184;120;47mz[38;2;190;125;51mX[38;2;187;120;48mz[38;2;184;117;46mz[38;2;184;113;46mc[38;2;183;110;45mc[38;2;166;97;37mn[38;2;151;87;29mr[38;2;152;85;29mj[38;2;155;87;32mr[38;2;157;87;33mr[38;2;156;88;32mr[38;2;154;86;31mr[38;2;150;84;31mj[38;2;145;79;29mj[38;2;143;81;29mj[38;2;141;83;29mj[38;2;136;82;28mf[38;2;120;72;22m1[38;2;116;68;20m?[38;2;112;68;19m-[38;2;119;74;22m1[38;2;137;85;29mf[38;2;149;91;35mr[38;2;156;93;39mx[38;2;160;94;39mx[38;2;164;95;41mn[38;2;177;102;48mv[38;2;182;107;50mc[38;2;185;108;53mz[38;2;180;104;50mc[38;2;178;103;50mv[38;2;176;104;49mv[38;2;177;107;50mc[38;2;190;121;58mX[38;2;202;135;77mC[38;2;205;157;103mO[38;2;214;177;129mq[0m      [38;2;185;154;100mQ[38;2;159;131;75mX[38;2;76;55;19m~[38;2;149;116;62mv[38;2;110;81;38mt[38;2;112;87;39mt[38;2;58;41;11ml[38;2;72;53;19mi[38;2;70;56;20mi[38;2;69;54;21mi[38;2;68;52;19mi[38;2;67;50;19mi[38;2;66;49;17m![38;2;81;60;19m+[38;2;100;78;26m?[38;2;136;109;44mx[38;2;128;100;38mj[38;2;106;79;27m?[38;2;97;70;22m-[38;2;100;71;27m-[38;2;118;90;43mf[38;2;118;92;48mj[38;2;116;90;53mj[38;2;70;52;23mi[38;2;152;123;76mz[0m
       [38;2;203;190;168mb[38;2;193;168;147mw[38;2;183;143;123mQ[38;2;179;140;112mL[38;2;147;119;76mc[38;2;146;123;77mz[38;2;148;128;80mz[38;2;155;131;84mX[38;2;156;132;85mY[38;2;158;134;87mY[38;2;157;132;87mY[38;2;156;130;90mY[38;2;153;133;90mY[0m               [38;2;210;169;115mm[38;2;195;140;73mJ[38;2;184;126;55mX[38;2;191;132;61mU[38;2;203;147;80mL[38;2;131;89;37mj[38;2;39;22;0m"[38;2;37;21;0m"[38;2;57;36;6mI[38;2;84;56;15m~[38;2;130;84;27mf[38;2;176;117;48mc[38;2;192;129;53mY[38;2;197;132;53mY[38;2;191;127;49mX[38;2;189;125;47mX[38;2;188;124;46mz[38;2;189;125;47mX[38;2;189;121;47mz[38;2;189;118;46mz[38;2;181;114;43mc[38;2;179;117;43mc[38;2;170;114;41mv[38;2;154;104;38mn[38;2;115;73;22m?[38;2;82;49;9mi[38;2;64;39;5ml[38;2;55;32;3m;[38;2;85;54;16m~[38;2;138;93;39mr[38;2;194;122;59mY[38;2;161;98;38mn[38;2;156;91;33mx[38;2;153;84;29mj[38;2;154;86;30mr[38;2;158;87;32mr[38;2;158;89;32mx[38;2;155;86;33mr[38;2;150;83;31mj[38;2;147;85;30mj[38;2;146;87;32mj[38;2;141;86;30mj[38;2;129;78;25mt[38;2;128;76;24mt[38;2;122;75;22m1[38;2;124;77;22m1[38;2;139;87;29mj[38;2;144;86;32mj[38;2;154;92;36mx[38;2;159;92;37mx[38;2;164;94;39mn[38;2;170;96;42mu[38;2;172;96;44mu[38;2;167;93;40mn[38;2;167;92;41mn[38;2;161;89;38mx[38;2;156;88;36mx[38;2;171;101;43mu[38;2;192;121;55mX[38;2;198;127;60mU[38;2;198;132;63mU[38;2;198;136;62mU[38;2;195;139;67mJ[38;2;198;144;79mC[38;2;190;135;61mU[38;2;185;130;57mY[38;2;190;137;71mU[38;2;188;127;66mY[38;2;165;105;50mv[38;2;152;100;44mn[38;2;79;54;13mi[38;2;154;118;60mv[38;2;111;82;36mt[38;2;114;88;41mf[38;2;65;47;13m![38;2;71;54;19mi[38;2;72;55;22m~[38;2;70;52;19mi[38;2;69;51;18mi[38;2;66;52;18mi[38;2;64;47;12m![38;2;155;124;61mc[38;2;126;96;39mj[38;2;179;143;68mU[38;2;166;130;60mz[38;2;124;92;35mf[38;2;102;76;23m?[38;2;129;97;41mr[38;2;134;103;50mx[38;2;151;118;61mv[38;2;155;124;70mz[38;2;71;57;20m~[38;2;165;147;85mU[0m
        [38;2;204;192;167mb[38;2;185;159;130mO[38;2;180;149;118mQ[38;2;147;125;78mz[38;2;145;122;76mc[38;2;147;123;79mz[38;2;157;132;87mY[38;2;160;139;90mU[38;2;156;131;86mY[38;2;149;122;81mz[38;2;109;90;56mj[38;2;82;64;37m_[38;2;82;68;41m-[0m             [38;2;219;184;136mp[38;2;199;150;83mL[38;2;196;142;71mJ[38;2;206;154;85mQ[38;2;215;166;101mZ[38;2;215;167;105mZ[38;2;104;68;24m-[38;2;37;19;1m"[38;2;44;21;2m"[38;2;42;20;2m"[38;2;42;20;0m"[38;2;111;67;16m-[38;2;163;106;40mu[38;2;178;116;46mc[38;2;183;122;46mz[38;2;185;123;46mz[38;2;186;123;46mz[38;2;185;120;46mz[38;2;183;117;46mz[38;2;178;113;43mc[38;2;169;103;38mu[38;2;153;93;32mr[38;2;121;74;21m1[38;2;80;43;5m![38;2;49;25;0m,[38;2;31;17;0m^[38;2;29;17;1m^[38;2;28;17;1m^[38;2;34;19;3m"[38;2;38;20;2m"[38;2;38;19;1m"[38;2;64;31;2mI[38;2;142;83;30mj[38;2;188;115;52mz[38;2;183;110;47mc[38;2;184;110;46mc[38;2;184;110;45mc[38;2;185;111;47mc[38;2;171;103;41mu[38;2;157;92;35mx[38;2;150;87;32mr[38;2;147;87;32mj[38;2;144;88;31mj[38;2;141;88;30mj[38;2;142;88;29mj[38;2;141;85;28mj[38;2;142;85;28mj[38;2;147;88;30mj[38;2;155;91;33mx[38;2;162;94;36mx[38;2;165;95;37mn[38;2;166;94;38mn[38;2;161;90;36mx[38;2;160;88;36mx[38;2;161;89;37mx[38;2;161;91;38mx[38;2;163;92;38mx[38;2;164;95;38mn[38;2;179;109;47mc[38;2;187;117;51mz[38;2;178;112;46mc[38;2;168;106;40mu[38;2;170;109;39mv[38;2;176;112;41mv[38;2;180;114;42mc[38;2;180;114;41mc[38;2;172;111;39mv[38;2;168;113;38mv[38;2;140;91;27mj[38;2;118;71;22m?[38;2;123;83;30mt[38;2;80;57;13m~[38;2;157;120;60mc[38;2;120;86;40mf[38;2;124;87;42mj[38;2;117;82;35mt[38;2;128;90;33mf[38;2;122;84;31mt[38;2;118;82;29mt[38;2;114;84;27m1[38;2;112;82;25m1[38;2;101;76;20m-[38;2;86;64;13m+[38;2;128;100;37mj[38;2;114;84;30mt[38;2;130;98;37mj[38;2;99;74;22m-[38;2;108;82;27m1[38;2;140;108;48mn[38;2;138;107;50mn[38;2;151;119;64mc[38;2;146;113;63mv[38;2;114;89;42mf[0m
        [38;2;209;204;172mh[38;2;178;165;131mO[38;2;145;125;86mz[38;2;152;132;87mX[38;2;158;143;94mU[38;2;162;141;92mU[38;2;159;143;95mU[38;2;58;47;22m![38;2;92;74;44m?[38;2;72;57;31m+[38;2;43;30;13m;[38;2;26;16;4m^[38;2;27;18;5m^[38;2;163;118;72mz[0m          [38;2;205;171;114mZ[38;2;201;172;98mO[38;2;203;161;84mQ[38;2;199;148;72mC[38;2;205;150;82mL[38;2;215;166;98mZ[38;2;218;172;104mm[38;2;207;158;85mQ[38;2;166;119;51mc[38;2;148;104;41mx[38;2;146;102;40mx[38;2;146;98;40mx[38;2;141;96;38mr[38;2;154;102;39mn[38;2;157;100;38mn[38;2;153;94;35mx[38;2;146;91;29mj[38;2;138;82;24mf[38;2;132;76;21mt[38;2;125;72;19m1[38;2;118;67;16m?[38;2;113;64;14m-[38;2;106;58;11m_[38;2;105;58;11m_[38;2;130;76;25mt[38;2;143;85;33mj[38;2;144;88;40mr[38;2;97;56;22m_[38;2;43;20;0m"[38;2;34;15;1m^[38;2;37;19;1m"[38;2;42;22;1m"[38;2;136;92;43mr[38;2;206;154;89mQ[38;2;224;170;110mw[38;2;223;166;106mm[38;2;221;163;100mZ[38;2;216;157;90m0[38;2;211;150;80mQ[38;2;203;137;64mJ[38;2;199;130;57mU[38;2;185;122;49mz[38;2;176;112;44mv[38;2;167;106;40mu[38;2;160;102;37mn[38;2;159;101;36mn[38;2;157;96;34mx[38;2;153;92;32mr[38;2;153;91;33mr[38;2;155;91;33mx[38;2;157;90;33mx[38;2;161;92;35mx[38;2;160;91;34mx[38;2;159;90;33mx[38;2;155;87;32mr[38;2;152;85;31mr[38;2;154;85;32mr[38;2;163;92;37mx[38;2;177;103;44mv[38;2;187;114;48mz[38;2;189;118;51mz[38;2;177;112;44mc[38;2;159;98;33mx[38;2;156;97;31mx[38;2;159;102;33mn[38;2;170;106;36mu[38;2;171;104;36mu[38;2;168;103;36mu[38;2;161;100;33mn[38;2;155;103;32mx[38;2;122;78;22m1[38;2;49;23;2m,[38;2;36;13;0m^[38;2;89;57;20m+[38;2;159;115;61mc[38;2;120;85;36mf[38;2;119;80;35mt[38;2;109;74;28m?[38;2;126;89;29mf[38;2;127;88;28mf[38;2;126;89;29mf[38;2;128;92;31mf[38;2;123;92;32mf[38;2;110;84;25m1[38;2;103;79;23m?[38;2;110;83;25m1[38;2;114;88;29mt[38;2;127;95;36mj[38;2;118;89;33mf[38;2;148;114;52mu[38;2;125;96;43mj[38;2;123;99;53mr[38;2;140;112;68mv[38;2;117;88;52mj[38;2;156;128;83mX[0m
               [38;2;123;106;49mr[38;2;29;21;6m"[38;2;30;20;6m""[38;2;32;17;7m"[38;2;74;42;18m![38;2;179;125;57mX[38;2;195;137;62mU[38;2;190;134;58mY[38;2;180;138;63mY[0m  [38;2;204;153;102m0[38;2;209;168;110mZ[38;2;197;149;86mL[38;2;196;140;55mU[38;2;180;127;46mz[38;2;174;121;44mc[38;2;183;128;51mX[38;2;203;150;75mL[38;2;203;151;78mL[38;2;210;164;91mO[38;2;218;175;103mm[38;2;212;168;92mO[38;2;203;158;79mQ[38;2;185;136;57mY[38;2;186;133;60mY[38;2;147;99;37mx[38;2;129;79;29mt[38;2;119;74;26m1[38;2;115;72;24m?[38;2;114;71;22m?[38;2;112;69;20m?[38;2;103;64;14m_[38;2;105;64;14m_[38;2;102;62;14m_[38;2;102;63;14m_[38;2;106;65;14m_[38;2;107;62;14m_[38;2;106;60;13m_[38;2;126;74;20m1[38;2;180;116;47mc[38;2;203;142;63mJ[38;2;204;148;69mC[38;2;202;149;67mC[38;2;184;133;53mX[38;2;181;134;52mX[38;2;189;140;57mU[38;2;196;146;63mJ[38;2;198;148;72mC[38;2;210;159;89m0[38;2;221;173;108mm[38;2;223;174;109mw[38;2;222;171;104mm[38;2;220;169;101mZ[38;2;215;164;91mO[38;2;210;158;82mQ[38;2;206;150;71mL[38;2;197;135;56mU[38;2;187;125;50mX[38;2;168;109;42mv[38;2;165;105;39mu[38;2;160;98;36mn[38;2;156;92;33mx[38;2;155;90;32mrrr[38;2;155;87;32mr[38;2;153;84;30mr[38;2;154;85;30mr[38;2;156;86;31mr[38;2;160;88;33mx[38;2;167;94;37mn[38;2;173;100;40mu[38;2;180;104;44mv[38;2;189;115;50mz[38;2;195;124;53mY[38;2;194;123;53mX[38;2;178;114;44mc[38;2;159;100;33mx[38;2;148;94;27mr[38;2;157;99;30mx[38;2;166;103;34mn[38;2;170;106;36mu[38;2;162;99;34mn[38;2;154;98;31mx[38;2;147;97;29mr[38;2;132;88;27mf[38;2;53;26;4m;[38;2;29;9;0m'[38;2;96;60;24m_[38;2;146;104;51mn[38;2;124;89;37mf[38;2;126;90;40mj[38;2;85;59;20m+[38;2;64;48;13m![38;2;63;51;15m![38;2;70;57;18mi[38;2;72;60;21m~[38;2;66;54;18mi[38;2;67;52;17mi[38;2;100;76;24m-[38;2;85;66;15m+[38;2;133;104;40mr[38;2;132;103;41mr[38;2;132;105;49mx[38;2;114;88;39mf[38;2;107;82;37m1[38;2;127;103;64mn[38;2;139;107;72mv[38;2;73;52;28m~[38;2;166;148;100mC[0m
             [38;2;187;132;85mJ[38;2;184;138;73mU[38;2;142;107;42mx[38;2;35;18;1m"[38;2;24;10;0m'[38;2;26;7;0m'[38;2;126;85;41mj[38;2;178;120;58mz[38;2;190;137;62mU[38;2;182;126;52mX[38;2;163;105;42mu[38;2;159;102;38mn[38;2;159;101;39mn[38;2;171;115;45mv[38;2;172;115;42mv[38;2;173;112;40mv[38;2;172;109;40mv[38;2;163;104;35mn[38;2;161;103;34mn[38;2;155;103;33mx[38;2;160;109;38mu[38;2;194;141;63mU[38;2;205;155;78mQ[38;2;211;167;94mO[38;2;214;171;99mZ[38;2;212;170;95mZ[38;2;203;160;82mQ[38;2;167;123;49mc[38;2;164;117;49mv[38;2;134;91;33mj[38;2;109;66;22m-[38;2;100;60;19m_[38;2;97;57;18m+[38;2;91;52;14m~[38;2;94;55;13m+[38;2;96;58;12m+[38;2;107;65;16m-[38;2;112;65;18m-[38;2;116;70;20m?[38;2;125;78;23m1[38;2;141;89;31mj[38;2;150;93;34mr[38;2;154;97;35mx[38;2;187;122;52mX[38;2;208;150;75mL[38;2;210;158;80mQ[38;2;214;168;88mO[38;2;213;169;89mO[38;2;212;169;89mO[38;2;208;164;85m0[38;2;206;163;87m0[38;2;213;169;98mZ[38;2;218;175;110mm[38;2;221;180;117mw[38;2;220;177;109mw[38;2;218;176;104mm[38;2;217;171;98mZ[38;2;214;165;87mO[38;2;208;157;76mQ[38;2;206;152;69mL[38;2;201;141;60mJ[38;2;188;126;51mX[38;2;171;108;42mv[38;2;162;100;37mn[38;2;158;94;34mx[38;2;157;92;33mx[38;2;156;88;33mrr[38;2;158;90;33mx[38;2;156;89;32mr[38;2;146;82;26mj[38;2;147;83;27mj[38;2;151;86;29mj[38;2;161;93;33mx[38;2;178;107;43mv[38;2;193;119;50mX[38;2;197;122;52mX[38;2;200;129;57mU[38;2;200;132;58mU[38;2;196;131;53mY[38;2;178;113;43mc[38;2;153;97;30mx[38;2;146;92;25mj[38;2;155;96;29mx[38;2;164;102;35mn[38;2;167;105;37mu[38;2;170;111;41mv[38;2;155;102;33mx[38;2;145;105;32mx[38;2;141;102;32mr[38;2;109;69;28m?[38;2;41;15;1m"[38;2;96;62;23m_[38;2;139;101;46mx[38;2;129;95;40mj[38;2;133;100;45mr[38;2;65;45;12m![38;2;74;54;22m~[38;2;75;58;24m~[38;2;70;60;20m~[38;2;69;58;19mi[38;2;71;55;21m~[38;2;72;51;20mi[38;2;113;88;35mt[38;2;109;80;32m1[38;2;126;96;41mj[38;2;101;77;28m?[38;2;117;91;40mf[38;2;112;88;41mf[38;2;124;98;55mr[38;2;125;97;64mx[38;2;137;104;74mu[38;2;83;59;36m_[38;2;160;131;94mU[0m
             [38;2;181;134;76mU[38;2;189;129;58mY[38;2;183;133;51mX[38;2;188;129;57mY[38;2;187;131;57mY[38;2;178;123;53mz[38;2;100;58;18m_[38;2;111;66;23m-[38;2;92;52;15m+[38;2;52;20;0m,[38;2;122;79;23m1[38;2;158;106;40mn[38;2;158;103;40mn[38;2;143;92;30mj[38;2;140;88;25mj[38;2;141;90;25mj[38;2;141;86;24mf[38;2;142;86;25mj[38;2;141;86;24mf[38;2;139;87;24mf[38;2;145;95;30mr[38;2;180;128;53mX[38;2;204;154;79mL[38;2;210;163;92mO[38;2;207;161;89m0[38;2;185;139;62mU[38;2;154;113;46mu[38;2;154;111;48mu[38;2;112;75;28m1[38;2;96;60;18m_[38;2;88;54;15m~[38;2;83;51;13m~[38;2;79;49;12mi[38;2;85;52;13m~[38;2;97;59;16m+[38;2;111;69;21m?[38;2;139;91;34mj[38;2;143;92;35mr[38;2;146;95;34mr[38;2;165;109;43mu[38;2;181;119;52mz[38;2;189;126;56mX[38;2;190;126;56mY[38;2;184;124;52mX[38;2;194;136;56mU[38;2;206;152;75mL[38;2;215;168;95mZ[38;2;216;173;100mZ[38;2;217;179;107mm[38;2;220;184;116mq[38;2;219;187;124mq[38;2;223;188;127mp[38;2;223;187;125mp[38;2;221;183;119mq[38;2;218;178;109mw[38;2;216;171;96mZ[38;2;209;163;83m0[38;2;205;156;71mL[38;2;200;144;60mJ[38;2;199;142;58mJ[38;2;196;136;55mU[38;2;191;128;51mX[38;2;172;110;42mv[38;2;160;98;36mn[38;2;158;93;35mx[38;2;158;91;35mx[38;2;152;84;32mr[38;2;146;81;28mj[38;2;141;79;25mf[38;2;143;80;25mf[38;2;145;80;26mf[38;2;146;84;27mj[38;2;152;88;29mr[38;2;172;104;41mu[38;2;188;117;48mz[38;2;196;124;53mY[38;2;204;135;64mJ[38;2;204;139;64mJ[38;2;202;141;62mJ[38;2;196;133;55mU[38;2;179;117;45mc[38;2;161;102;34mn[38;2;158;101;33mx[38;2;158;101;35mn[38;2;166;108;41mu[38;2;166;114;42mv[38;2;162;114;51mv[38;2;171;112;59mc[38;2;173;120;61mz[38;2;174;128;65mX[38;2;176;130;66mY[38;2;49;26;4m,[38;2;101;68;26m-[38;2;123;88;36mf[38;2;130;94;41mj[38;2;130;97;41mr[38;2;63;41;11ml[38;2;70;53;22mi[38;2;78;62;27m+[38;2;76;63;26m+[38;2;77;61;24m+[38;2;75;60;25m+[38;2;72;55;22m~[38;2;78;61;22m+[38;2;83;64;23m+[38;2;73;55;16mi[38;2;126;99;44mr[38;2;108;83;37mt[38;2;111;84;46mf[38;2;122;95;57mr[38;2;136;107;73mu[38;2;120;91;63mr[38;2;152;125;88mX[0m
             [38;2;187;145;86mC[38;2;184;128;57mX[38;2;156;111;38mn[38;2;145;98;31mr[38;2;149;101;33mx[38;2;137;93;28mj[38;2;86;53;11m~[38;2;40;16;1m"[38;2;27;4;0m'[38;2;26;4;0m'[38;2;113;66;30m?[38;2;155;101;43mn[38;2;154;100;38mx[38;2;134;84;26mf[38;2;137;85;24mf[38;2;130;80;20mt[38;2;130;77;19m1[38;2;137;79;22mt[38;2;139;82;23mf[38;2;137;83;23mf[38;2;132;82;24mt[38;2;161;109;41mu[38;2;194;141;66mJ[38;2;201;155;83mQ[38;2;180;134;61mY[38;2;154;116;50mv[38;2;121;87;35mf[38;2;69;46;11m![38;2;55;35;4mI[38;2;59;38;7mI[38;2;62;40;8ml[38;2;60;44;8ml[38;2;60;45;9ml[38;2;74;51;14mi[38;2;87;54;16m~[38;2;110;75;26m?[38;2;129;88;31mf[38;2;135;89;31mj[38;2;160;109;42mu[38;2;188;132;54mY[38;2;199;139;65mJ[38;2;198;137;63mU[38;2;192;131;59mY[38;2;186;129;55mX[38;2;189;135;59mY[38;2;192;140;63mU[38;2;203;155;82mQ[38;2;203;161;85mQ[38;2;201;163;88mQ[38;2;203;169;97mO[38;2;202;169;100mO[38;2;209;175;111mm[38;2;213;179;112mw[38;2;217;181;113mw[38;2;214;176;105mm[38;2;211;164;89m0[38;2;205;157;77mQ[38;2;203;151;66mC[38;2;201;145;59mJ[38;2;189;129;49mX[38;2;188;125;48mX[38;2;176;113;42mv[38;2;172;108;42mv[38;2;164;99;37mn[38;2;161;94;37mx[38;2;157;87;34mr[38;2;141;75;27mf[38;2;139;74;24mt[38;2;137;74;23mt[38;2;139;75;23mt[38;2;146;81;27mj[38;2;156;89;32mr[38;2;171;100;40mu[38;2;181;110;45mc[38;2;194;123;54mX[38;2;202;138;66mJ[38;2;203;141;67mC[38;2;203;144;66mC[38;2;202;145;63mJ[38;2;197;140;57mU[38;2;186;128;51mX[38;2;179;125;50mz[38;2;191;138;63mU[38;2;204;159;92m0[38;2;228;199;142mb[0m      [38;2;109;113;63mx[38;2;94;76;38m?[38;2;116;80;37mt[38;2;150;109;54mu[38;2;138;104;48mx[38;2;89;59;25m+[38;2;80;56;27m+[38;2;78;60;26m+[38;2;77;63;26m+[38;2;78;62;26m+[38;2;77;62;27m+[38;2;79;62;29m+[38;2;79;65;26m++[38;2;79;61;23m+[38;2;120;98;42mj[38;2;111;89;40mf[38;2;122;84;58mj[38;2;130;99;68mn[38;2;140;107;74mv[38;2;61;46;21m![38;2;176;158;110mQ[0m
             [38;2;194;163;101m0[38;2;188;142;63mU[38;2;189;137;55mY[38;2;188;132;54mY[38;2;185;128;53mX[38;2;185;130;51mX[38;2;166;125;47mc[38;2;132;96;39mr[38;2;73;38;17m![38;2;24;8;1m'[38;2;58;32;6mI[38;2;131;85;29mf[38;2;139;93;31mj[38;2;142;94;31mr[38;2;150;99;32mx[38;2;138;85;25mf[38;2;140;87;28mj[38;2;141;88;26mj[38;2;141;89;26mj[38;2;143;94;27mj[38;2;139;90;27mj[38;2;148;101;35mx[38;2;177;126;53mz[38;2;193;144;71mJ[38;2;176;132;61mX[38;2;121;93;40mj[38;2;37;23;1m"[38;2;31;19;0m^[38;2;36;25;3m"[38;2;42;31;7m,[38;2;44;27;8m,[38;2;46;31;9m;[38;2;43;28;7m,[38;2;43;27;6m,[38;2;44;25;5m,[38;2;82;57;16m~[38;2;144;106;41mx[38;2;179;130;58mX[38;2;179;131;57mX[38;2;180;132;55mX[38;2;178;128;53mz[38;2;170;121;49mc[38;2;162;115;45mv[38;2;166;119;47mv[38;2;178;130;58mX[38;2;190;145;70mJ[38;2;172;133;59mX[38;2;153;120;50mv[38;2;164;130;58mz[38;2;182;146;71mJ[38;2;188;154;80mC[38;2;197;164;93m0[38;2;207;175;105mZ[38;2;213;177;104mm[38;2;211;170;97mZ[38;2;205;160;82mQ[38;2;199;148;61mJ[38;2;197;141;53mU[38;2;184;128;45mz[38;2;185;123;45mz[38;2;172;108;37mu[38;2;167;99;36mn[38;2;152;84;29mj[38;2;145;79;26mf[38;2;145;77;27mf[38;2;149;80;29mj[38;2;146;76;27mf[38;2;145;75;26mf[38;2;147;77;27mf[38;2;150;80;30mj[38;2;167;94;38mn[38;2;183;106;48mc[38;2;184;114;49mz[38;2;195;131;57mY[38;2;201;143;68mC[38;2;203;148;71mC[38;2;206;154;74mL[38;2;207;153;74mL[38;2;201;146;64mC[38;2;196;139;55mU[38;2;192;135;55mY[38;2;194;139;59mU[38;2;195;144;68mJ[38;2;175;128;56mz[38;2;155;116;47mv[38;2;145;112;51mu[0m      [38;2;90;73;38m?[38;2;106;72;34m?[38;2;181;137;79mU[38;2;145;111;47mn[38;2;142;105;54mn[38;2;79;54;24m~[38;2;83;61;28m+[38;2;81;62;28m+[38;2;78;64;28m+[38;2;78;64;27m+[38;2;82;67;29m_[38;2;84;69;31m_[38;2;85;71;30m-[38;2;81;64;26m+[38;2;115;89;45mf[38;2;112;84;47mf[38;2;120;93;60mr[38;2;134;104;71mu[38;2;128;96;66mx[38;2;145;121;80mz[0m
              [38;2;200;158;87mQ[38;2;183;130;55mX[38;2;174;124;51mz[38;2;165;120;47mv[38;2;157;115;40mu[38;2;157;117;45mv[38;2;118;84;31mt[38;2;55;31;6m;[38;2;25;12;1m'[38;2;34;17;1m^[38;2;127;83;28mt[38;2;146;95;32mr[38;2;157;107;37mn[38;2;154;103;34mx[38;2;153;102;34mx[38;2;157;105;37mn[38;2;153;104;36mx[38;2;154;105;34mx[38;2;158;109;38mn[38;2;161;114;44mv[38;2;164;117;46mv[38;2;166;121;49mc[38;2;186;135;64mU[38;2;168;127;55mz[38;2;122;100;40mj[38;2;34;23;1m"[38;2;24;15;1m'[38;2;25;18;3m^[38;2;33;23;5m"[38;2;30;19;4m^[38;2;16;7;0m.[38;2;18;8;0m.[38;2;25;15;1m'[38;2;36;21;4m"[38;2;79;58;18m~[38;2;142;110;43mn[38;2;161;121;52mc[38;2;169;127;56mz[38;2;173;131;57mX[38;2;175;133;59mX[38;2;180;134;61mY[38;2;181;136;63mY[38;2;176;132;62mX[38;2;170;126;58mz[38;2;151;111;49mu[38;2;119;87;32mt[38;2;117;87;33mt[38;2;134;103;43mx[38;2;155;121;56mv[38;2;169;136;66mX[38;2;196;160;91mQ[38;2;202;166;94m0[38;2;208;170;96mO[38;2;202;156;81mQ[38;2;202;148;73mC[38;2;191;132;51mY[38;2;185;122;44mz[38;2;174;110;38mv[38;2;166;100;34mn[38;2;155;88;28mr[38;2;148;78;24mf[38;2;148;73;25mf[38;2;146;72;25mf[38;2;146;73;26mf[38;2;148;75;27mf[38;2;147;75;27mf[38;2;149;76;27mj[38;2;151;78;29mj[38;2;172;97;41mu[38;2;180;106;46mv[38;2;197;119;56mY[38;2;201;129;61mU[38;2;201;144;70mC[38;2;202;150;75mL[38;2;206;153;82mQ[38;2;207;156;81mQ[38;2;206;154;77mL[38;2;200;146;66mC[38;2;199;145;65mJ[38;2;198;143;62mJ[38;2;199;143;64mJ[38;2;181;129;54mX[38;2;146;99;36mx[38;2;137;94;31mj[38;2;135;88;28mf[38;2;129;84;31mf[38;2;184;134;87mJ[0m    [38;2;85;85;0m+[38;2;101;71;35m?[38;2;183;133;78mU[38;2;125;103;34mj[38;2;142;111;50mn[38;2;66;47;17m![38;2;78;58;27m+[38;2;78;59;29m+[38;2;80;62;29m+[38;2;83;65;32m_[38;2;86;68;31m_[38;2;87;69;33m-[38;2;88;69;31m-[38;2;86;66;31m_[38;2;110;87;47mf[38;2;112;89;51mj[38;2;127;103;64mn[38;2;134;111;71mu[38;2;66;48;24mi[38;2;175;150;108mL[0m
               [38;2;195;158;123mO[38;2;189;151;79mC[38;2;188;147;72mJ[38;2;178;140;64mY[38;2;149;115;50mu[38;2;35;22;0m"[38;2;32;18;1m^[38;2;25;14;1m'[38;2;24;14;3m'[38;2;0;0;0m [0m  [38;2;189;160;94mQ[38;2;166;142;71mY[38;2;179;141;75mU[0m    [38;2;204;164;98mO[38;2;180;136;60mY[38;2;187;140;66mU[38;2;181;135;63mY[38;2;152;115;51mv[38;2;117;83;37mt[38;2;39;25;6m,[38;2;27;14;2m^[38;2;30;16;4m^[38;2;31;15;6m^[38;2;32;13;6m^[38;2;39;22;9m,[38;2;54;35;12mI[38;2;90;69;30m-[38;2;136;111;49mn[38;2;155;124;54mc[38;2;170;132;60mX[38;2;175;136;63mY[38;2;176;138;63mY[38;2;177;140;65mY[38;2;159;123;54mc[38;2;149;115;48mu[38;2;133;100;41mr[38;2;109;81;30m1[38;2;68;48;9m![38;2;40;26;0m"[38;2;49;32;2m;[38;2;99;73;25m-[38;2;139;105;46mx[38;2;167;129;62mz[38;2;185;145;75mJ[38;2;199;156;86mQ[38;2;203;152;81mL[38;2;200;142;70mC[38;2;188;123;53mX[38;2;174;109;40mv[38;2;163;98;34mn[38;2;159;94;31mx[38;2;153;84;28mj[38;2;150;78;25mj[38;2;147;72;24mf[38;2;148;70;25mf[38;2;149;72;25mf[38;2;149;70;24mf[38;2;149;72;25mf[38;2;149;73;27mf[38;2;158;80;31mr[38;2;175;97;41mu[38;2;182;108;47mc[38;2;201;125;59mU[38;2;206;139;70mC[38;2;207;145;78mL[38;2;205;148;78mL[38;2;204;148;78mL[38;2;206;154;83mQ[38;2;208;156;86mQ[38;2;205;151;80mL[38;2;203;148;77mL[38;2;202;147;75mC[38;2;201;147;72mC[38;2;197;140;66mJ[38;2;157;107;40mn[38;2;136;91;29mj[38;2;129;84;26mt[38;2;128;83;24mt[38;2;126;78;28mt[38;2;154;97;53mn[0m     [38;2;96;77;38m?[38;2;119;96;44mj[38;2;153;119;55mv[38;2;146;116;54mu[38;2;82;62;25m+[38;2;81;60;28m+[38;2;82;62;30m_[38;2;86;67;33m-[38;2;86;65;33m_[38;2;87;67;33m-[38;2;88;68;34m-[38;2;89;68;35m-[38;2;95;76;40m?[38;2;113;90;50mj[38;2;117;95;54mj[38;2;129;106;64mn[38;2;119;100;60mx[38;2;166;145;98mJ[0m
                  [38;2;41;33;12m;[38;2;28;19;2m^[38;2;34;18;4m"[38;2;31;17;3m^[38;2;27;17;2m^[38;2;17;10;0m'[38;2;25;17;2m^[0m        [38;2;190;133;85mJ[38;2;169;124;54mz[38;2;169;124;50mc[38;2;171;123;53mz[38;2;183;131;60mY[38;2;185;134;68mU[38;2;153;108;55mu[38;2;124;85;40mf[38;2;107;73;31m?[38;2;87;60;21m+[38;2;72;51;16mi[38;2;75;53;19m~[38;2;73;50;16mi[38;2;79;57;19m~[38;2;94;68;24m-[38;2;114;87;32mt[38;2;145;112;48mn[38;2;142;109;45mn[38;2;147;115;49mu[38;2;145;112;49mu[38;2;132;103;42mr[38;2;128;98;39mj[38;2;108;82;29m1[38;2;73;52;11mi[38;2;65;46;10m![38;2;79;57;16m~[38;2;103;77;28m?[38;2;131;101;44mr[38;2;147;111;52mu[38;2;160;121;59mc[38;2;171;130;64mX[38;2;192;147;81mC[38;2;200;154;82mL[38;2;203;150;75mL[38;2;187;127;53mX[38;2;172;111;41mv[38;2;163;102;35mn[38;2;164;98;34mn[38;2;166;98;34mn[38;2;162;94;32mx[38;2;157;86;28mr[38;2;163;85;31mx[38;2;166;85;32mx[38;2;167;85;32mx[38;2;169;87;34mx[38;2;172;90;36mn[38;2;172;92;37mn[38;2;186;103;44mc[38;2;195;114;51mX[38;2;203;129;63mU[38;2;210;149;82mQ[38;2;214;159;92mO[38;2;216;163;98mZ[38;2;212;161;96mO[38;2;213;162;93mO[38;2;207;157;84mQ[38;2;205;155;83mQ[38;2;204;153;81mQ[38;2;205;154;81mQ[38;2;205;151;79mL[38;2;201;145;72mC[38;2;164;113;44mv[38;2;143;95;32mr[38;2;140;93;30mj[38;2;132;88;26mf[38;2;123;79;20m1[38;2;124;75;29mt[38;2;172;109;64mz[38;2;185;138;91mC[0m    [38;2;97;82;37m1[38;2;113;84;47mf[38;2;186;151;85mC[38;2;154;119;63mc[38;2;144;112;57mu[38;2;81;59;25m+[38;2;85;64;30m_[38;2;87;66;34m-[38;2;88;67;35m-[38;2;88;70;35m-[38;2;88;67;35m-[38;2;87;68;35m-[38;2;110;88;51mf[38;2;118;96;54mr[38;2;125;103;59mx[38;2;125;103;60mx[38;2;77;61;30m+[38;2;173;155;109mL[0m
                  [38;2;50;45;18ml[38;2;27;22;4m^[38;2;29;19;3m^[38;2;28;19;3m^[38;2;26;16;2m^[38;2;24;15;2m'[38;2;29;22;6m"[0m       [38;2;181;137;73mU[38;2;155;104;44mn[38;2;148;101;36mx[38;2;151;103;36mx[38;2;159;106;41mu[38;2;166;114;46mv[38;2;186;132;58mY[38;2;205;159;84mQ[38;2;198;155;74mL[38;2;189;151;67mJ[38;2;171;133;56mX[38;2;153;118;48mv[38;2;138;103;41mx[38;2;126;92;36mj[38;2;137;98;45mx[38;2;170;128;66mX[38;2;138;106;45mx[38;2;126;96;38mj[38;2;100;72;23m-[38;2;99;71;23m--[38;2;103;75;26m?[38;2;103;77;27m?[38;2;115;86;33mt[38;2;131;100;42mr[38;2;148;115;55mv[38;2;159;123;60mc[38;2;164;129;63mz[38;2;163;128;61mz[38;2;167;133;61mX[38;2;177;142;68mU[38;2;190;153;79mC[38;2;203;166;95m0[38;2;206;169;97mO[38;2;205;153;76mL[38;2;195;137;55mU[38;2;191;128;48mX[38;2;186;120;44mz[38;2;188;119;45mz[38;2;187;118;44mz[38;2;187;119;43mz[38;2;192;120;47mz[38;2;194;118;48mX[38;2;195;118;51mX[38;2;198;120;50mX[38;2;198;125;51mY[38;2;204;125;56mU[38;2;207;132;61mJ[38;2;207;135;63mJ[38;2;207;144;67mC[38;2;210;150;77mL[38;2;211;155;85mQ[38;2;213;160;96mO[38;2;215;163;101mZ[38;2;213;164;99mO[38;2;210;163;93mO[38;2;207;160;88m0[38;2;205;157;86mQ[38;2;205;156;86mQ[38;2;206;155;86mQ[38;2;202;150;75mL[38;2;167;114;45mv[38;2;143;96;33mr[38;2;142;95;31mr[38;2;141;92;30mj[38;2;134;83;25mf[38;2;113;69;16m-[38;2;111;64;18m-[38;2;120;74;28m1[38;2;136;89;36mj[38;2;158;101;47mu[38;2;153;99;44mn[38;2;153;102;46mn[38;2;168;120;60mz[0m [38;2;117;91;48mj[38;2;136;105;52mx[38;2;154;118;59mv[38;2;150;119;58mv[38;2;82;57;20m+[38;2;88;64;31m_[38;2;87;65;34m-[38;2;87;66;35m-[38;2;89;66;37m--[38;2;88;65;36m-[38;2;115;88;54mj[38;2;123;94;59mr[38;2;132;107;64mn[38;2;61;48;18m![38;2;160;140;91mU[0m
                  [38;2;44;35;14mI[38;2;27;22;6m"[38;2;29;21;4m"[38;2;44;32;10m;[38;2;68;50;24mi[38;2;22;13;2m'[38;2;32;21;7m"[0m       [38;2;188;144;82mC[38;2;143;94;34mr[38;2;150;94;34mr[38;2;155;97;35mx[38;2;163;105;38mu[38;2;161;105;37mn[38;2;162;111;40mu[38;2;175;126;50mz[38;2;204;157;79mQ[38;2;205;162;85mQ[38;2;203;158;82mQ[38;2;194;148;73mC[38;2;168;126;54mz[38;2;142;105;42mx[38;2;130;95;36mj[38;2;140;101;44mx[38;2;143;107;47mn[38;2;156;118;54mv[38;2;152;116;52mv[38;2;151;114;51mu[38;2;150;115;51mu[38;2;147;113;50mu[38;2;153;116;55mv[38;2;158;120;57mc[38;2;154;120;55mv[38;2;170;134;66mX[38;2;184;148;76mJ[38;2;190;156;86mL[38;2;192;159;88mQ[38;2;195;164;91mQ[38;2;200;169;97mO[38;2;205;174;104mZ[38;2;209;177;107mm[38;2;209;175;100mZ[38;2;207;159;79mQ[38;2;203;150;65mC[38;2;199;139;54mU[38;2;202;138;54mU[38;2;203;135;54mU[38;2;204;137;57mU[38;2;208;144;64mC[38;2;210;147;70mL[38;2;211;149;73mL[38;2;214;152;80mQ[38;2;214;153;82mQ[38;2;212;151;79mQ[38;2;213;151;77mQ[38;2;212;148;73mL[38;2;211;151;74mL[38;2;209;153;74mL[38;2;208;154;77mQ[38;2;208;156;83mQ[38;2;208;157;88m0[38;2;211;162;94mO[38;2;212;164;96mO[38;2;209;164;93mO[38;2;207;163;90m0[38;2;206;163;89m0[38;2;207;160;89m0[38;2;190;137;63mU[38;2;142;96;34mr[38;2;138;93;32mj[38;2;141;95;33mr[38;2;142;95;32mr[38;2;129;83;24mt[38;2;111;67;14m-[38;2;104;61;12m_[38;2;104;59;13m_[38;2;114;64;19m-[38;2;119;70;23m?[38;2;131;81;30mf[38;2;164;105;48mu[38;2;208;153;99m0[38;2;202;158;96m0[0m [38;2;127;127;63mu[38;2;120;90;47mj[38;2;180;141;80mJ[38;2;151;121;56mv[38;2;147;118;57mv[38;2;70;49;18mi[38;2;87;60;32m_[38;2;87;66;34m-[38;2;94;70;39m?[38;2;93;71;39m?[38;2;89;67;36m-[38;2;117;95;57mr[38;2;116;89;55mj[38;2;77;59;28m+[38;2;160;136;84mY[0m
                  [38;2;39;39;19mI[38;2;33;29;13m,[38;2;31;27;9m"[38;2;30;23;6m"[38;2;41;31;13m;[38;2;35;27;9m,[0m    [38;2;175;135;80mU[38;2;169;125;67mX[38;2;181;131;67mY[38;2;178;118;63mz[38;2;152;99;40mx[38;2;130;78;20mt[38;2;128;78;20m1[38;2;141;85;24mf[38;2;155;96;32mx[38;2;160;103;35mn[38;2;158;106;34mn[38;2;163;112;39mu[38;2;167;118;43mv[38;2;189;140;60mU[38;2;207;161;91m0[38;2;208;163;96mO[38;2;207;167;98mO[38;2;205;168;96mO[38;2;202;163;93m0[38;2;197;155;90mQ[38;2;191;149;84mC[38;2;177;136;68mY[38;2;173;135;65mY[38;2;172;132;64mX[38;2;172;135;63mX[38;2;177;139;66mY[38;2;181;147;69mU[38;2;189;158;82mL[38;2;192;160;87mQ[38;2;192;159;92mQ[38;2;199;167;103mO[38;2;202;170;105mZ[38;2;207;175;112mm[38;2;207;177;114mm[38;2;205;175;108mZ[38;2;203;171;100mO[38;2;204;173;96mO[38;2;207;171;95mO[38;2;210;167;89mO[38;2;206;160;77mQ[38;2;207;156;73mL[38;2;210;157;76mQ[38;2;212;158;77mQ[38;2;213;158;78mQ[38;2;213;160;79mQ[38;2;216;164;84m0[38;2;215;166;85mO[38;2;216;164;84m0[38;2;214;163;82m0[38;2;213;161;80m0[38;2;212;158;78mQ[38;2;209;157;75mQ[38;2;208;157;73mQ[38;2;205;157;70mL[38;2;205;156;74mL[38;2;207;160;82mQ[38;2;208;163;90m0[38;2;209;164;93mO[38;2;210;165;95mO[38;2;209;165;94mO[38;2;206;161;89m0[38;2;192;147;69mJ[38;2;100;69;17m-[38;2;61;38;1mI[38;2;68;42;4ml[38;2;102;67;19m-[38;2;118;79;24m1[38;2;127;84;26mt[38;2;127;84;25mt[38;2;127;81;25mt[38;2;119;75;21m1[38;2;110;64;15m-[38;2;118;64;19m?[38;2;133;75;27mt[38;2;142;84;33mj[38;2;118;67;22m?[38;2;105;61;17m_[38;2;113;71;25m?[38;2;140;91;44mr[38;2;180;120;67mX[38;2;114;91;41mf[38;2;130;103;50mx[38;2;172;138;73mY[38;2;153;120;57mv[38;2;147;119;55mv[38;2;74;56;18m~[38;2;91;65;33m-[38;2;95;72;39m?[38;2;94;72;39m?[38;2;102;78;44m1[38;2;113;91;53mj[38;2;69;54;23mi[38;2;166;143;92mJ[38;2;165;140;89mU[0m
                           [38;2;201;156;102m0[38;2;200;141;78mC[38;2;174;116;45mc[38;2;167;114;41mv[38;2;151;96;30mr[38;2;140;86;24mf[38;2;143;85;24mj[38;2;140;83;22mf[38;2;134;80;20mt[38;2;138;82;22mf[38;2;148;92;29mr[38;2;151;98;31mx[38;2;152;100;33mx[38;2;145;100;33mr[38;2;135;93;33mj[38;2;144;101;38mx[38;2;183;135;66mU[38;2;206;165;102mO[38;2;208;170;106mZ[38;2;207;168;106mZ[38;2;207;169;107mZ[38;2;206;167;108mZ[38;2;206;169;108mZ[38;2;200;165;99m0[38;2;198;163;94m0[38;2;200;164;97m0[38;2;201;166;99mO[38;2;203;168;100mO[38;2;203;174;103mZ[38;2;206;176;110mm[38;2;207;174;114mm[38;2;205;173;111mZ[38;2;208;177;117mm[38;2;210;181;122mw[38;2;211;180;120mw[38;2;212;181;118mw[38;2;209;178;109mm[38;2;208;176;103mZ[38;2;209;175;101mZ[38;2;211;174;97mZ[38;2;213;174;96mZ[38;2;215;173;94mZ[38;2;218;174;94mZ[38;2;218;174;93mZ[38;2;218;172;92mZ[38;2;218;168;91mZ[38;2;216;169;90mO[38;2;215;168;87mO[38;2;215;164;86mO[38;2;216;164;85mO[38;2;211;159;80mQ[38;2;208;155;74mL[38;2;205;154;71mL[38;2;204;156;71mL[38;2;204;158;74mL[38;2;205;158;79mQ[38;2;209;159;90m0[38;2;209;162;95mO[38;2;208;160;90m0[38;2;204;162;89m0[38;2;192;145;67mJ[38;2;170;127;42mc[0m     [38;2;127;85;25mt[38;2;118;83;29mt[38;2;94;62;16m+[38;2;115;73;21m?[38;2;138;93;34mj[38;2;139;90;34mj[38;2;105;59;16m_[38;2;93;52;12m~[38;2;120;73;24m1[38;2;142;88;36mj[38;2;178;117;59mz[38;2;202;150;91mQ[38;2;156;98;39mx[0m  [38;2;127;101;51mx[38;2;132;104;58mn[38;2;167;140;70mY[38;2;148;119;51mv[38;2;142;115;53mu[38;2;78;60;24m+[38;2;90;71;35m-[38;2;92;67;34m-[38;2;110;86;48mf[38;2;69;54;23mi[38;2;155;137;85mY[38;2;161;150;95mJ[0m
                         [38;2;170;170;85mC[38;2;172;138;71mY[38;2;163;121;55mc[38;2;157;107;44mu[38;2;155;101;40mn[38;2;161;105;38mn[38;2;172;109;41mv[38;2;158;98;33mx[38;2;157;93;31mx[38;2;158;92;32mx[38;2;160;95;34mx[38;2;157;93;34mx[38;2;148;89;30mr[38;2;129;79;23mt[38;2;125;78;24m1[38;2;88;55;12m~[38;2;64;36;4mI[38;2;64;36;3mI[38;2;86;53;14m~[38;2;110;73;26m?[38;2;141;101;43mx[38;2;189;145;74mJ[38;2;204;165;102mO[38;2;209;172;111mm[38;2;207;170;109mZ[38;2;205;171;105mZ[38;2;206;172;106mZ[38;2;206;170;105mZ[38;2;206;173;108mZ[38;2;208;171;109mZ[38;2;208;175;110mm[38;2;209;177;113mm[38;2;211;176;117mw[38;2;211;179;119mw[38;2;211;180;120mw[38;2;212;181;121mw[38;2;212;179;120mw[38;2;214;180;119mw[38;2;216;181;119mw[38;2;216;182;116mw[38;2;215;183;112mw[38;2;214;181;107mm[38;2;215;182;106mm[38;2;212;177;99mZ[38;2;212;178;99mZ[38;2;212;178;98mZ[38;2;214;176;95mZ[38;2;213;173;96mZ[38;2;211;168;87mO[38;2;211;166;84m0[38;2;210;161;82m0[38;2;204;154;72mL[38;2;202;153;73mL[38;2;201;153;74mL[38;2;201;156;76mL[38;2;201;158;77mL[38;2;203;162;83mQ[38;2;203;160;84mQ[38;2;198;157;82mL[38;2;189;147;69mJ[38;2;182;145;72mJ[0m            [38;2;153;117;52mv[38;2;157;120;53mv[38;2;207;159;79mQ[38;2;204;153;102m0[0m [38;2;153;102;51mu[0m      [38;2;126;96;52mr[38;2;130;104;52mx[38;2;167;136;70mY[38;2;147;116;55mv[38;2;145;111;53mu[38;2;80;59;19m~[38;2;81;65;26m+[38;2;71;54;21mi[38;2;148;123;72mc[38;2;165;143;93mJ[0m
                        [38;2;170;141;84mU[38;2;158;131;57mz[38;2;190;156;74mC[38;2;172;137;55mX[0m [38;2;226;177;121mq[38;2;201;137;64mJ[38;2;166;110;40mu[38;2;164;104;39mu[38;2;142;87;25mj[38;2;138;76;24mt[38;2;146;80;31mj[38;2;173;109;45mv[38;2;177;114;50mc[38;2;152;98;41mx[38;2;167;109;50mv[38;2;186;126;69mY[38;2;196;137;58mU[0m        [38;2;199;165;96m0[38;2;191;152;84mL[38;2;198;163;94m0[38;2;198;161;93mQ[38;2;202;165;99mO[38;2;203;167;104mO[38;2;203;169;105mZ[38;2;208;172;112mmm[38;2;209;175;112mm[38;2;212;179;117mw[38;2;212;181;121mw[38;2;213;177;119mw[38;2;213;178;117mw[38;2;213;178;112mm[38;2;211;176;108mm[38;2;210;177;104mZZ[38;2;209;176;100mZ[38;2;210;177;100mZ[38;2;206;171;94mO[38;2;204;165;85m0[38;2;206;159;85mQ[38;2;198;152;75mC[38;2;196;148;70mC[38;2;198;144;67mJ[38;2;197;149;72mC[38;2;193;147;68mJ[38;2;188;140;59mU[38;2;194;153;69mC[38;2;191;148;63mJ[0m                              [38;2;144;113;62mv[38;2;124;93;47mj[38;2;170;136;72mY[38;2;146;118;54mv[38;2;144;118;50mu[38;2;133;106;44mx[38;2;142;106;51mn[38;2;149;125;68mc[0m
                             [38;2;182;145;109mL[38;2;193;134;76mJ[38;2;186;128;61mY[38;2;204;147;85mL[0m    [38;2;196;148;88mL[38;2;189;130;73mU[38;2;192;146;81mC[0m                 [38;2;183;143;71mU[38;2;183;143;73mJ[38;2;192;154;88mL[38;2;190;152;83mC[38;2;195;155;84mL[38;2;194;152;87mL[38;2;193;149;83mC[38;2;193;152;84mL[38;2;187;152;79mC[38;2;187;159;79mC[38;2;185;155;74mC[38;2;185;155;73mC[38;2;188;150;70mJ[38;2;185;145;63mU[38;2;171;132;58mX[38;2;170;130;58mz[0m                                        [38;2;110;86;41mt[38;2;147;115;62mv[38;2;156;123;63mc[38;2;145;112;57mu[38;2;171;137;78mU[0m
                              [38;2;223;194;153mk[38;2;211;174;131mw[0m      [38;2;230;211;169ma[38;2;227;205;164mh[0m                                                                          [38;2;87;71;23m_[38;2;148;113;56mu[0m

----------------------------------------------------------------------------------------------------------------------
                                                  Congratulations!                						             
                                           You have passed all patterns!          						             
                                             Your total cycle:     5405 !                                                          
                                           Your total latency:  24322.5 NS!                                                          
----------------------------------------------------------------------------------------------------------------------
$finish called from file "PATTERN.sv", line 35.
$finish at simulation time             24396750
           V C S   S i m u l a t i o n   R e p o r t 
Time: 24396750 ps
CPU Time:      0.640 seconds;       Data structure size:   0.0Mb
Tue May 19 10:36:41 2026
CPU time: .624 seconds to compile + .466 seconds to elab + .403 seconds to link + .684 seconds in simulation
